1,windowgirl.com
2,black-booty.free-black-sex-pictures.com
3,photoweb.net
4,boobyshare.net
5,nylonknots.com
6,somethingsexyplanet.com
7,tennonline.com
8,mastasia.com
9,bitchyjones.wordpress.com
10,snowballingsex.com
11,chippendales.com
12,luckymojo.com
13,hogtied.com
14,sunshinenudistclub.com
15,ariagiovanni.com
16,chubbyloving.com
17,womanworship.co.uk
18,boyfun.com
19,ultimate-fetishes.com
20,cams247.com
21,ginalynn.com
22,hottlead.com
23,naughtyopath.blogspot.com
24,xxxratedonline.com
25,amateurboyslive.com
26,pregnantwench.com
27,futilestruggles.com
28,tiffanymynx.comminkaxxx.com
29,teleteria.net
30,aussiesexposed.com
31,panix.com
32,adultfinder.com.au
33,seacouver.slashcity.net
34,dubberley.com
35,bottomsmarts.blogspot.com
36,datinggold.com
37,afriboy.com
38,leather-lace.com
39,cuddlz.com
40,eurobeauty.net
41,ofarrell.com
42,sexstoriespost.com
43,asianteens.adultbouncer.com
44,busty-toons.com
45,crossdressingsissy.com
46,latin-pussy.teen-hardcore-sex-pics.com
47,page3.com
48,rebeccalord.com
49,wasteland.com
50,arantza.info
51,reluctantpress.com
52,swingersunderground.com
53,malespank.net
54,adultdvdmarketplace.com
55,redhotpie.com.au
56,tradingpostinn.com
57,womanthouartgod.com
58,amazonsoul.com
59,xrentdvd.com
60,assmadness.com
61,transladyboy.com
62,paingate.com
63,femdomblogs.com
64,eros.org.au
65,pregnantcoeds.com
66,corporalpunishments.com
67,asianheats.com
68,qstart.com
69,community.livejournal.com
70,davidm.com
71,poop-pics.com
72,sexy-toons.org
73,harry-potter-nude.com
74,rabbitsreviews.com
75,upcomics.org
76,baiting.org
77,eveknows.com
78,asianteen.net
79,jenna-jameson.datingpersonalsweb.com
80,black-sex.hardcoresex-pictures.com
81,hairyman.1nicebod.net
82,amateurcool.com
83,southern-charms.com
84,paddlesnyc.com
85,intexxxhib.com
86,agalleryofnudes.com
87,libchrist.com
88,dvice.co.nz
89,fucktonight.co.uk
90,lushboobs.com
91,amateursmut.com
92,wickedtickles.co.uk
93,teenpornstars.net
94,amateur-porn.adultsex-pictures.com
95,vcx.com
96,www2.cleanadulthost.com
97,michaelsalem.com
98,dphentai.com
99,angel-elite-escort.com
100,erostranssexuals.com
101,kikowu.com
102,youporn.com
103,chessiemoore.com
104,rogminotaur.com
105,phoneflirts.com
106,ineedescort.co.uk
107,koshe-art.info
108,lavendercabaret.com
109,sex-lexis.com
110,pantyhose1.com
111,amateurebony.com
112,escorts-canada.com
113,goddesserotica.com
114,castlesupplys.com
115,silvia-saint.netrockettube.com
116,tblop.com
117,padacia.blogspot.com
118,cartoonville.net
119,dudesnude.com
120,dawnmariesdream.com
121,pornstories.com
122,smokesigs.com
123,britishsexcontacts.com
124,dollhouse-agogo.com
125,royaltyescorts.com.au
126,bigbreastarchive.com
127,bedaring.com.au
128,toons.freesexycomics.com
129,abbydreams.com
130,darklady.com
131,fetishdreams.com
132,clonezonedirect.co.uk
133,freejanine.com
134,dariancaine.com
135,thelivesex.com
136,stiletto.net.au
137,americansexonline.comvanessamontagne.com
138,naked-latina-girls.com
139,javmodel.com
140,missioncreep.com
141,weathervain.com
142,allexperts.com
143,latexdivas.com
144,fetishcontacts.com
145,xxxcheerleaders.com
146,cartoonvalley.com
147,michelle7.com
148,bellaslist.com
149,fetishbank.net
150,avn.com
151,pepsaga.com
152,erotic-foreplay.com
153,bestvibes.ca
154,tgcaptions.co.uk
155,clitorispictures.com
156,womenserotica.info
157,adulttriplexcard.com
158,eroxia.com
159,anzwers.net
160,sextoy-wholesale.net
161,cuckoldvideoclips.com
162,www10.kinghost.com
163,naughtynightlife.com
164,cutestteens.net
165,koalaswim.com
166,roccosiffredi.com
167,tram-pararam.com
168,wholesale-sex-toys.co.uk
169,eunuch.org
170,disney-x.com
171,manicjane.com
172,lolaescort.com
173,cams.com
174,dollforum.com
175,icon.co.za
176,nartopia.com
177,dangerouscurvesclub.com
178,eroticasearch.net
179,young-filipina.com
180,humiliatrix.com
181,girlnextdoormag.com
182,babylonbangkok.com
183,alpha-cow.com
184,voyeurbrazil.com
185,amateurmasturbation.com
186,nude-in-public.com
187,chastitytube.com
188,scarlettcontent.net
189,hentainsfw.com
190,lorenzosperlonga.com
191,spankingonline.com
192,themissionboutique.com
193,polarphoto.com
194,sapphicerotica.com
195,niteflirt.compremiumratetelecom.com
196,edenfantasys.com
197,asherasarchive.com
198,jeffsmusclestudio.com
199,very-koi.netbrianspage.com
200,eurorevenue.com
201,boundandgagged.com
202,naughtyraylene.com
203,pantieupskirt.compornfolders.com
204,camwithhim.com
205,bedroombondage.com
206,datingservicesite.com
207,mea-culpa.com
208,topsecretescorts.co.uk
209,chrisachilleos.co.uk
210,hentai-top100.com
211,domina.ms
212,skullgame.com
213,pawn.smackjeeves.com
214,lost.art.br
215,lovedreamer.com
216,123adultpersonals.com
217,kl-angelescorts.com
218,footfetish-footfetish.com
219,women-scat.com
220,endeneu.com
221,societysm.com
222,pornnewsdaily.com
223,pornstarentertainment.com
224,understories.com
225,asiancream.com
226,barelyevil.com
227,pitbull-x.com
228,popporn.com
229,michaelberkowitz.com
230,howtohavegoodsex.com
231,lady-sonia.com
232,oneopinionatedbitch.com
233,newagerevenue.com
234,vanillaedge.wordpress.com
235,furriesxtreme.org
236,philipmalpass.com
237,drubskin.com
238,carnalart.com
239,filthfreaks.com
240,westcoastgangbangs.commardigrasbalcony.com
241,exoticatravel.com
242,swinglifestyle.com
243,chillygirls.com
244,g-collections.com
245,statsremote.com
246,solomonsrefuge.com
247,atkol.com
248,hotkoreangirls.com
249,pamelapeaks.com
250,nude-people.net
251,nudemen.com
252,rachelshaven.com
253,fattergirls.com
254,catfight.com
255,creamlog.org
256,asian-bar-girls.com
257,sarennasworld.com
258,pimpbull.com
259,spookycash.comadultlabs.com
260,weirdpicturearchive.com
261,j-escorts.co.uk
262,drako.funurl.com
263,ticklingparadise.com
264,beefyfrat.com
265,shit-top.com
266,xtrasex.com
267,girlsandboys.50megs.com
268,binarymooncomic.com
269,eastboys.com
270,blackvaginafinder.com
271,xxx-black-porn.com
272,crazyhorse-sf.com
273,darksilver.wereanimal.net
274,spicygirls.org
275,rogreviews.com
276,limitedaudience.com
277,ultra-pornstars.com
278,sex-stories.net
279,funpartiesinc.com
280,jabcomix.com
281,bedlamboy.comicgenesis.com
282,usbikerparties.com
283,teasecomix.com
284,starshipmoonhawk.com
285,blackpussypie.com
286,bdsmstreak.com
287,nakedtube.com
288,phonesexyellowpages.com
289,38dds.com
290,marilith.comsexacartoon.com
291,strictwomen.com
292,3dpmr.com
293,blowbuddies.com
294,collarncuffs.blogspot.com
295,tagame.org
296,gaypaintings.com
297,lezpic.com
298,nakedsportsmen.com
299,pornextasy.com
300,bondagepictures.com
301,vanbrustum.be
302,real-thick-sistas.com
303,mchristian.com
304,indiansexstories.net
305,amateurshomepage.com
306,groupsexstories.com
307,tgfiction.net
308,femdom-tube.com
309,interracial-sex.black-hardcore-sex-pics.com
310,blackpussylovers.com
311,honour.co.uk
312,lescandal.com
313,bambinodiapers.com
314,photomoney.comhqlinks.net
315,legaction.com
316,sexinart.net
317,collarspace.com
318,finaldraft.comicgenesis.com
319,dodsonandross.com
320,groupsex.bondagefotos.com
321,escortsmania.com
322,themermaid.co.nz
323,4aday.com
324,eveangel.com
325,t-cartoons.com
326,asianlolitas.net
327,kim-porn-possible.com
328,stories-hardcore.com
329,teentiger.com
330,mood-pictures.com
331,bigandperfect.com
332,literotica.com
333,smpixie.com
334,kinseyinstitute.orgnakedworld.com
335,peplove.com
336,altplayground.net
337,superchubs.com
338,anal-sex.xxxanalpictures.com
339,vixine.com
340,real-femdom.com
341,blacktease.com
342,rsf-pix.com
343,punterpress.com
344,swingingheaven.co.uk
345,hardcoregossip.com
346,trampararamhentai.com
347,famouscomics.adultcase.com
348,sexymisslizz.com
349,eckie.com
350,asses2die4.com
351,adultlinkexchange.com
352,chloeenterprises.com
353,demian5.com
354,drunkcyclist.com
355,sofurry.com
356,erotica.fictionfactor.com
357,pinkclitty.com
358,gayromeo.com
359,lustylady.blogspot.com
360,darkbraincomics.com
361,laughingstar.com
362,femaledom.com
363,futureclassx.com
364,ajlondonescorts.co.uk
365,zumayapublications.com
366,cfnmparty.co.uk
367,asstr.org
368,jlist.com
369,allstarass.com
370,3pornstarmovies.com
371,sperm-rain.com
372,likemynudebody.com
373,chasteerotica.blogspot.com
374,vixenshoes.com
375,upskirt.nakedcameras.com
376,us.vclart.net
377,meetandmate.com
378,sexcartoontube.com
379,utopia-asia.com
380,cheshirecompanions.com
381,thespankinglibrary.org
382,collegeporn.com
383,greatshift.blogspot.com
384,helenaantonaccio.com
385,clubsissy.com
386,xl-toons.com
387,pussycatranch.com
388,secretleather.com
389,brittanyandrews.com
390,sexstories-group.com
391,onion-booty.com
392,toonsexlinks.com
393,acemassage.netfetishhouse.com.au
394,thevalkyrie.com
395,leather-slave.comteenpornstars.net
396,tiny-tits.bigtits-pics.com
397,erosgallery.net
398,suicidegirls.com
399,dropship247.com.au
400,videobox.com
401,justicehoward.com
402,dawnsplace.com
403,doity-rats-furry-hentai.tumblr.com
404,asahi-net.or.jp
405,oralsexo.com
406,eliseerotic.com
407,ratemypoo.com
408,zealousgears.com
409,sybian.com
410,small-teen-tits.com
411,bigmuscle.com
412,comeindustrial.com
413,tentaclehentaiporn.com
414,truemalecelebs.com
415,sin20.com
416,bbwpleasuredome.com
417,mmsites.com
418,ameanet.org
419,black-girls.blackgirlspussy.com
420,girlswithglasses.com
421,coupleslust.com
422,cliphunter.com
423,anastasiablue.com
424,azianigold.com
425,porn-star.com
426,bushdvd.com
427,medicaltoys.com
428,manjam.com
429,susiebright.blogs.com
430,spanishass.com
431,furafterdark.com
432,michellesescorts.com
433,ratexpics.com
434,saxon-web.co.uk
435,freeshitthumbs.com
436,allboymag.com
437,assfantasy.com
438,clubx.com.au
439,dascha.com
440,deadginny.com
441,ansereg.comminkaxxx.com
442,youtube.com
443,slaveregister.com
444,escortplatinum.com
445,sexstories-kinky.com
446,wtfpeople.com
447,avslinx.com
448,women-spanking-men.com
449,oglaf.com
450,suze.net
451,tgp.glamourmodelsgonebad.com
452,adultsdating.com
453,tomoffinlandfoundation.org
454,kylieireland.com
455,boysfirsttime.com
456,bestscatsites.com
457,fetishwear-uk.co.uksexshop365.co.uk
458,sexo-gratis.anal-hardcore-sex-pics.com
459,sexybabesluts.com
460,billywildhack.com
461,pornokrates.com
462,smokingstories.net
463,supermegatopia.com
464,peachesandcream.co.nz
465,sex-fat.com
466,goreanaxiom.xanga.com
467,seska.com
468,adultemart.com
469,locusnovus.com
470,realhamster.com
471,laurenafton.com
472,jastusa.com
473,flash-in-public.com
474,oral-cumshot.com
475,lesbomap.com
476,rotten.com
477,nicebod.net
478,datemall.com
479,bearmkt.comdarkerotica.blogspot.com
480,tastytrixie.com
481,candygirlvideo.com
482,members.tripod.com
483,pavelphoto.com
484,dziewczynadnia.pl
485,xvideos.com
486,wickedweasel.com
487,somethingawful.com
488,blackporn.blackanalsex.com
489,ravenhillstudios.com
490,foxxylicious.co.uk
491,mollycrabapple.livejournal.com
492,crime-scene-photos.com
493,dcwired.com
494,gayporno.com
495,ricfrane.com
496,cliterati.co.uk
497,selectanescort.com
498,xshare.com
499,christiesroom.com
500,jbvideo.com
501,adisc.org
502,abdreams.co.uk
503,compu-diva.com
504,ansereg.comeeplaza.com
505,erestraint.com
506,nerve.com
507,lezlovevideo.com
508,ectomorph.com
509,musclefan.net
510,simplypleasure.com
511,bond-adventures.com
512,bigdoggie.net
513,webcams.com
514,mcstories.com
515,grainbeltnews.com
516,exstasia.com
517,exclamation-absolutely-free-adult-erotic-xxx-sex-porn-stories.com
518,www9.kinghost.com
519,hoehoehoe.net
520,sunnyleone.com
521,straponfuckers.com
522,expectations.co.uk
523,darthporno.com
524,newgrounds.com
525,coverdoll.com
526,bedfellow.com
527,sextvx.com
528,al4a.com
529,gaytimes.co.uk
530,hootisland.com
531,pronquest.com
532,loxieandzoot.comicgenesis.com
533,worldsporn.com
534,efappy.com
535,babylongirls.co.uk
536,scottss.com
537,assstation.comteenpornstars.net
538,mninter.net
539,blacksexdreams.com
540,jodivine.com
541,worldarterotica.comalleybaggett.net
542,tonybatman.com
543,houseofgord.com
544,goodcomix.tk
545,recon.com
546,drawn-hentai.com
547,eroszona.com
548,sliptongue.com
549,dicksdicksdicks.com
550,wrestlemen.com
551,myfreesexstore.com
552,liberator.com
553,cartoonsporno.netangelfire.com
554,darkerotica.net
555,jayspix.com
556,tootimidathome.com
557,loverslane.com
558,e-friendfinder.com
559,nudevista.com
560,swedishcrutch.com
561,asiandaily.com
562,goldclubsf.com
563,artbyminoru.com
564,girlsfuckinghard.com
565,tommyhawksfantasyworld.com
566,thepinupfiles.com
567,eugeniadiordiychuk.com
568,naked-black-women.black-pussy-sex.com
569,xfanz.comforumrejects.com
570,jazminzlick.com
571,teenz.to
572,jbart.chez-alice.fr
573,avnlive.avn.com
574,iafd.comboundstories.net
575,amibearornot.com
576,ebaumsworld.com
577,rawdataserver.com
578,allgirlparty.com
579,enchantae.comhotsexycosplay.com
580,chainmail.com
581,spacash.com
582,fantasyfeeder.com
583,commonastherain.com
584,fanny-hill.net
585,lukeisback.com
586,femaleauthority.blogspot.com
587,ass-shots.com
588,ourdollcommunity.com
589,velvetmag.com
590,furnitureporn.com
591,kamat.com
592,purpledreams.ca
593,thegoldenapple.com.au
594,cocoon1.com
595,triptpolers.houseoftucker.com
596,analsexyes.com
597,scoregroup.com
598,marcdebauch.com
599,asian-man.com
600,myvag.net
601,emlalock.com
602,keywestflashers.com
603,worldsexguide.org
604,asianscreens.com
605,3rd-art.com
606,masturbationpage.com
607,comeasyouare.com
608,rubberpal.com
609,cross-dress.com
610,jumbos.com
611,tthfanfic.org
612,varazdin.com
613,curvedfx.com
614,angelsoflondon.com
615,imrl.com
616,glamourboutique.com
617,industrythirteen.com
618,yoniversum.nl
619,linkshit.com
620,buttcrazy.com
621,photographybythomasmitchell.com
622,cleopatra.sexyliaisons.com
623,titanatelier.com
624,hentaikitty.com
625,pander.comicgenesis.com
626,https:
627,shannamccullough.com
628,jpfreeporn.com
629,hankypanky.ca
630,jadedvideo.com
631,tantrumtrainers.com
632,nometro.com
633,all-gay-video.com
634,rateourgirls.com
635,allassaction.com
636,black-woman.net
637,mindspring.com
638,utopiastories.com
639,hotboots.com
640,cityvibe.com
641,cathyscraving.com
642,domsubfriends.com
643,mamohanraj.com
644,nightcharm.com
645,virtualsexspy.com
646,bedtimebunnies.com
647,pregnantfotos.com
648,mikesouth.com
649,rdrop.com
650,thaimistress.net
651,lesbian-sex.outdoor-sex.com
652,cuckold-chastity-belt-stories.com
653,tgcaps.com
654,longbucks.com
655,wwwthedevilsdandruff.blogspot.com
656,latinafever.com
657,cybernetdigital.com
658,sexstory-1.com
659,1stsexstories.com
660,wj-porn.com
661,kobetai.com
662,excessant.com
663,daddylittlegirl.tribe.net
664,boyfetish.com
665,bdsmlibrary.com
666,hereverydesire.com
667,lolitasbangkok.com
668,xbiz.com
669,thealphagate.com
670,hothouse.com
671,black-sex.gangbang-pictures.com
672,terapatrick.com
673,zwaik.tripod.com
674,very-koi.net
675,syren.com
676,priape.com
677,tgp.89.com
678,nudelingeriemodels.com
679,ashleyrenee.com
680,allaboutspike.com
681,pixies-place.com
682,bettieville.com
683,blottostreet.comicgenesis.com
684,soft-tits.com
685,tlavideo.com
686,patrickfillion.com
687,wronghand.com
688,dcup.com
689,escortsselection.com
690,imlive.com
691,fetishjudge.com
692,belamionline.com
693,gaymeeting.com
694,ladyboytube.com
695,nymmedia.com
696,cartoon-sex.com
697,sexxymofo.com
698,drawn-sex.info
699,fetters.co.uk
700,bombshells.com.au
701,kaylakleevage.com
702,beastforum.com
703,anal-sex-position.com
704,aaronlawrence.com
705,garvgraphx.com
706,clubnikkinova.com
707,ebony-sex-porn.com
708,torturegarden.com
709,turanga-pages.com
710,besteroticstories.com
711,payserve.com
712,xxx-interracial-pics.com
713,mistressadira.com
714,phonesexcentral.com
715,amateur-interracial-sex.com
716,voyeurweb.com
717,taboostories.com
718,somethingpositive.net
719,tgmangas.free.fr
720,sexclub.co.uk
721,trapezeclub.com
722,pantyhosehunter.com
723,boundforum.com
724,anchamassage.com
725,sex-energy.com
726,bobbieroxxs.com
727,tranzagals.com
728,sexy-spy.com
729,ilove-movies.com
730,users.belgacom.net
731,archivehentai.com
732,nosafewordwritersgroup.org
733,goodvibes.com
734,swingvillage.com
735,fetlife.com
736,giantdildosex.com
737,tgcomics.com
738,fatalemedia.com
739,toons.adult-collections.com
740,blackbigcocks.com
741,mensasia.com
742,dailydosage.com
743,asianthumbs.org
744,candygirlcash.com
745,miamivelvet.com
746,pixel-game-porn.tumblr.com
747,cartoonza.com
748,34u.co.uk
749,spanishflypussy.com
750,teentop.com
751,cartoonsexx.net
752,saudek.com
753,us.imdb.com
754,teriweigel.com
755,inthecrack.com
756,joerogan.net
757,eroticstoryvault.comsapphireplace.com
758,auxxxreviews.com
759,aebn.net
760,downonmyknees.com
761,pornvideowasp.com
762,stripperweb.com
763,cunt.black-pussy-photos.com
764,nakedasiancuties.com
765,phoneencounters.com
766,inkdolls.com
767,gay-comics.net
768,perecolom.com
769,haro-online.com
770,sexybigcocks.com
771,transinfinity.commilomanara.com
772,hentai-cartoon-porn.org
773,jeanswing.com
774,sexylosers.com
775,jokeroo.com
776,bodyrotic.com.au
777,afriboyz.com
778,americandamsels.com
779,pornstars-revue.com
780,thebitchgoddess.blogdrive.com
781,nyllover.com
782,uberkinky.co.uk
783,misterb.com
784,surpriseparties.com
785,nextglobalcrisis.com
786,happyhentai.com
787,bear-licious.com
788,naked-men-for-women.com
789,jsexnetwork.com
790,topbucks.com
791,amateur-innocents.com
792,groups.yahoo.com
793,panties.com
794,atkexotics.com
795,sylviasupersite.adult.directnic.com
796,suicide.couk.com
797,occash.com
798,cartoonsmaster.com
799,ebonyjoy.com
800,rude.com
801,holzknecht.at
802,adultstorycorner.com
803,gaytoday.badpuppy.com
804,karadavis.com
805,lesbian-pornography-pics.com
806,capturedguys.com
807,seka.com
808,vanessadelrio.com
809,shokushu.com
810,yafgc.net
811,travelsexguide.tv
812,hornyasian.com
813,hentai-foundry.com
814,webmasters.asiamoviepass.com
815,menthunder.com
816,outdoor-babes.com
817,exmasters.com
818,nakednews.com
819,whythailand.net
820,ideal-babe.com
821,cum2oasis.com
822,toonpornpalace.com
823,rogminotaur.wereanimal.net
824,marbella-escort.com
825,transplantedlife.comgaypornblog.com
826,nannagibson.com
827,sextutor.com
828,fetishnation.com
829,hardcore.pornparks.com
830,celebrityfool.com
831,flirt4free.com
832,thexxxarchive.com
833,all-nylon.com
834,jenniferhunterconsulting.com
835,gay-cartoon.adult-collections.com
836,phonemadame.blogspot.com
837,wetdita.com
838,hot-candy.com
839,mysexprofessor.com
840,black-tits.free-black-sex-pictures.com
841,black.anal-sex-free-pictures.com
842,lovetoys.adult.directnic.com
843,gaytoon-japan.com
844,afwaddell.com
845,mrskin.com
846,dick-slips.com
847,lindalevy.com
848,passionshop.com
849,just18.com
850,sexmoviespost.com
851,dita.net
852,stocking-mania.com
853,adultdvdtalk.com
854,imagostudios.com
855,cybersexads.com
856,martinryter.com
857,pornhome.com
858,moonangel.com
859,electrastim.com
860,jabarchives.com
861,crazyacefakes.com
862,freepornonly.com
863,femal.adult.directnic.com
864,gingerlynn.com
865,spankwire.com
866,myfirsttime.commysticmuse.net
867,welcome.pornforwomen.net
868,link-o-rama.com
869,onelifetaketwo.blogspot.com
870,adultmastercash.com
871,escort.cz
872,club121.com.au
873,ejhs.org
874,asian-pornos.com
875,icemanblue.com
876,femalecelebrities.com
877,paragonvideo.com
878,boysfood.com
879,blacksonblondes.com
880,lightworship.com
881,lepenthousesuite.com.au
882,alt-sex-stories.com
883,lezbijke.com
884,adam4adam.com
885,mistresstroy.com
886,smittenkittenonline.com
887,slavefarm.com
888,fling.com
889,nakedmen-nudemen.com
890,spearmintrhino.com
891,rateamateurs.com
892,czechboys.com
893,pantyhoseline.com
894,voyeurpants.com
895,robertquill.com
896,openadultdirectory.com
897,a24-7pornsite.comceleb-nudity.com
898,adultpersonals.com
899,thatmall.com
900,asubmissivesjourney.com
901,baroness.com
902,mtjpub.com
903,akiralane.com
904,worldsex.com
905,ooze.com
906,assm.asstr.org
907,feetcatalog.com
908,hotwife.com
909,askmen.com
910,adultfreesex.com
911,hot-collection.co.uk
912,killsometime.com
913,sexstoryx.com
914,redwombatstudio.com
915,black-sex-bitches.com
916,dutchhutch.com
917,outdoor-sex.com
918,tittyvista.com
919,fatblackpussypics.com
920,xxxfuckstories.com
921,queertransmen.org
922,malecenterfolds.net
923,robclarke.net
924,badboybillysboulevard.com
925,jimgalante.com
926,booble.com
927,pregnantpornopictures.com
928,destinyandherpetchance.blogspot.com
929,sex-kitten.net
930,annisbondage.com
931,selectcompanyescorts.com
932,eroticstories.com
933,odloty.pl
934,free-hardcore-sex-pictures.net
935,escortschicago.com
936,cartoonsporn.net
937,thenewyorkburlesquefestival.com
938,sextoys.co.uk
939,mycuteasian.com
940,thrixxxcash.com
941,pabo.com
942,fetishbucks.com
943,foxxfire.com
944,crossdresscomics.com
945,asoke.org
946,hotxxxpornsites.comdirkhooper.com
947,bikinivoyeur.com
948,badfaggot.livejournal.com
949,cinemacult.com
950,lezlove.com
951,peepholecam.com
952,babes6.com
953,shipinbottle.pepsaga.com
954,loving-couples.com
955,audiosex.com
956,sexynakedmen.com
957,loveyourvagina.tribe.net
958,lesbians.dikepics.com
959,adultcrowd.com
960,gloryholecity.com
961,scatbookmarks.com
962,danl.50megs.com
963,hongkong.worldsexarchives.com
964,communityzero.com
965,freeones.com
966,homemadeuncensored.com
967,asian-sluts.net
968,99eroticstories.com
969,2001photo.com
970,adultloveline.com
971,cutepet.org
972,rope-bondage.com
973,encyclopediadramatica.se
974,younghunks.com
975,sexintheuk.com
976,cadinot.fr
977,wildcollegegirls.com
978,19nineteen.com
979,scat-eaters.com
980,sexcomics.cc
981,biblesexstories.com
982,highheels.com.au
983,girlsandnylons.com
984,dickandchick.blogspot.com
985,planetvoyeur.com
986,sirrodney.com
987,free-nude-model.com
988,christinewarren.net
989,girlskissing.co.uk
990,booklocker.com
991,wetdreamstories.com
992,cake-party.com
993,sqzm14.ust.hk
994,qualityofcourse.com
995,bgeast.com
996,asiannudes.com
997,escortkl.net
998,webring.org
999,anime-hentai.org
1000,crossdressing-stories.com
1001,footbuddies.com
1002,simpsonspornparody.net
1003,kitnkayboodle.comicgenesis.com
1004,cybercomm.nl
1005,sexsites4women.com
1006,hossli.com
1007,telefetish.com
1008,squirt.org
1009,peacockblue.com
1010,tod-hunter.net
1011,hotphoneseductions.com
1012,davidbussell.com
1013,massageplaces.com
1014,wickedwives.co.uk
1015,mensclub.com
1016,wifelovers.com
1017,assresort.com
1018,nicennaughty.co.uk
1019,upskirts.outdoor-sex.com
1020,forcedfemdom.com
1021,big-dick-men.com
1022,desdmona.com
1023,sexsupport.org
1024,dazereader.com
1025,menonthenet.com
1026,sextoyspro.com
1027,wb270.com
1028,northbound.com
1029,videosexarchive.com
1030,darkperfection.com
1031,confidentialclub.com.au
1032,pornusers.comadultlabs.com
1033,soniadane.com
1034,leadunderground.net
1035,aventertainments.com
1036,liquored-up.com
1037,pornteam.comwell.com
1038,iomfats.org
1039,myfemalesexuality.com
1040,newzealandgirls.co.nz
1041,adultwholesaledirect.com
1042,blowjobxxx.adult.directnic.com
1043,silvercash.com
1044,webcamclub.com
1045,seriousmistresses.com
1046,lovehoney.co.uk
1047,thegaylist.com
1048,gaydreamdvd.com
1049,spicymatch.com
1050,top-shitting.com
1051,cuteybunny.com
1052,pantyhosestockings.com
1053,redpersonals.com
1054,sexspy-amateurs.com
1055,lovings.com
1056,unsound.com
1057,salon.com
1058,strokesforme.com
1059,interracial-fuck-porn.com
1060,racqueldarrian.com
1061,spankingcollege.com
1062,allme.com
1063,exclusivecompanylondonescorts.com
1064,livejournal.com
1065,kohtathesamurai.com
1066,celebritymorgue.com
1067,theredzone.com
1068,a24-7pornsite.com
1069,kirtu.com
1070,wickedtemptations.com
1071,socialswinging.com
1072,marccollins.com
1073,jag.hyperchat.com
1074,squidge.org
1075,kinkyconsumer.com
1076,serious-cash.com
1077,legacyweb.com
1078,modelstied.com
1079,bootlust.com
1080,louislasalle.com
1081,ma3comic.com
1082,homemade-sex-toys.com
1083,japandreams.com
1084,celebrityflash.com
1085,chiseledrocks.com
1086,adriesantos.blogspot.com
1087,hunterscash.com
1088,hentaiplace.com
1089,forthegirls.com
1090,stacysplace.com
1091,freesexycomics.com
1092,senselingerie.com
1093,penthouse.com
1094,thenudereview.com
1095,xlovecash.com
1096,bestslavetraining.com
1097,playermen.com
1098,perfect-boobs.com
1099,cavr.com
1100,best-at.com
1101,adultartlist.com
1102,a1cum.com
1103,titsnbutts.com
1104,lingerieobsession.com
1105,goddessannika.com
1106,mymasturbation.com
1107,xxx-wife.com
1108,octaonline.org
1109,lushstories.com
1110,welcomed.com
1111,manhunt.net
1112,sponsorchat.com
1113,lustlovelatex.com
1114,sawanthai.net
1115,wildsexstories.com
1116,mrcrawler.com
1117,writing-world.comfemalecompanions.com
1118,realspankings.com
1119,dougstanhope.com
1120,hqseek.com
1121,felixdeon.com
1122,gayvn.com
1123,staticusers.net
1124,asianzilla.com
1125,hisxpress.com
1126,cutegirlporn.com
1127,bdsmforall.com
1128,goodforher.com
1129,goaskalice.columbia.edu
1130,stats.dogfart.com
1131,bdsmartswork.com
1132,sexpo.com.au
1133,taratainton.com
1134,realdoll.com
1135,candidbeach.com
1136,pregnantcomix.com
1137,stories-gangbang.com
1138,leandrocomics.com
1139,studsinstone.com
1140,gaybondagefiction.com
1141,whippedass.com
1142,escortslocator.com
1143,animetric.com
1144,porn365.com
1145,mysocalledsexlife.blogspot.com
1146,bl.net
1147,darksecret.com
1148,tabithastevens.com
1149,pileup.com
1150,rainbowdepot.com
1151,leathermasters.com
1152,homemadecreampievideos.com
1153,amateurcreampie.com
1154,nextdoordolls.com
1155,unclechigo.com
1156,demask.com
1157,escortstoplist.com
1158,schoolofsex.net
1159,mpol1.free.fr
1160,writingsofleviticus.thekinkyserver.com
1161,associationoferoticartists.co.uk
1162,livejasmin.com
1163,womendominatingmen.com
1164,asian-sex.xxx-asian-girls.com
1165,jessythumbnails.com
1166,powershotz.com
1167,swingular.com
1168,wreckbeach.org
1169,pandorapeaks.com
1170,privatevivification.blogspot.com
1171,ghastlycomic.tumblr.com
1172,asian.nude-naked-women.com
1173,entrenousdc.com
1174,pornzite.com
1175,xxxstoryboard.com
1176,dollstory.eu
1177,sexstories-archive.com
1178,myxxxblog.com
1179,temptationsdirect.co.uk
1180,blackgirlspussy.com
1181,messygirl.com
1182,sdc.com
1183,lesbian-erotica.lesbian-pornography-pics.com
1184,rafik.com
1185,intothelifestyle.com
1186,afetish.co.uk
1187,carolqueen.com
1188,everwonder.com
1189,girlie-flicks.com
1190,uncutdvds.com.au
1191,xxxspace.net
1192,piss-porn.com
1193,pamelaanderson.fsnet.co.uk
1194,cathouseclothing.com
1195,kamasutra.com
1196,adultcontactsdirect.com
1197,sandysfantasies.com
1198,wettingvideo.ml
1199,rubberzone.com
1200,free-porn-for-women.com
1201,circlejerkboys.com
1202,femmerotic.com
1203,targetescorts.com
1204,janetjacksonflash.com
1205,peterbernard.com
1206,virgin-slut.blogspot.com
1207,naughtyjulie.com
1208,www7.kinghost.com
1209,pantyhoseface.com
1210,latinaspalace.com
1211,girlwithaonetrackmind.blogspot.com
1212,extremeelvis.com
1213,biggercity.com
1214,peteristhewolf.com
1215,amateur-big-boobs.com
1216,qwebec.com
1217,gamelink.com
1218,richardsonmag.com
1219,americanphonelust.com
1220,adultshop.com.auswingingheaven.ca
1221,jbroper.com
1222,crazyxxxlesbians.com
1223,photoclubs.com
1224,ocreampies.com
1225,zizki.com
1226,hentai-gallery.tumblr.com
1227,porngatherer.com
1228,steelkittens.com
1229,asian-pussy.asiansex-pictures.com
1230,stagshop.com
1231,beheadedart.comball-gagged.com
1232,caseytg.blogspot.com
1233,findsomeone.co.nz
1234,excaliburfilms.com
1235,aasians.com
1236,johnandjohn.nl
1237,pregfur.org
1238,punitiveshoes.com
1239,665leather.com
1240,absolutevoyeurism.com
1241,jerkoffjunkies.com
1242,livesexforfree.com
1243,idiotny_1.tripod.com
1244,grrl.com
1245,lesbianbeach.com
1246,femfeet.co.uk
1247,grupoifg.com
1248,naked-straight-men.com
1249,portcalluranus.com
1250,modelbondage.com
1251,abadboy.com
1252,altpenis.com
1253,freeporncorner.com
1254,pornotopia.commembers.aon.at
1255,eros.com
1256,fazed.net
1257,lifeofdebauchery.com
1258,gayboystube.comprojectvoyeur.com
1259,thefloatingworld.com
1260,goldfingers.com.au
1261,newworldodour.co.uk
1262,fangedfour.com
1263,dannyreviews.com
1264,lukenut.50megs.com
1265,sfsi.org
1266,qualitycontrol.cc
1267,00artoferotica.com
1268,actionlove.com
1269,magicbluepill.com
1270,picrank.com
1271,ranchocarne.com
1272,poop-sex.comdocumentingreality.com
1273,thebestporn.com
1274,japansm.com
1275,cianarose.com
1276,rentboyaustralia.com
1277,extremerestraints.com
1278,christineyoung.com
1279,asianpuntang.com
1280,thumbnailseries.com
1281,blackporno.net
1282,black-tits.bigtits-pics.com
1283,ftvgirls.com
1284,amateurupskirts.com
1285,celebta.com
1286,katyterrega.com
1287,orgasmdenial.com
1288,69sexstories.com
1289,submissivesissy.com
1290,hentaispy.com
1291,tantra.co.nz
1292,daddyswap.com
1293,cocktailboyz.com
1294,panties-pictures.com
1295,videocanada.comfetishhouse.com.au
1296,titaddict.com
1297,japanhardcoremovies.com
1298,punternet.com
1299,vaginainstitute.com
1300,europornstar.com
1301,epantyhoseland.com
1302,transfur.com
1303,furryrphaven.com
1304,asianslave.biz
1305,galthor.com
1306,bulldoglist.com
1307,midtowne.com
1308,nifty.org
1309,pmkane.com
1310,stacycat.com
1311,nude-men.com
1312,depravia.tumblr.com
1313,uk-flashers.net
1314,kristenbjorn.com
1315,electriqueboutique.com
1316,missasiaplayground.com
1317,falconstudios.com
1318,asianology.com
1319,edmironiuk.com
1320,fetishsexpics.net
1321,tonguefetish.net
1322,area52hkh.net
1323,cartoonpornguide.com
1324,adultchamber.com
1325,cb-x.comwetlook.com
1326,clubstripes.com
1327,ebony-sex.free-black-sex-pictures.comteenpornstars.net
1328,blackmen.net
1329,ebanned.net
1330,mammazon.com
1331,sexualpositionsfree.com
1332,ifriends.net
1333,samandjack.net
1334,swingersboard.combenaughty.com
1335,worldsexarchives.com
1336,punterlink.co.uk
1337,crosex.com
1338,purplepussy.net
1339,peternorth.com
1340,richards-realm.com
1341,didieric.free.fr
1342,naughtybids.com
1343,users.rcn.com
1344,platinumbucks.com
1345,ebonyandgold.com
1346,furaffinity.net
1347,adultwork.com
1348,69adulttoys.com
1349,indiangilma.com
1350,swingers.com.au
1351,spankthis.com
1352,dollhouse.com.au
1353,free-nude-celebs-pictures.com
1354,jodiemarsh69.tripod.com
1355,smalltits.toplesslolitas.com
1356,linseysworld.com
1357,playboy.com
1358,famousmales.net
1359,jpornaccess.com
1360,adultspace.com
1361,californiamuscle.com
1362,starsinporn.com
1363,gruppogarage.com
1364,liselotteeriksson.com
1365,xcams.com
1366,christycanyon.com
1367,delilahs.com
1368,hebuss.free.fr
1369,pentagongrand.com.au
1370,latinboyz.com
1371,gentonline.com
1372,swingerzone.com
1373,onami.free.fr
1374,hornydevildating.com
1375,jaxtrawstudios.com
1376,12xasian.com
1377,sexwork.com
1378,can-am.com
1379,gallfree.com
1380,tits-fuck.net
1381,crushescorts.com
1382,garterbeltsstockingsandsuspenders.com
1383,comicshouse.com
1384,ladysuspender.co.uk
1385,lyla.com
1386,groupsex-eroticstories.com
1387,earthacatslair.blogspot.com
1388,pocopanties.com
1389,jasontagphoto.com
1390,pleasuretours.com
1391,linkspatrol.com
1392,cheergirls.com
1393,dubiobikinis.com
1394,lesbian-teens.lesbian-pornography-pics.com
1395,sextoysillustrated.com
1396,sexuality.org
1397,nudecomix.com
1398,rebekahdee.com
1399,fresh-xxx.comsexytera.adult.directnic.com
1400,bbs.mediumpimpin.com
1401,givemeboys.net
1402,jamiegriffiths.com
1403,leatherarchives.org
1404,swingtowns.com
1405,vividcash.com
1406,silkandsteel.com
1407,carolcox.com
1408,sexyliaisons.com
1409,xs4all.nl
1410,wickedclub.com
1411,smalltitsxxx.com
1412,paramour.com.au
1413,kisschance.com
1414,leathernroses.com
1415,lucaskazan.com
1416,dickievirgin.com
1417,soft-fetish.com
1418,trekiverse.org
1419,ratemy.co
1420,world-sex-news.com
1421,stripeymaney.com
1422,adultwebsitebusiness.com
1423,smuttytoons.com
1424,hustlerworld.com
1425,divaescort.com
1426,topdatingtips.com
1427,czechpornstars.net
1428,mrsclaudia.blogspot.com
1429,prochan.com
1430,adultfriendfinder.com
1431,adultfriendfinder4all.com
1432,dogfart-porn.com
1433,sissyschool.com
1434,mystique-magazine.comfullmetal.com
1435,wholesale-sex-toys.net
1436,amateurindex.com
1437,scarletranch.com
1438,wowasian.com
1439,adultnewsflash.com
1440,swingersboard.com
1441,lifeofalexia.blogspot.com
1442,eroticabibliophile.com
1443,freefuckvidz.com
1444,asianpornstars.asianblowjobs.net
1445,sexinnz.co.nz
1446,alllatinagirls.com
1447,black-pussy-sex.com
1448,blacklabelsextoys.com.au
1449,theclassroompattaya.com
1450,hotsexsites.org
1451,kittenklub.com
1452,big-pussy.teenage-group-sex.com
1453,justjanine.com
1454,web.comhem.se
1455,fmconceptsinc.com
1456,imdb.com
1457,adameve.com
1458,adultawards.com.au
1459,mr-s-leather.com
1460,xcritic.com
1461,femflood.com
1462,hentai.comicgenesis.com
1463,spookycash.comshitting-pictures.com
1464,xoxojoannaangel.com
1465,glenmitchell.com
1466,transformation.co.uk
1467,titsandcocks.com
1468,en.wikipedia.org
1469,sh-womenstore.com
1470,costaricanxxx.com
1471,takeninhand.com
1472,angryclown.com
1473,blissbox.com
1474,pornvalleynews.tumblr.com
1475,21orover.com
1476,cartoonvalleyporn.com
1477,chocolatedrop.com
1478,aphrodite-agency.com
1479,unicorn-dream.co.uk
1480,rude.com.au
1481,simpsons.freesexycomics.com
1482,wildchyld.com
1483,cunnilingustutor.com
1484,vulvavelvet.org
1485,adorableaudrey.blogdrive.com
1486,the-femdom.com
1487,fatgirls.chubbysluts.com
1488,leatherwerks.com
1489,sex-marks.com
1490,bdsm-list.com
1491,popartpinups.com
1492,amateur-sex.busty-amateur-pics.com
1493,telephonepub.com
1494,little-hooters.com
1495,juliaann.comdanielle-vix.smackjeeves.com
1496,scoreland.com
1497,larrycarlson.com
1498,fat2.net
1499,escort-ireland.com
1500,psc.comicgenesis.com
1501,skintwo.co.uk
1502,young-thai.com
1503,prisonmoon.www6.50megs.com
1504,buttsmithy.comf-list.net
1505,frillypink.com
1506,dancefan.blogspot.com
1507,amberray.net
1508,allsexguide.com
1509,xxxspacegirls.us
1510,lesbian-sex.badgals.com
1511,naughtyallie.com
1512,blackpussypictures.com
1513,club80.net
1514,spycam.tv
1515,awempire.com
1516,classyangel.com
1517,gor.net
1518,adultdvdempire.com
1519,bloodygorecomix.com
1520,tarasxxxcard.com
1521,nudeafrica.com
1522,xxxinterraciallesbians.com
1523,edengay.com
1524,hoboes.com
1525,eagleleather.com.au
1526,kasidie.com
1527,malemasturbationtalk.com
1528,alotporn.com
1529,gaytube.com
1530,photodiva.com
1531,nakednewsdailymale.com
1532,bearornot.com
1533,bigpornsiteslist.com
1534,bluefurry.com
1535,hqpornlinks.com
1536,cuckolds.com
1537,tinynibbles.com
1538,teenboymodels.com
1539,freepissthumbs.com
1540,lesbian-porn.xxxsex-pics.com
1541,femdomcity.com
1542,tiffanysgirls.com.au
1543,clips4sale.com
1544,johnnyblogjob.blogspot.com
1545,youngmale.com
1546,hewearspanties.com
1547,thongfoto.com
1548,amazing-asses.com
1549,saucylondonescorts.com
1550,moraxian.us
1551,galeon.com
1552,agencybarracuda.co.uk
1553,superiorpics.com
1554,female-domination.info
1555,pantytrust.com
1556,bdsm-gear.com
1557,kendie.op-inter.net
1558,amysbettersextutorial.com
1559,sexstories-wives.com
1560,shit-porn.com
1561,amateurcanada.com
1562,adultwebmasters.org
1563,genesismagazine.com
1564,sardax.com
1565,km02.com
1566,blackgirlsbound.com
1567,users.skynet.beangelfire.com
1568,adultshop.com.auhonour.co.uk
1569,hornymodelboys.com
1570,bondage.com
1571,clickcash.com
1572,fetware.com
1573,sorayama.net
1574,annejet.com
1575,renderotica.com
1576,nobbis.de
1577,fineartnude.com
1578,femdomhost.com
1579,loverspackage.com
1580,simpsons-porn.cartoon-pussy.com
1581,starbookspress.com
1582,black-porno.black-pornography-pics.com
1583,tickletheater.com
1584,differdrift.com
1585,hellscafe.com
1586,forums.gaywidewebmasters.com
1587,raincoatreviews.com
1588,wereworld.comicgenesis.com
1589,sexbitches.com
1590,slyx.com
1591,anniesprinkle.org
1592,reiner-illustrations.blogspot.ro
1593,fisting.com
1594,videosimplex.com
1595,earlmiller.com
1596,blacksex.exoticblacks.com
1597,hardcre.com
1598,esmale.com
1599,milovana.com
1600,royaladultvideo.com
1601,burningangel.comadult.pornparks.com
1602,cartoonsexclub.comfamous-comics.com
1603,bwnvideo.com
1604,pauljohnballard.com
1605,press.uchicago.edu
1606,naughtyvend.com
1607,mistressmatisse.blogspot.com
1608,eadultcomics.com
1609,drago99.com
1610,lordlucan.b-h-e.com
1611,prettybigescorts.com
1612,darkconnections.com
1613,dj-station.com
1614,dutchbear.com
1615,myfriendsfeet.com
1616,welovelatinas.com
1617,lewdlicking.com
1618,allasspics.com
1619,sinfulcomicsite.com
1620,centaurcelluloid.com
1621,cuckoldman.com
1622,darklyerotic.blogspot.com
1623,gfy.com
1624,dedelind.com
1625,saafe.info
1626,wifeysworld.com
1627,smutjunkies.com
1628,gain18.freeserve.co.uk
1629,ynot.com
1630,carmenssecrets.com
1631,escortfx.co.uk
1632,ellinude.com
1633,asiansex-pictures.com
1634,juliesimone.com
1635,cartoonsexfantazy.com
1636,strippernet.com
1637,blacknudecelebrities.com
1638,smokingsides.com
1639,photography-online.de
1640,tlcnovels.homestead.com
1641,asianerotica.asianblowjobs.net
1642,sathom.de
1643,assxxxpress.com
1644,upskirtssexvoyeur.com
1645,goodvibesblog.com
1646,latextop100.com
1647,thisis.delvecomic.com
1648,bilatinmen.com
1649,videotel-inc.com
1650,mrs-silk.com
1651,pornholio.net
1652,loverboysusa.comfreegaypix.com
1653,bellybuilders.com
1654,sensual-eye.com
1655,hentaineko.com
1656,mayfairgirls.com
1657,spankingblog.com
1658,msnaughty.com
1659,latinoguys.com
1660,sex.perkel.com
1661,julieatlasmuz.com
1662,rightconnectionstravel.com
1663,nautibitz.com
1664,beachhunters.com
1665,sexasian18.com
1666,imagingoz.com
1667,cosyndry.com
1668,macrophile.com
1669,celebritymoviearchive.comasianporn.oriental-pussy.net
1670,porndiscovery.com
1671,chameleonsubmitter.com
1672,aplusass.com
1673,westwardbound.com
1674,videowood.com
1675,19nitten.com
1676,nakedsword.com
1677,fleshlight.com
1678,sexxx-porn.com
1679,bigbigboobs.com
1680,orion-grosshandel.com
1681,wired.com
1682,thanatos.net
1683,sexualhealth.com
1684,dymphna.netangelfire.com
1685,lucidskin.com
1686,webmastercentral.com
1687,diaper-bois.com
1688,furry.org.au
1689,erotica-readers.com
1690,orgymania.net
1691,clubeden.ca
1692,mattsapartment.com
1693,sapphireplace.com
1694,loversguide.com
1695,gimpix.com
1696,bdsmorgies.net
1697,digitalplayground.com
1698,thaichix.com
1699,private.com
1700,ass-club.com
1701,ovniwholesale.com
1702,onlydudes.com
1703,kellymadison.com
1704,nikkissweetdreams.blogspot.com
1705,photo-personals.co.uk
1706,glamourphoto.freeuk.com
1707,all-free-erotic-stories.com
1708,thehun.net
1709,i-ecc.com
1710,femalefirst.co.uk
1711,raffaelemarinetti.it
1712,saxleather.com.au
1713,fetishhits.com
1714,pornhan.com
1715,bigcockspics.com
1716,aphrodite-travel.com
1717,counterearthculture.yuku.com
1718,teasingeroticstories.com
1719,veryhairy.net
1720,bettiepage.com
1721,femaleledrelationships.com
1722,cleispress.com
1723,gayporntown.com
1724,persiankitty.com
1725,adultmatchmaker.com.au
1726,thegoreanforum25823.yuku.com
1727,nanaplaza.com
1728,allsexrevenue.com
1729,darkest.wildbdsmart.com
1730,gotham-city.com.au
1731,ainews.com
1732,lunchboxin.comicgenesis.com
1733,yobt.com
1734,blackanalsex.com
1735,pantyhose.la
1736,vixen.com.au
1737,butts.sweetloads.com
1738,ropedgirls.com
1739,gardenofedenescorts.com
1740,megaxxxsites.com
1741,lovercash.com
1742,banners.toteme.com
1743,pattayacity.com
1744,nudecelebsmagazine.com
1745,langtrees.com
1746,shuzenji-net.co.jp
1747,puckerup.com
1748,between-legs.com
1749,bitchyfemdom.com
1750,disney-anime.com
1751,close.romantic-couples.com
1752,crazyxxx3dworld.com
1753,femplay.com.au
1754,ractarion.vaporware.org
1755,caballerovip.com
1756,hentaiflash.com
1757,annsummers.com
1758,sexentertain.com
1759,stripper-faq.org
1760,heavenlycelebrities.com
1761,dejavu.com
1762,lingeriediva.com
1763,sadodrawing.com
1764,crystalhall.org
1765,shadesofbrown.com
1766,missminabbw.com
1767,kiwiswingers.co.nz
1768,belledejour-uk.blogspot.comangelfire.com
1769,fitzmulti.com
1770,sheerexpressions.com
1771,stacyvalentine.com
1772,escort-kl.comannas-angels.co.uk
1773,sweetcuties.com
1774,wcareviews.com
1775,cartoonsexxx.net
1776,brucelabruce.com
1777,restrainedelegance.com
1778,tgfa.org
1779,sex-techniques-and-positions.com
1780,steelwerksextreme.com
1781,sublimedirectory.com
1782,black-fat-girls.com
1783,gaydemon.com
1784,blog.goodvibes.com
1785,filthyearl.com
1786,shadowplayers.compornfolders.com
1787,eroticillusions.com
1788,group-sex-orgy.com
1789,jackinchat.com
1790,adultmatchdoctor.com
1791,sinmasters.com
1792,nakedblokes.com
1793,livesexforfree.comfree-nude-model.com
1794,peachprincess.com
1795,furious.com
1796,planetanita.com
1797,sextoys411.com
1798,lesleyswornpanties.com
1799,boundanna.com
1800,lcbphotography.com
1801,castfetish.com
1802,storiesonline.net
1803,xxxspace.netgrandmascrotum.com
1804,nitrovideo.com
1805,venusescorts.com
1806,rogerothornhill.typepad.com
1807,fantasies.com
1808,layguide.com
1809,pornosexporn.com
1810,playvid.com
1811,symtoys.com
1812,fux.com
1813,asacp.org
1814,boobcritic.com
1815,toons-empire.com
1816,liveleak.com
1817,phuketbars.info
1818,ls-university.com
1819,luminousshadows.com
1820,fetishlinks.com
1821,nasca.com
1822,sexparty.tv
1823,exclusivecompanyescorts.co.uk
1824,allsexblogs.com
1825,bulkmale.com
1826,choosedeath.free.fr
1827,archive.shriftweb.org
1828,superheroinecentral.com
1829,hotspotsmagazine.com
1830,eroticstories.menonthenet.com
1831,1-a-z-adult-free-stories.com
1832,lovingfantasy.com
1833,ethnicboys.com
1834,spankmebaby.com
1835,cndb.com
1836,webnaughty.com
1837,adultbaby.co.uk
1838,allofadult.com
1839,gayadultstars.com
1840,blackmarketchicago.com
1841,old-tom.comteenpornstars.net
1842,pantieupskirt.com
1843,nicesmalltits.com
1844,xl-3d.com
1845,asiacarrera.com
1846,1001nighters.com
1847,densetsu.com
1848,celebnakedness.com
1849,bedroomsports.com
1850,tubeteencam.com
1851,clublez.com
1852,gothicsluts.com
1853,zbone.com
1854,erotiqstockings.com
1855,playtime411.com
1856,sexybriana.com
1857,fransmensink.nl
1858,sexuality.about.com
1859,badpuppy.com
1860,asexstories.com
1861,thespankingnews.com
1862,exoticpublishing.com
1863,onlinesuperheroes.com
1864,net1on1.com
1865,sothisonetime.blogspot.com
1866,zoophile.net
1867,pierresilber.com
1868,spankinglife.com
1869,dmuth.org
1870,ffstockings.com
1871,agaysex.com
1872,collarchat.com
1873,stockroom.com
1874,steel-art.com
1875,sharinanicole.com
1876,desertcuties.com
1877,owk.cz
1878,pronqueens.thecomicseries.com
1879,funs.co.uk
1880,latexheaven.com
1881,lucasentertainment.com
1882,1977thecomic.com
1883,asian-group-sex.com
1884,kingscourt.com.au
1885,strange_land_2001.tripod.com
1886,my-journal.com
1887,eroticartcollection.com
1888,asianstreethookers.com
1889,amateurhomepages.com
1890,juliehardcore.adult.directnic.com
1891,furfling.com
1892,uncutmen.com
1893,brutalasia.com
1894,hustler.com
1895,gaynz.com
1896,amyspanties.com
1897,evilmonk.org
1898,angelfire.com
1899,darkwanderer.net
1900,meo.de
1901,cum4auntie.com
1902,racquel.net
1903,bdsmcafe.com
1904,bdsmart.eu
1905,cheerleader-upskirts.comteenpornstars.net
1906,davecummings.com
1907,pantieupskirt.comteenpornstars.net
1908,pissingtoplist.com
1909,real-sexcontacts.com
1910,xnxx.com
1911,allsexreviews.com
1912,cherrygirls.co.uk
1913,rate-pics.rateadultwebcams.comclubelectricblue.com
1914,oppaihentaigif.tumblr.com
1915,kolyada.com
1916,pcrdist.comerotica-museum.com
1917,swingersclublist.com
1918,foxybrawlers.com
1919,home.earthlink.net
1920,classixxx.com
1921,rmscomics.com
1922,transgenderfiction.wordpress.com
1923,pussycash.com
1924,williamhiggins.com
1925,virtualeve.com
1926,markwolff.com
1927,experimental.com
1928,babeland.com
1929,the-penis.com
1930,uksugarbabes.com
1931,photogai.com
1932,arterotic.bigtopsites.com
1933,intensecash.com
1934,happyherbcompany.com
1935,malecelebrities.com
1936,shadowlane.com
1937,xcitement.com
1938,artemisbound.com
1939,ticklekitty.com
1940,fkk-artemis.de
1941,bargirlsasia.com
1942,tiffanymynx.comgayeroticartlinks.blogspot.com
1943,paintoy.com
1944,cymarron.com
1945,merwolf.com
1946,clitbot.com
1947,circlet.com
1948,pantieupskirt.comhush-hush.co.uk
