1,claws.uct.ac.zagames.groups.yahoo.com
2,liebertpub.com
3,triviachamp.com
4,ctc.lv
5,wfgamers.org.uk
6,dvorakgame.co.uk
7,serpentinegame.com
8,apexwebgaming.com
9,ragnarbrothers.co.uk
10,mytwopecs.com
11,sudokudragon.comwordmine.info
12,vlsroulette.com
13,ipsalderney.com
14,recordholders.org
15,paradoxplaza.com
16,aamirm.hacking-cult.org
17,husng.com
18,classic-retro-games.com
19,pocket-monkey.com
20,flarb.com
21,tomb-raider-editor.com
22,allianceoregon.com
23,nisamerica.com
24,earlham.edu
25,brumbaer.de
26,nintendo.com.au
27,bobsspaceracers.com
28,ultimarc.com
29,mahjonggmovie.com
30,twodrinkinggames.com
31,gotpinball.com
32,beerpong.com
33,mesillavalleymaze.com
34,videoamusement.com
35,mmorpg.com
36,forum.ixgames.com
37,scssoft.com
38,freetetris.org
39,diablowiki.net
40,6minecraft.net
41,10bet.com
42,joanasworld.com
43,ilts.com
44,247games.orgmaplestory.nexon.net
45,gameskidsplay.neten.wikipedia.org
46,rage-ccg.livejournal.comhappyjosiah.tripod.com
47,mineski.net
48,mirroreyes.com
49,panix.comangelfire.com
50,panix.com
51,wfrp.de
52,swtor.com
53,redcap.org
54,deathmarked.info
55,urbanmyth.karoo.net
56,apegames.com
57,renai.us
58,gamingintelligence.com
59,sotongamesoc.com
60,go4go.net
61,eve-central.com
62,bitzbox.co.uk
63,d20srd.org
64,runyourpool.com
65,brigademodels.co.uk
66,magiciloilo.com
67,theoldergamers.com
68,gypsyware.com
69,gamesforthebrain.com
70,sim-outhouse.com
71,richardsonadventurefarm.com
72,kmmproductions.com
73,indiegames.com
74,wargametulsa.100megsfree5.com
75,steve-dean.co.uk
76,micromusic.net
77,massivepwnage.com
78,onlinegames.com
79,insidemacgames.com
80,acaeum.com
81,martybergen.com
82,psmonopoly.combuddhawheel.co.uk
83,harrymack.com
84,2paintminiatures.comcmdctr.net
85,jesperjuul.dk
86,jammaboards.com
87,nintendo-europe.com
88,cnn.com
89,3k.org
90,forzamotorsport.net
91,popot.org
92,tabmok99.mortalkombatonline.com
93,managerzone.com
94,playrix.com
95,tradewars.fament.com
96,felini.org
97,funattic.commurdermysteryguide.co.uk
98,heresy-online.net
99,pingperfect.com
100,capcom-unity.com
101,greenmangaming.com
102,philm.demon.co.uk
103,slotsdirect.com
104,classicmarvelforever.com
105,hogwartslive.com
106,alteraeon.com
107,darkwindrising.com
108,imahjong.com
109,verbotomy.com
110,ozstick.com.au
111,planewalker.com
112,csh.rit.edu
113,bridgeteaching.com
114,tha.pagesperso-orange.fr
115,thebigzoo.com
116,ryanheise.com
117,thecan.org
118,holistic-design.com
119,soa.org.uk
120,freelotto.com
121,teachnet.com
122,yoopi.comesports-news.co.uk
123,math.rwth-aachen.de
124,betshoot.com
125,ourcribbageclub.org
126,athas.org
127,caextreme.org
128,experimentalplayground.blogspot.com
129,caracolor.com
130,nimrods.blogspot.com
131,avalanchepress.com
132,kardwell.com
133,fitbrains.com
134,crosswordtracker.com
135,puzzlemuseum.com
136,kriss-sport.comhttps:
137,slingo.com
138,casinonightfundraisers.com
139,puzzlebuffs.com
140,rkka.org
141,maxconsole.com
142,boardgamesfor.me
143,guessasketch.com
144,monopolydealstrategy.com
145,wineverygame.com
146,pinball-led.co.uk
147,the-ocma.orggames.groups.yahoo.com
148,planetgrandtheftauto.gamespy.com
149,gamemasters.com.au
150,pigames.net
151,thefarm1.com
152,affiliateedge.com
153,www222.pair.com
154,religioustolerance.org
155,instantchess.com
156,tl-modellbau.de
157,dp9.com
158,thelostpatrol.knagge.com
159,chesscorner.com
160,coloradospringsbridge.com
161,live-roleplaying.co.uk
162,fantasygrounds.com
163,forgottenfutures.com
164,hour-of-power.com
165,frogwares.com
166,52pickup.net
167,interpartners.com
168,mohegansun.com
169,daily-sudoku.com
170,beyondunreal.com
171,xploder.net
172,mariokart64.com
173,bodog.eu
174,magicengine.com
175,darkworldrpg.com
176,assyria-game.com
177,universal-space.com
178,bingo.cdyn.com
179,gamecabinet.comspyalley.com
180,arcadegames.net
181,pmc.iath.virginia.edu
182,terranova.blogs.com
183,kokamoka100.tripod.com
184,cinfn.com
185,lymanorchards.com
186,hedgend.com.au
187,hawgleg.com
188,fwtwr.com
189,inplayinc.ca
190,parallelrealities.co.uk
191,ws.binghamton.edu
192,projectrho.com
193,giantitp.com
194,freemmorpglist.com
195,stronghold.heavengames.com
196,mkws.org.uk
197,forums.delphiforums.com
198,segaarcade.com
199,vogons.org
200,hitman.com
201,egdsecrets.com
202,gameinformer.com
203,crossroad.to
204,solitairenetwork.com
205,gamespot.comneo-geo.com
206,cpandfriends.com
207,corfman.com
208,dorkly.com
209,footiemanager.com
210,futurehistory.co.za
211,yorkmaze.com
212,littlesounddj.com
213,horror.dreamdawn.com
214,nwcoinmachine.com
215,asianbookie.com
216,total-cheats.com
217,karmabeacon.tripod.com
218,theconnectionsgame.com
219,wilson.engr.wisc.edumathforum.org
220,byobgame.com
221,eve-agents.com
222,gargrazz.com
223,gamersguild.org.au
224,arcadeathome.com
225,2pstart.com
226,funforge.fr
227,lottery.sd.gov
228,camarilla.ca
229,duelinganalogs.com
230,chessdom.com
231,openttd.org
232,auran.com
233,kongregate.com
234,mahjongbritishrules.com
235,vafoosball.com
236,web.tiscali.it
237,paulsquiz.com
238,realtimegaming.com
239,caesarscorporate.com
240,starcraft2.com
241,zombiemud.org
242,idrink.com
243,sportsinteraction.com
244,jeffro.wordpress.com
245,askmrrobot.com
246,nodepositneeded.com
247,thegamecrafter.com
248,blackjacktheforum.com
249,wireless.gamespy.com
250,dumpshock.com
251,games.groups.yahoo.com
252,radicalplay.com
253,c2w.com
254,coinopexpress.com
255,wololo.net
256,dakmusic.com
257,logicking.com
258,mobygames.com
259,harlequingames.com
260,https:https:
261,aardwolf.com
262,majorleaguegaming.com
263,happcontrols.com
264,videopokerschool.com
265,ddrfreak.com
266,arcadeshop.com
267,visbellica.com
268,killerinstinctonline.net
269,basicroleplaying.org
270,abingdonauntsally.complaycornhole.org
271,gameindustry.com
272,advancedtautactica.com
273,ricksgamerepair.com
274,drinkiwiki.com
275,bellaonline.compagat.com
276,esreality.com
277,us.playstation.com
278,wobblymodelsyndrome.com
279,emshort.home.mindspring.com
280,gc-minis.com
281,retro-tech.co.uk
282,gearheadgarage.comyourchildlearns.com
283,brettspielwelt.de
284,gambling-and-casino.com
285,gamersalliance.com
286,illusions.org
287,kentpaul.com
288,propertunity.com
289,oneupstudios.com
290,pas.net
291,i3d.net
292,roborally_arena_ii.tripod.com
293,sites.google.com
294,fivestarredemption.com
295,succeednow.com
296,playdosgames.com
297,sentfromhell.co.uk
298,coin-op.org
299,brettboard.dk
300,roulette-analysis.org
301,peginc.com
302,activision.com
303,alcyone.com
304,topmudsites.com
305,carletonfarm.com
306,igt.com
307,gogomag.comgameskidsplay.net
308,gamblinglicenses.com
309,traykon.com
310,groups.yahoo.comen.wikipedia.org
311,shadowsovercamelot.com
312,cardsagainsthumanitygame.com
313,ftbwiki.org
314,digilander.libero.it
315,gamekb.com
316,thehendonmob.com
317,rescogita.com
318,aukh18.dsl.pipex.com
319,soccervista.com
320,oag.ca.gov
321,crosswordweaver.com
322,phantomefx.com
323,sylvain.quirion.pagesperso-orange.fr
324,gracefulboot.com
325,mameosx.sourceforge.net
326,owmyballsthegame.com
327,solitairecentral.com
328,printmysudoku.com
329,jigidi.com
330,therionarms.com
331,froggame.net
332,augustgames.com
333,ptgptb.orggames.groups.yahoo.com
334,arcadecab.com
335,samurai-sudoku.com
336,vtesmunich.tripod.com
337,ifm2.com
338,lotspiech.com
339,heroesofnewerth.com
340,winacontest.com
341,slotmachinemakers.com
342,pcsx2.net
343,madcentral.com
344,statsremote.com
345,basilmarket.com
346,bobandbarn.com
347,addictinggames.com
348,fuzzyheroes.com
349,mordillo.com
350,users.skynet.be
351,saintsrow.com
352,concretesoftware.com
353,maths.qmul.ac.uk
354,starpartner.com
355,theartofmurder.com
356,brainsbreaker.com
357,ps2savetools.com
358,blackjackapprenticeship.com
359,themoleroom.tripod.com
360,adrenalinebrush.co.uk
361,bluemule.co.uk
362,rockfordcharitablegames.com
363,realms.org.uk
364,trevor-hopkins.org.uk
365,keep.trawna.comvl.kamiki.net
366,lasvegassun.compocketfives.com
367,crossword.org.uk
368,meandmark.com
369,skycityauckland.co.nz
370,dutkins.com
371,dbaol.com
372,capitolbingo.co.uk
373,theasianpokertour.com
374,dinoland.com
375,racing.nh.gov
376,soulcalibur.com
377,wordsearchkit.com
378,gamesxtreme.com
379,minesweeper.info
380,panhistoria.com
381,reachmahjong.blogspot.com
382,natfka.blogspot.com
383,gamegarage.com
384,soccermanager.com
385,fileaholic.com
386,gamesmuseum.pixesthesia.com
387,kabay.arc.net.au
388,americancasinoguide.com
389,yahtzee-rules.com
390,kallistra.co.uk
391,naoworld.com
392,lionsfaction.co.uk
393,eve.wikia.com
394,allthingszombie.com
395,renpy.org
396,windblade.50megs.com
397,globalmgf.com
398,smartind.com
399,aristocratgaming.com
400,claymore.co.zakedanya.org
401,ghostrecon.com
402,interactivitiesink.com
403,rpgobjects.com
404,fileplanet.com
405,mk-rpg.org.uk
406,blackrain79.com
407,sundaycrosswords.com
408,gamingtoday.com
409,cricketgames.com
410,chessbase.com
411,oxeyegames.com
412,gamblingonlinemagazine.com
413,smogon.com
414,twobits.com
415,arstechnica.com
416,nerfplz.com
417,edhelper.com
418,freeonlinegames.com
419,heero_yuy1983.tripod.com
420,aetherco.com
421,sixtyforce.com
422,jeremysilman.com
423,testyourpoker.com
424,landgrab.net
425,tkv.up.ac.za
426,nick.com
427,tsf.org.tr
428,terragame.com
429,gamehouse.com
430,thehouseofcards.com
431,ftr.wot-news.com
432,lexicalwordfinder.com
433,planetminecraft.com
434,amusementconsultants.com
435,paigow.com
436,watsfic.uwaterloo.ca
437,wh40k.lexicanum.com
438,rubiks.com
439,ryerson-sound.moonfruit.com
440,thedarkfortress.co.uk
441,multicraft.org
442,wiening.net
443,wgosa.orgmathlair.allfunandgames.ca
444,ayumilove.net
445,online-go.com
446,pokertracker.com
447,fivewithflores.com
448,hubpages.com
449,jagex.com
450,cosmicwimpout.comglobetrotter-games.com
451,grrroux.free.fr
452,zborowski.republika.pl
453,alawar.com
454,ifiction.org
455,flagshipgames.com
456,greatwebgames.com
457,boardgamegeek.comangelfire.com
458,bbi.bridgebase.com
459,gamedev.sourceforge.net
460,the-magicbox.com
461,splitsuit.com
462,grandparents.com
463,cellufun.com
464,cpc.co.uk
465,flasharcade.com
466,boxlotto.com
467,gladiatorsgame.ca
468,shootagainamusements.com
469,conitec.net
470,koti.mbnet.fi
471,teamartail.comchristianbiblereference.org
472,honestgamers.com
473,expo.nikkeibp.co.jp
474,firsttvdrama.com
475,nashvilleboardgaming.org
476,graalonline.com
477,videogameslive.com
478,royhsmithjr.20fr.com
479,domino-games.comcribbageboard.comangelfire.com
480,axisandallies.org
481,afterworks.com
482,nfoservers.com
483,topix.com
484,cvrpg.com
485,drescherpuzzle.com
486,bellasara.com
487,tannerhelland.com
488,lotgd.net
489,privateerpress.com
490,instantwincrazy.com
491,affutd.com
492,vegastrike.sourceforge.net
493,laracroftonline.com
494,qtracker.com
495,pokerfuse.com
496,maps4heroes.com
497,cheatsoverload.proboards.com
498,hodoku.sourceforge.net
499,kosf.comicgenesis.com
500,randelshofer.ch
501,wargamesfoundry.com
502,dailykillersudoku.com
503,qualint.com
504,pacificpoker.com
505,uhs-hints.com
506,gtaforums.com
507,dragonsfoot.org
508,waste.org
509,munitions.com
510,eve-files.com
511,elitepvpers.com
512,justadventure.com
513,coleindustries.net
514,funtrivia.com
515,tasvideos.org
516,newinchess.com
517,freeslotsplanet.net
518,rubl.com
519,twilightcreationsinc.com
520,oddworld.com
521,karscot.com
522,nmlottery.com
523,artsoft.org
524,smartplay.com
525,rockpapershotgun.com
526,puzzle-factory.com
527,courtesycoin.com
528,gamerforums.proboards.com
529,curiosoft.com
530,exeterchessclub.org.uk
531,bigantgames.com
532,home.clara.net
533,puzzles.ca
534,pelorustrust.net.nz
535,dofus.com
536,radgametools.com
537,westeros.org
538,kent.ac.uk
539,onlinecasinoage.comflalottery.com
540,columbiagames.com
541,cps2shock.emu-france.info
542,nintendolife.com
543,seattlepi.com
544,gamecritics.comminecraftxl.com
545,games2download.com
546,braingle.com
547,free-games.com.au
548,sceaptunegames.co.uk
549,realpolitik.sourceforge.net
550,bulbagarden.net
551,theplainjane.com
552,worldrps.com
553,vikingmud.org
554,playsleuth.com
555,nationalmahjonggleague.org
556,boardgamegeek.comdragonstorm.com
557,pennmush.org
558,bingoentertainment.com
559,fallout.wikia.com
560,dynotech.com
561,legaluspokersites.com
562,rahul.net
563,americansubbuteo.com
564,rovingguns.com
565,bradfordgamerssociety.org.uk
566,egosoft.com
567,eisonline.com
568,galileogames.com
569,larsen.norippavilla.org
570,oldgloryminiatures.com
571,chuckpint.comgames.wtanaka.comtams11.com
572,greenronin.com
573,games.ravenblack.net
574,sundayleague.com
575,personalpages.tds.net
576,tesseract.org
577,americantablegames.com
578,psylux.psych.tu-dresden.de
579,askwaltstollmd.com
580,simcar.info
581,ubernes.com
582,jonassmith.dk
583,merlindarts.com
584,cardgamereviews.wordpress.com
585,endlessgames.com
586,hangman.bappy.com
587,flyingbuffalo.com
588,tarfumes.com
589,ultimatecampresource.com
590,reality.com
591,wolff.to
592,nexuslan.org
593,necrotales.com
594,flatbatteries.com
595,wordpuncher.com
596,slotsdetails.comsoftgame.net
597,gamecabinet.comwestpark-gamers.de
598,hol.abime.net
599,prisonstruggle.com
600,frictionalgames.com
601,roleplayerguild.com
602,travellerrpg.com
603,wordfun.ca
604,lews.desctcg.freeservers.comangelfire.com
605,fun-babyshower-games.com
606,maryflanagan.com
607,silenthilluniverse.weebly.com
608,arcade-equipment.com
609,ssdc.com
610,boardgamegeek.comboardgame.de
611,jestertrek.com
612,stormpages.com
613,strongholdkingdoms.com
614,puzz.com
615,brainden.com
616,jazclass.aust.com
617,rpgsite.net
618,abouttimeboardgame.com
619,ironcrown.comwizards.combalut.orggamecabinet.combolsboardgames.com
620,secretlair.com
621,roborally.com
622,respawn.com.au
623,roborally.htmlplanet.com
624,planetbingo.ca
625,classicdoom.com
626,racer-xtreme.com
627,playhangmangames.com
628,goldentouchcraps.com
629,crimeprod.free.fr
630,noapologiespress.com
631,crosswordpuzzlehelp.net
632,tw-attac.com
633,wquest.free.fr
634,optical-illusionist.com
635,osti.gov
636,gamezebo.com
637,gamefaqs.com
638,720zone.com
639,thespiel.net
640,quakecon.org
641,rpol.net
642,jdawiseman.com
643,wieringsoftware.nl
644,chicagocharitablegames.com
645,mymegaverse.org
646,internettexasholdem.com
647,stigalasvegas.com
648,gamegenie.com
649,dutchblitz.com
650,terrorbullgames.co.uk
651,andyscouse.com
652,pybem.sourceforge.net
653,themariobros.net
654,tgs.cesa.or.jp
655,bbogd.com
656,leagueoflegends.com
657,rpg.net
658,healthlottery.co.uk
659,egx.net
660,arkhamhorrorfan.com
661,dnd.wizards.com
662,gtplanet.net
663,netopartners.com
664,bananaking.net
665,gmtgames.comwinatwords.com
666,zgameeditor.org
667,deviatedhacking.com
668,i-p-c-s.org
669,theminiaturespage.com
670,calcudoku.org
671,rfactor.net
672,andersonfarms.com
673,acecasinorentals.com
674,mmobux.com
675,supertux.lethargik.org
676,aelyria.com
677,codemasters.comastatix.com
678,belvedereplantation.com
679,dicecoach.com
680,ziterdes.de
681,puzzles.com
682,wtj.com
683,blackjack.orghotwatercasino.com
684,gpforums.co.nz
685,dyasdesigns.com
686,werfun.com
687,silcom.com
688,whatsthisword.com
689,betson.com
690,cbai.ie
691,da-vinci-roulette.com
692,salisburycrib.org.uk
693,moebiusadventures.com
694,yourbingohall.com
695,casinorama.com
696,majornelson.com
697,rich.htmlplanet.commkw.mortalkombatonline.com
698,bestsweepstakes.com
699,xenograg.com
700,phrontistery.info
701,katsbits.com
702,wolflair.comthesceneuk.com
703,garronlottery.combannedsystems.co.uk
704,mckracken.net
705,freewargamesrules.co.uk
706,metalol.net
707,jklm.net
708,sunbingo.co.uk
709,logicgames.com
710,tanglewoodforest.org
711,tolkienbattles.bravepages.com
712,perry-miniatures.com
713,riddlenut.com
714,autodesk.com
715,ledgaming.com
716,lgdb.org
717,midishack.net
718,delfosse.com
719,i-scapes.co.uk
720,gibsonsgames.co.uk
721,houseofslack.com
722,synthetic-reality.com
723,pokerlistings.com
724,kali.net
725,paper-dragon.com
726,goobix.com
727,minecraftworldmap.comusa.philips.com
728,ncsoft.com
729,facebook.com
730,azslot.com
731,pinchoplanet.8m.comkhanate.co.uken.wikipedia.org
732,medievia.com
733,flamingobingo.net
734,ogame.org
735,genesismud.org
736,venan.com
737,imrierisleyminiatures.com
738,tii.se
739,1980-games.com
740,psxextreme.com
741,miniatureworldmaker.com.au
742,pokernews.com
743,4cheaters.com
744,gamegrep.com
745,magnumarcade.com
746,ramshacklegames.co.uk
747,bobbyprincemusic.blogspot.com
748,adventuregamers.com
749,mud.co.uk
750,tropicana.net
751,atomagazine.com
752,gamegrene.comelectricferret.com
753,destinydealers.de
754,ritsumei.ac.jp
755,clbbbl.dk
756,ocremix.org
757,free-games-fun.com
758,apocalypticgames.tripod.com
759,math.cornell.edu
760,evilgeniuses.gg
761,desertsea.com
762,minetest.net
763,fizzy.com
764,arborell.com
765,theguardian.com
766,mmo-champion.com
767,supermodel3.com
768,pinballzone.com
769,madhobbit.net
770,gametheater.org
771,ustha.comtable-soccer.org
772,racing-games.org
773,tennapel.com
774,mahjongnews.com
775,rpgkc.org
776,loothog.com
777,riddles.com
778,arcadegames4u.com
779,anagrammer.com
780,mcskinsearch.com
781,bridgewebs.com
782,textadventures.co.uk
783,carcassonnecentral.com
784,interformic.com
785,nodepositforum.com
786,minecrafttexturepacks.com
787,vanderveergames.com
788,playbasic.com
789,rakeingrass.comgearfx.com
790,zenius-i-vanisher.com
791,cosgor.demon.co.uk
792,sm128c.com
793,iriddler.com
794,bhmvending.com
795,heliograph.com
796,ticket2ridegame.com
797,netherworld.chimpshack.org
798,absitomen.com
799,flippers.com
800,azcasinoknights.com
801,mousesports.com
802,keegan.org
803,www-cs-students.stanford.edu
804,youtube.com
805,howstuffworks.com
806,wordsearchfun.com
807,isc.ro
808,playerauctions.com
809,deepfriedhappymice.com
810,evlgaming.com
811,texasairhockey.comtradgames.org.uk
812,michaelbach.de
813,curiousgames.net
814,homepage.tinet.ie
815,neonflux.tripod.com
816,feedyournerd.com
817,gameinstitute.com
818,macmame.org
819,johnrausch.com
820,kinetic-impulse.com
821,wargamescenics.com
822,giftregistrybingo.com
823,latimescrossword.com
824,rawthrills.com
825,arcadetreasure.com
826,arcadevideo.co.uk
827,warlordeldorfdragons.tripod.com
828,dosgamesarchive.com
829,4playamusements.com
830,ace2three.com
831,fbalpha.com
832,fisicx.com
833,lone-wolf.4mg.com
834,indiedb.com
835,ginrummytournaments.com
836,erasmatazz.com
837,arminbwagner.com
838,nycwargames.com
839,delmarvacharitypoker.com
840,mywordcoach.uk.ubi.com
841,bristol.ac.uk
842,thepotters.com
843,yoda.arachsys.com
844,highwaygames.complaymeter.com
845,tw2002.8m.com
846,pogo.com
847,painterlypack.net
848,wampforum.com
849,worthplaying.com
850,tmalliance.com
851,thewavelength.net
852,atlus.com
853,gametopsites.net
854,web.iw.nu
855,gamespot.comgdconf.com
856,pegasomodels.com
857,apcw.org
858,puzzlemesilly.com
859,miniworld.com
860,dep.anl.gov
861,hanginghyena.com
862,dougmorris.net
863,uspoker.com
864,sudokuwiki.org
865,members.tripod.com
866,blackjackcourse.com
867,minipainting-guild.net
868,dictionary.com
869,hitbox.tvhags-club.com
870,ohiolottery.com
871,mupen64plus.org
872,gamingdeluxe.co.uk
873,sudoku.ws
874,fightingfantasygamebooks.com
875,writeups.org
876,allfreechips.com
877,wesnoth.org
878,educationquizzes.com
879,flick.com
880,queensfarm.org
881,loughtonstrikeforce.co.uk
882,rapidintellect.com
883,legbiter.tripod.comwotccg.mahasamatman.com
884,gamepal.com
885,herondata.co.uk
886,oldedwardianwargames.freeservers.com
887,pathfinderlarp.org.uk
888,parsimonious.org
889,rpg.hamsterrepublic.com
890,home.wowway.com
891,atlas-games.com
892,eveonlineships.com
893,roulettesecretsuncovered.co.uk
894,cheapass.com
895,elderscrolls.wikia.comcrossfire.nu
896,camelotgroup.co.uk
897,games-workshop.com
898,tauonline.org
899,blackjackdoc.com
900,shafferdistributing.com
901,dwarvenforge.com
902,georgia-airhockey.com
903,people-search.hm
904,vmkubb.com
905,nickm.com
906,atomgames.com
907,cardschat.com
908,tablescanturbo.comroulette-uk.com
909,scorehero.com
910,learningplanet.com
911,thepsychicgame.com
912,numeralgame.64g.ru
913,tanzanica.com
914,ffxiv.gamerescape.com
915,gameranger.com
916,compete4ever.com
917,picturesudoku.com
918,vurt.net
919,cat-bounce.com
920,stairwaytohell.com
921,arcadegamecentral.comtams11.com
922,scrabblesite.com
923,cheatplaza.com
924,upenn.edu
925,stefan-pochmann.info
926,aok.heavengames.com
927,dosgames.com
928,guildofblades.com
929,sadwargamers.com
930,store.miniwargaming.com
931,txlottery.org
932,superfuntime.org
933,forum.bettingadvice.com
934,simhq.com
935,desura.com
936,froods.ca
937,4windsmj.com
938,alcohol-stuff.co.uk
939,babypool.com
940,gamesville.com
941,sfr-inc.com
942,n-europe.com
943,students.brown.edu
944,the-players-edge.com
945,game-eaters.blogspot.com
946,cribbageforum.com
947,ruzzle-game.com
948,nattyboyclubpenguin.wixsite.com
949,macgamefiles.com
950,hcrealms.com
951,groups.yahoo.comlysator.liu.se
952,rr2000.toshiba-3.com
953,alldrinkgames.com
954,jducoeur.org
955,bingochatter.com
956,turricanforever.de
957,wordsearchmaker.com
958,fluctishosting.com
959,mudlet.org
960,chaptercheats.comsk-gaming.com
961,dulfy.net
962,minecraft.codeemo.com
963,tordol.comkjcgames.com
964,megabingo.com.au
965,aceshightx.com
966,halolz.comen.wikipedia.org
967,megamek.sourceforge.net
968,starfleetgames.com
969,haignet.co.uk
970,chiark.greenend.org.uk
971,nswba.com.au
972,gamesclubofmd.org
973,dragongoserver.net
974,spong.com
975,psu.com
976,gtavice.com
977,enworld.org
978,crapspit.org
979,dadgum.com
980,parasyte_eve.tripod.com
981,londonroleplayingclub.co.uk
982,reapermini.com
983,play-board-games.com
984,fourhman.com
985,fireheartmusic.com
986,thisoldgame.com
987,amja.net
988,purdue.edu
989,actionpinball.com
990,rpgstash.com
991,officefootballpool.com
992,gamingfloor.com
993,wolfire.com
994,billsgames.com
995,agry.purdue.edu
996,napnuts.com
997,chessbomb.com
998,zanyvideogamequotes.com
999,csegames.com
1000,biston.cz
1001,taw.net
1002,thegamesjournal.com
1003,srcf.ucam.org
1004,speedcubing.com
1005,safalra.com
1006,bloodbowlonline.com
1007,bluemoon.ee
1008,robotron-2084.co.uk
1009,minecraftquiz.com
1010,nfs-planet.de
1011,store.steampowered.com
1012,raflar.com
1013,bioware.com
1014,spilgames.com
1015,li_natives.tripod.com
1016,magi-nation.comangelfire.com
1017,greatdaygames.com
1018,huelsbeck.com
1019,simracingworld.com
1020,whitewolf-publishing.com
1021,warhammer39999.wordpress.com
1022,quakeone.com
1023,thechessdrum.net
1024,sonicstadium.org
1025,forums.sjgames.com
1026,zaknafn.tripod.comancientbattles.com
1027,jumpmangaming.com
1028,roborally.nl
1029,puzzlepirates.com
1030,delorie.com
1031,minecraftforum.net
1032,nickyee.com
1033,ecbbl.talkfantasyfootball.org
1034,kenkenpuzzle.com
1035,casualplayers.org
1036,miniature-art.tripod.com
1037,fortresscraft.com
1038,thedavincigame.com
1039,brasspuzzlesbyrocky.com
1040,gamespy.com
1041,quiz-zone.co.uk
1042,flightsimaviation.com
1043,scrabble.org.au
1044,lanpartylist.com
1045,aor.freeservers.com
1046,ravingconsulting.com
1047,carmageddon.com
1048,mapleside.com
1049,wewin4u.co.uk
1050,user.xmission.com
1051,worldofsolitaire.com
1052,tintin.sourceforge.net
1053,zombiesmith.com
1054,poptropicahelp.net
1055,dcg.ky.gov
1056,cryo.home.xs4all.nl
1057,reignofshingen.comnetpanzer.info
1058,chumashcasino.com
1059,funcas.com
1060,howrse.com
1061,bridgeclues.com
1062,dailysudoku.co.uk
1063,dummies.com
1064,pevans.co.uk
1065,gamedev.net
1066,talk.consimworld.com
1067,trackmania.com
1068,modeleo.tripod.com
1069,rummy.com
1070,jigsawonline.net
1071,indiarace.com
1072,oddsconverter.co.uk
1073,quizmasters.biz
1074,pokerscout.com
1075,mazes.org.uk
1076,gameguru.in
1077,vintage-casino.co.uk
1078,poker-king.com
1079,eswc.com
1080,topdrinkinggames.com
1081,state.nj.us
1082,australianbridge.com
1083,warriornation.net
1084,topwebgames.com
1085,roborally.gamerz.net18xx.de
1086,crokinole.comnationalmarblestournament.org
1087,alwaysfuncasinos.com
1088,ee0r.com
1089,triviacafe.com
1090,peeknpoke.emuunlim.com
1091,crosswordsolver.org
1092,fminside.net
1093,s0l0m0n.tripod.com
1094,leagueoflegends.wikia.com
1095,bladeandsoul.com
1096,topg.org
1097,ttf.mine.nu
1098,xs4all.nlwheelon.com
1099,crossword-compiler.com
1100,rpgweb.com
1101,dogmelon.com.au
1102,palladiumbooks.com
1103,cod4central.com
1104,sniff.org
1105,vg247.com
1106,tabcreations.com
1107,onelook.com
1108,eladhari.blogspot.com
1109,dungeonmastering.com
1110,brainbashers.com
1111,everingham.com
1112,raphkoster.com
1113,funster.com
1114,grizle.f9.co.uk
1115,imythess.com
1116,dumnonni.com
1117,theuspits.com
1118,e3insider.com
1119,idicbeer.co.uk
1120,ecatsbridge.com
1121,kingsofchaos.com
1122,hintzone.4mg.com
1123,rocketworm.com
1124,rkadegames.com
1125,curiosity-shoppe.com
1126,elderscrollsonline.com
1127,theminiaturespage.comcrusaderminiatures.com
1128,dark-chronicle.co.uk
1129,wunderland.com
1130,adventureclassicgaming.com
1131,archive.ipdb.org
1132,piecepack.org
1133,gameknot.com
1134,cbtr.8m.com
1135,planetside-universe.com
1136,leetservers.com
1137,chippyauntsally.co.uk
1138,urbanterror.info
1139,paintedfantasyminiatures.com
1140,soulsrpg.com
1141,garbagepailkids.orgphilbarfly.free.fremse.fr
1142,jumpcraft.com
1143,vendingtimes.com
1144,celestialtower.8m.com
1145,boardgame.de
1146,vivox.com
1147,watchman.org
1148,yamara.com
1149,drakesflames.blogspot.com
1150,greywolf.critter.net
1151,playequate.com
1152,aaarpinball.com
1153,cmdarts.com
1154,solitairelaboratory.com
1155,bestcrosswords.com
1156,tableskittles.comsmh.com.au
1157,truthordare.us
1158,cluesearchpuzzles.com
1159,orchestralmedia.co.uk
1160,farmgame.com
1161,perso.wanadoo.es
1162,cheats.ru
1163,chesshistory.com
1164,pingamejournal.com
1165,chesshere.com
1166,https:
1167,quanticdream.com
1168,aqwwiki.wikidot.com
1169,passportgamestudios.com
1170,highscoresarcade.com
1171,bgdf.com
1172,goodsol.com
1173,gamesrv.ca
1174,wotreplays.com
1175,racer.nl
1176,coloradolottery.com
1177,paraseek.com
1178,diplomaticcorps.org
1179,brogame.com
1180,wordblanks.com
1181,pinball4u.com
1182,davidparlett.co.uk
1183,fantasycasino.net
1184,battlestations.info
1185,syswar.2-minds.com
1186,kprobe.comemulator-zone.com
1187,cgmd.freeservers.com
1188,boulter.comcribbage.org
1189,attheraces.com
1190,vastempire.com
1191,charlemagne64.tripod.com
1192,pyromythgames.com
1193,swarthmore.edu
1194,gamingstandards.com
1195,resortsac.com
1196,enjin.com
1197,holdemmanager.com
1198,advsys.net
1199,kenzerco.com
1200,gameonsoftware.com
1201,thestardock.com
1202,gamebryo.com
1203,chess-mail.com
1204,nobuouematsu.com
1205,bloodbowlcentral.com
1206,paintedfigs.com
1207,game-board.blogspot.com
1208,voyagerliveaction.com
1209,gamescore.com
1210,overdosed.net
1211,hmgs-midsouth.org
1212,kbgames.com
1213,aquariuscasinoresort.com
1214,oregonlottery.org
1215,exodusgamers.com
1216,funbrain.com
1217,stlouisbingo.com
1218,xs4all.nl
1219,freeindiegam.es
1220,tulalipresortcasino.com
1221,puzzlechoice.com
1222,phoenyx.netangelfire.com
1223,naughtydog.com
1224,boardgamebeast.com
1225,operationoverkill.com
1226,gameroomguys.com
1227,a2zwordfinder.com
1228,dragonstorm.com
1229,twws.org.ukrichardhberg.tripod.com
1230,virtuafighter.com
1231,rebelscum.com
1232,pinballprice.com
1233,serenadawn.com
1234,esforces.com
1235,mirliton.it
1236,blackjackincolor.com
1237,ctlottery.org
1238,math.utah.edu
1239,berlichingen.tripod.com
1240,rtalsoriangames.wordpress.com
1241,xbox.com
1242,magicworkstation.com
1243,cornholeparty.com
1244,smackall.com
1245,slotsjam.com
1246,magicthegatheringdatabase.com
1247,gamerevolution.com
1248,space-invaders.com
1249,lynnsn2.tripod.com
1250,presagis.com
1251,toccatagaming.com
1252,rummy-games.com
1253,fritzlermaze.com
1254,peracles-rpg.com
1255,amxmodx.org
1256,mtg.meetup.com
1257,twcenter.net
1258,sportbet.com
1259,fumbbl.com
1260,cuebid.com
1261,emulation64.com
1262,camlarp.co.uk
1263,introversion.co.uk
1264,tombraiderhub.com
1265,tischkicker.be
1266,pokernewsdaily.com
1267,ezglot.com
1268,moosh.net
1269,racingandsports.com.au
1270,day9.tv
1271,pinballmachinesdirect.com
1272,solvemysudoku.com
1273,speedrunslive.com
1274,grandsierraresort.com
1275,treinenfarm.com
1276,gpro.net
1277,oshkoshmagic.com
1278,allscrabblewords.com
1279,classicarcadegaming.com
1280,pacifier.com
1281,mtgsalvation.com
1282,pennybiz.com
1283,pingus.seul.org
1284,mcmyadmin.com
1285,bcacg.com
1286,brainking.com
1287,officepools.com
1288,privatewww.essex.ac.uk
1289,hoshisaga.jp
1290,lacobie.org
1291,en.lfsmanual.net
1292,popuw.com
1293,phillyfoos.com
1294,baconetworks.com
1295,trmk.org
1296,dan-dare.org
1297,impulsegamer.com
1298,arena.net
1299,ialottery.com
1300,kitfox.com
1301,cubetimer.com
1302,mazeplay.com
1303,game-debate.com
1304,vendetta-online.com
1305,thecoinoperator.com
1306,airhockeynews.com
1307,furrymuck.com
1308,salute.co.uk
1309,zvezda.org.ru
1310,dagorhir.com
1311,debatedrinking.com
1312,s11.invisionfree.com
1313,bestminecraftskins.com
1314,illyriad.co.uk
1315,monger.vekn.org
1316,megagames.com
1317,barmeister.com
1318,fiddlersgreen.net
1319,strategywiki.org
1320,tekkenzaibatsu.com
1321,home.nvg.ntnu.no
1322,dreamlyrics.com
1323,mybrute.com
1324,albepavo.com
1325,psychology.utoledo.edu
1326,heroesofmightandmagic.com
1327,minnesotafoosball.com
1328,games.kde.org
1329,crosswordtournament.com
1330,hemispheresamusements.com
1331,suntzupoker.com
1332,iaapa.org
1333,fdmk.net
1334,roulette-simulator.info
1335,jvl.mobi
1336,epicpowerleveling.com
1337,pinfestival.com
1338,napoleongames.com
1339,tradgames.org.uk
1340,capadogaming.net
1341,alabamacornhole.comh2g2.com
1342,milkcapmania.co.ukwgpkr.com
1343,bioflames.com
1344,hmgs.org
1345,zybez.net
1346,rdca.org
1347,minetexas.com
1348,bridgebase.com
1349,timecastmodels.co.uk
1350,capcommobile.com
1351,galaxycomics.net
1352,aiononline.com
1353,trainsim.com
1354,ixphone.net
1355,home.snafu.de
1356,roleplaygateway.comusgovsim.netpbem.brainiac.com
1357,coinopdoc.com
1358,madjacksports.com
1359,vdacs.virginia.gov
1360,rails18xx.it
1361,vgmuseum.com
1362,bebepool.com
1363,wickhamfarms.com
1364,baby-shower-games.org
1365,mksecrets.net
1366,twilightgames.com
1367,logicservers.co.uk
1368,play-free-online-games.com
1369,godwars2.org
1370,old.no
1371,www-users.york.ac.uk
1372,pinballnews.com
1373,arkhamhorrorwiki.com
1374,snood.com
1375,indiana.edu
1376,moderngamers.com
1377,home.kpn.nl
1378,sigames.com
1379,alliancelarp.com
1380,recoculous.com
1381,rubiksplace.com
1382,gosugamers.net
1383,fallenclan.com
1384,hungrysoftware.com
1385,fantasylibrary.comzhalindor.com
1386,a-d-g.com.au
1387,blogmybrain.com
1388,gamemonkeys.com
1389,metamotion.com
1390,doomworld.com
1391,mainstreetaffiliates.com
1392,blackmoor.ca
1393,xworddictionary.com
1394,star-ranger.com
1395,legrimoire.net
1396,needforspeed.com
1397,lycanon.org
1398,palacasino.com
1399,4drulers.com
1400,dodgyonlinecasinohistory.net
1401,worldofminecraft.com
1402,gatheringmagic.com
1403,worlddomino.com
1404,lairware.com
1405,national-shuffleboard-association.usithf.info
1406,gamesystems.com
1407,brockhousesociety.com
1408,ccpevents.com
1409,www-personal.umich.edu
1410,frothersunite.com
1411,foosmovie.com
1412,necromanthus.com
1413,armorcast.com
1414,angusj.com
1415,cadenhead.org
1416,web.ncf.ca
1417,warriortablesoccer.com
1418,money.cnn.com
1419,ed-td.space
1420,miniwargaming.com
1421,crazy8ths.com
1422,minecraft-craftingguide.com
1423,lf2-global.com
1424,people.csail.mit.edu
1425,gptucker.net
1426,gameroomclassifieds.com
1427,bluechipcollegefootball.com
1428,ghostrecon.net
1429,pbemff.co.uk
1430,wotstats.org
1431,simviation.com
1432,uktrainsim.com
1433,scc-bingo.com
1434,sjeng.org
1435,patric.net
1436,trophymanager.com
1437,lasvegasinsider.com
1438,pendraken.co.uk
1439,combinationlock.com
1440,problemkaputt.de
1441,trenchwars.org
1442,sporcle.com
1443,mimgames.com
1444,soccerpunter.com
1445,montbleuresort.com
1446,sega-16.com
1447,pbbans.com
1448,littleplasticmen.co.uk
1449,penny-arcade.com
1450,gameboomers.com
1451,forum.adrift.co
1452,mupen64.emulation64.com
1453,escalationsim.com
1454,betterbridge.com
1455,themecrosswords.com
1456,digitpress.com
1457,chessclub.com
1458,eve.1019.net
1459,ecrostics.com
1460,mario.nintendo.com
1461,hinterwelt.com
1462,thehouseofcards.comangelfire.com
1463,civilization5.com
1464,sogood.com
1465,wizards.comdarkpact.de
1466,games.asobrain.com
1467,worldwide-gaming.com
1468,imperiaonline.org
1469,groups.yahoo.com
1470,open-site.org
1471,mariosonicgames.com
1472,muurkrant.nl
1473,tibia.com
1474,funkypool.com
1475,headlesshollow.com
1476,ign.com
1477,swtorstrategies.com
1478,quiz.biz
1479,szrek.com
1480,megamillions.com
1481,belegarth.com
1482,sweepingamerica.com
1483,toofatlardies.co.uk
1484,simflight.com
1485,ebetting101.com
1486,scrabble.com
1487,vidiotarcade.com
1488,rtw.heavengames.com
1489,liquidlegends.net
1490,grandcasinomn.com
1491,bitzstore.com
1492,theblackjacksimulator.com
1493,buffalopartners.com
1494,mudconnect.com
1495,fantasyreborn.com
1496,wmgg.org
1497,kylottery.com
1498,cricketgames.me.uk
1499,word-searches.com
1500,triadweyrs.org
1501,asap.unimelb.edu.au
1502,kopf1988.tripod.com
1503,qirien.icecavern.net8degrees.tripod.com
1504,pokeratlas.com
1505,lfblizzcon.com
1506,quakelive.com
1507,zoltarmachine.com
1508,kidchess.com
1509,battleplay.comrealaction.com
1510,arcade-museum.com
1511,grapevinelarp.com
1512,affiliateguarddog.com
1513,masslottery.com
1514,flyingomelette.com
1515,pinballservice.com
1516,dmwworld.com
1517,stobie.home.sprynet.com
1518,fpgaarcade.com
1519,theplaydiumstore.com
1520,bukkit.org
1521,hsinpao.com.tw
1522,home.pacifier.com
1523,puzzles.usatoday.com
1524,bingolocator.com
1525,blueskied.com
1526,ichess.com
1527,kgbgs.tripod.com
1528,jonamacorchard.com
1529,bingo.com
1530,durangobill.com
1531,ferazelhosting.net
1532,uib.no
1533,icynic.com
1534,myth-weavers.com
1535,grandprixgames.org
1536,jollyrogergames.com
1537,thetyranidhive.proboards.com
1538,lar5.comeasyweb.easynet.co.uk
1539,cs.cmu.edu
1540,usyn.shivtr.com
1541,allfootballgames.co.uk
1542,knudepunkt.orgintellivisionlives.com
1543,stanford.edu
1544,valvesoftware.com
1545,bloodbowl.org
1546,pcgaming.ws
1547,terragenesis.co.uk
1548,playteq.com
1549,bamptonauntsally.org
1550,indigo.ie
1551,tkcs-collins.com
1552,lordsofthebattlefield.com
1553,hexrpg.com
1554,circlemud.org
1555,heresyminiatures.com
1556,thedoteaters.com
1557,magic-league.com
1558,cnwcentral.com
1559,wcmj1.tripod.com
1560,shacknews.com
1561,diamondfuncasino.co.uk
1562,users.globalnet.co.ukjuneharman.com
1563,gambling911.com
1564,coolopticalillusions.com
1565,betbrain.com
1566,homearcade.org
1567,pokerology.com
1568,belloflostsouls.net
1569,bostonpark.com
1570,crokinolegame.ca
1571,mymtgcards.com
1572,wiki.roblox.com
1573,canonfire.com
1574,deckserver.net
1575,gamespress.com
1576,battlegroundsgames.com
1577,minecraft.decx.org
1578,anagramscramble.com
1579,dead-code.org
1580,s294044488.websitehome.co.uk
1581,battlefieldsingleplayer.com
1582,autofish.net
1583,bingoware.sourceforge.net
1584,fightingpirannhagraphics.com
1585,caiman.us
1586,vpfree2.com
1587,mgmgranddetroit.com
1588,umich.edu
1589,marbles.net
1590,flightgear.org
1591,gameaxis.com
1592,cornholegame.org
1593,battlefieldpress.com
1594,creekcats.com
1595,himecsglobal.com
1596,codejunkies.com
1597,party-games.zaural.ruresidentassistant.com
1598,benchmarkgames.com
1599,the-nextlevel.com
1600,konami.com
1601,riptidelab.com
1602,totalmortalkombat.com
1603,dinggratz.blogspot.com
1604,tokensdirect.com
1605,sc2mapster.com
1606,emuunlim.com
1607,glorantha.com
1608,farmvilledirt.com
1609,uk.mahjong.dk
1610,contestcanada.com
1611,4word4.com
1612,ukg.co.uk
1613,runescape.wikia.com
1614,louisianalottery.com
1615,boardgamedesign.com
1616,factogame.com
1617,dadsgamingaddiction.comangelfire.com
1618,explodingkittensgamereview.com
1619,manjikai.com
1620,crosswordclub.org
1621,abeta.co.uk
1622,magfest.org
1623,elygamesday.webs.com
1624,crosswordtools.com
1625,ludo.iwarp.com
1626,affiliatesfastlanebetting.com
1627,kiddieridesusa.com
1628,minewind.com
1629,ds.gamespy.com
1630,ortograf.com
1631,neromass.com
1632,mafiascum.net
1633,plugpayplay.com
1634,thelobsterzone.com
1635,dicegames.org
1636,zamzone.com
1637,developer.x-plane.com
1638,eyetricks.com
1639,lemonttablehockey.com
1640,brittonpublishers.com
1641,wfhgs.com
1642,rollercoastertycoon.com
1643,grimdarkness.net
1644,freeslots.com.au
1645,pecoingames.com
1646,okino.com
1647,redhousefarm.co.uk
1648,cheat.retrogames.com
1649,ani-mayhem.comb5ccg.mahasamatman.comthewinternet.comdt.frothersunite.comfilsingergames.comthewinternet.com
1650,davpar.eu
1651,stupidcollegekid.tripod.com
1652,mameworld.info
1653,mizahar.com
1654,landofdev.com
1655,tmterrain.co.uk
1656,readymadecasinos.com
1657,cowell.org
1658,lordoftheringsrisk.com
1659,bolsboardgames.com
1660,manapool.co.uk
1661,piratemc.com
1662,bingoinfo.com
1663,bytesizesound.com
1664,gamerzplanet.net
1665,gamenewsplus.net
1666,sega.com
1667,netsolitaire.com
1668,globetrotter-games.com
1669,polycount.com
1670,netfoos.com
1671,lucasarts.vintagegaming.org
1672,theninja-rpg.com
1673,matchbox.com
1674,fortuneseeker.com
1675,pch.com
1676,xword.co.za
1677,zyzzyva.net
1678,webhome.idirect.com
1679,thewrestlinggame.com
1680,orcsdrift.com
1681,bloomsburyfarm.com
1682,history.com
1683,grognard.com
1684,aetolia.com
1685,mastering-craps.complayingcardsindia.com
1686,americasarmy.com
1687,thundervalleyresort.com
1688,diverbras.com.br
1689,grimwold.org.uk
1690,homebrew.net
1691,unit191bridge.org
1692,usamega.com
1693,dopefish.com
1694,users.globalnet.co.uk
1695,computerandvideogames.com
1696,highprogrammer.com
1697,nyx.net
1698,foxwoods.com
1699,crossword.info
1700,kamidogu.com
1701,football-data.co.uk
1702,colossus.sourceforge.net
1703,hookedgamers.com
1704,theboardgaminglife.com
1705,mahjong.wikidot.com
1706,mu.org
1707,sternpinball.com
1708,wizkidsgames.com
1709,wtharvey.com
1710,brianscache.com
1711,frontier.co.uk
1712,wmfed.com
1713,justjigsawpuzzles.com
1714,pzzls.com
1715,relic.com
1716,chingfordgames1.homestead.comtomgale.com
1717,nintendo.com
1718,pojo.com
1719,pbemplayers.com
1720,talisman.clift.org
1721,igda.org
1722,bridgeworld.com
1723,kaser.com
1724,alliancesf.net
1725,fspazone.org
1726,uschess.org
1727,webring.organgelfire.comangelfire.comyugioh.tcgplayer.com
1728,shawnolson.net
1729,pnwbemani.net
1730,piddinghoegamers.org
1731,homepokergames.com
1732,sweepstakescrazy.com
1733,bridgebum.com
1734,redhotpawn.com
1735,sbarrera.home.mindspring.com
1736,suninternational.com
1737,mindseye_x.tripod.comroaring.net.au
1738,kartextreme.net
1739,hagstromelectronics.com
1740,e3coverage.com
1741,morongocasinoresort.comagco.on.ca
1742,sba21.com
1743,voidaudio.net
1744,adventuremaker.com
1745,twitch.tv
1746,feonora.com
1747,bitblaster.comatlas-games.com
1748,doggonecrazy.capacifier.com
1749,wilottery.com
1750,greatamericanrec.com
1751,tourneytime.com
1752,ficgs.com
1753,gigo.retrogames.com
1754,weregeek.com
1755,adelinestudios.com
1756,saliu.com
1757,gametrailers.com
1758,starbase118.net
1759,the_timinator.tripod.com
1760,larryco.com
1761,secondsphere.org
1762,mudbytes.net
1763,catan.com
1764,agsci.psu.edu
1765,insomniagamingfestival.com
1766,elitegameservers.net
1767,bloodrayne.com
1768,drinknation.com
1769,seriouszone.com
1770,sky116688.tripod.com
1771,gearboxsoftware.com
1772,freegameengines.orgdevermore.net
1773,cardplayerlifestyle.com
1774,thelogbook.com
1775,ibabingo.com
1776,eventhubs.com
1777,fifplay.com
1778,conquerclub.comvocabulary.com
1779,kanar.org
1780,home.nvg.org
1781,valottery.com
1782,pokemon.com
1783,davinciimports.com
1784,armchairarcade.com
1785,fbshq.org
1786,euroaffiliates.com
1787,pages.cs.wisc.edu
1788,coinopvideogames.com
1789,the-waaagh.com
1790,hirohurl.blogspot.com
1791,imperian.com
1792,sunrisedoors.com
1793,sonicworld.net
1794,mahjongmahjong.com
1795,neutralbox.com
1796,gonintendo.com
1797,indiawargamers.com
1798,game-editor.com
1799,thisweekingambling.com
1800,soccerproject.com
1801,smbhq.com
1802,casinocitypress.com
1803,sylviebarc.net
1804,tk421.net
1805,chesspublishing.com
1806,flightsim.com
1807,casinovendors.com
1808,killerbunnies.com
1809,bordersdown.net
1810,thesafehouse.org
1811,andybrick.com
1812,letterfrequency.org
1813,simtropolis.com
1814,ralparthaeurope.co.uk
1815,guildcompanion.com
1816,feralinteractive.com
1817,lotto-logix.com
1818,echobaseops.8m.com
1819,dosgamer.com
1820,ludology.org
1821,ruyeyama.best.vwh.net
1822,torn.com
1823,tavernpuzzle.com
1824,cooperis.com
1825,gamblinggala.com
1826,pease1.sr.unh.edu
1827,deltatao.com
1828,worldbridge.org
1829,southcom.com.aublackjack-king.com
1830,evo-web.co.uk
1831,beanbaggame.tripod.com
1832,in.gov
1833,pinballarcade.com
1834,americanmcgee.com
1835,the-crossword-solver.com
1836,moneymachines.com
1837,geocities.co.jp
1838,schustersfarm.com
1839,z14.invisionfree.com
1840,ticasino.com
1841,thebike.com
1842,harrylevy.com
1843,vintagearcade.net
1844,peauction.com
1845,g5e.com
1846,drumondpark.com
1847,hasbro.com
1848,amanita-design.net
1849,couchwarriors.org
1850,crossword-dictionary.com
1851,daysofwonder.com
1852,bitsandkits.co.uk
1853,mongoosepublishing.com
1854,ngemu.com
1855,hotwheels.com
1856,myfootballnow.com
1857,wtfcomics.com
1858,wowgoldspace.com
1859,gamesoundcon.com
1860,bvsgames.com
1861,shadowfist.comhlair.dumpshock.com
1862,people.virginia.edu
1863,tech.groups.yahoo.com
1864,zygorguides.com
1865,absolutist.com
1866,creativetwilight.com
1867,juliandibbell.com
1868,wilshin.net
1869,poolexpert.com
1870,shadowlack.com
1871,ggflan.com
1872,users.frii.com
1873,quaddicted.com
1874,adamcadre.ac
1875,spiderwebsoftware.com
1876,flight1.com
1877,wordcentral.com
1878,afn.org
1879,sfmagic.orgmeccg.net
1880,oldgodsandthenew.blogspot.com
1881,funs.co.uk
1882,games.yahoo.com
1883,armadafleetcommand.com
1884,slotmachinebasics.com
1885,euchrelinks.com
1886,beatingbonuses.com
1887,cofoosball.com
1888,webring.org
1889,sunnflare.com
1890,monolithdesigns.co.uk
1891,scummvm.org
1892,web-adventures.org
1893,mattbusche.orgfillorbust.comstartrekdice.0catch.comdicecollector.com
1894,riograndegames.com
1895,solegends.com
1896,hans-im-glueck.de
1897,barnonedrinks.comquestexperiences.com
1898,casinopartiesphoenix.com
1899,rpr.kapsi.fi
1900,lrgames.com
1901,20q.net
1902,epicgames.com
1903,sandysrealm.comen.wikipedia.org
1904,indie-rpgs.com
1905,wordsplay.net
1906,spellforce.com
1907,georges.nu
1908,incraftion.com
1909,amtote.com
1910,welshmodels.co.uk
1911,rpgstudies.net
1912,coin-acceptor.com
1913,roleplayinggames.net
1914,cardgames.io
1915,demul.emulation64.com
1916,yugioh.wikia.combzflag.org
1917,eidolons-inn.net
1918,welkmusicalfamily.com
1919,win-maxx.com
1920,paulspages.co.uk
1921,guildford-wargames.org.uk
1922,www3.telus.net
1923,galacasino.com
1924,blackjackbomb.com
1925,brasslantern.org
1926,wyrdcon.com
1927,primalgame.comhomestarrunner.com
1928,gamehead.com
1929,tf2maps.net
1930,amaze-n-place.com.au
1931,paintedminiatures.ca
1932,minecraftserverlist.eu
1933,carrom.orgtradgames.org.uk
1934,drinkinggamezone.com
1935,mcmodder.net
1936,web.onetel.net.uk
1937,acepokersolutions.com
1938,fpsece.net
1939,baby-soft.de
1940,gamepuzzles.com
1941,capcom.com
1942,playmaker.com
1943,mkempire.org
1944,larp.be
1945,catsatcards.com
1946,swtor-spy.com
1947,theescapist.com
1948,bridgemate.com
1949,itsgames.com
1950,puzzlersparadise.com
1951,casinocardgamereviews.com
1952,fanaticus.org
1953,pickuphockey.com
1954,lusternia.com
1955,freeciv.org
1956,cs.colgate.edu
1957,onlinecasinoreports.com
1958,retrobase.de
1959,artmasterstudio.co.uk
1960,5vs5.ca
1961,fce2.eu
1962,angelfire.comaccessdenied-rms.net
1963,markpilarski.com
1964,badgehungry.com
1965,mysticlake.com
1966,mwce.co.uk
1967,heroquest-larp.co.uk
1968,casinocenter.com
1969,bkgm.com
1970,bbpb.de
1971,epsxe.com
1972,war-zone.com
1973,homepages.paradise.net.nz
1974,toadscastle.net
1975,slasims.com
1976,stararmy.com
1977,deathcookie.com
1978,totesport.com
1979,hksw.org
1980,magmic.com
1981,chesschat.org
1982,fullcontactpoker.com
1983,little-gamers.com
1984,newlinedesigns.co.uk
1985,evemaps.dotlan.net
1986,goldtoken.com
1987,groups.yahoo.comangelfire.com
1988,planettonyhawk.gamespy.com
1989,3cardbrag.me.uk
1990,mmarchive.com
1991,inverteddungeon.com
1992,robinwood.com
1993,dreamsstudio.com
1994,eingang.org
1995,star-fleet.com
1996,multiplayerchess.com
1997,chaostle.com
1998,dee-nee.com
1999,worms2d.info
2000,roosterteeth.com
2001,halesowenboardgamers.org.uk
2002,liballeg.org
2003,freecode.com
2004,crocodilegames.com
2005,alphaomegaamus.com
2006,pokerhandreplays.com
2007,queststudios.comstepmania.com
2008,slotvegas.co.uk
2009,abbiati.com
2010,mscclan.com
2011,deepthoughtgames.com
2012,online-sweepstakes.com
2013,planets.nu
2014,axisandallies.net
2015,ipdb.org
2016,oldtimegames.homestead.comtradgames.org.uk
2017,miniaturebuildingauthority.com
2018,forum.enjoysudoku.com
2019,nerdparadise.com
2020,hovelsltd.co.uk
2021,arcengames.com
2022,mudcentral.com
2023,pinside.com
2024,xpfr.org
2025,blizzardwatch.com
2026,diablofans.com
2027,emeraldrose.s5.com
2028,pokerprolabs.com
2029,battle.net
2030,astrolog.org
2031,destructoid.com
2032,simagri.com
2033,xboxachievements.com
2034,fightingfantasy.com
2035,mahjong-europe.org
2036,grumpygamer.com
2037,playtech.com
2038,lfsworld.net
2039,allenvarney.com
2040,welshpiper.com
2041,mariomayhem.com
2042,vgcats.com
2043,lateralpuzzles.com
2044,archive.org
2045,realbeer.com
2046,unmasqued.com
2047,newarkirregulars.org.uk
2048,how-to-paint-miniatures.com
2049,silenthillmemories.net
2050,foosball.comwashers.org
2051,dotdotdotcomma.com
2052,dumbluckgame.com
2053,faidutti.com
2054,chess.com
2055,toydirectory.com
2056,cardozabooks.com
2057,wikipedia.org
2058,yugioh-deck.com
2059,pojo.comsjgames.comsjgames.com
2060,fozex.com
2061,2dboy.com
2062,drs-digitrax.combrisnet.com
2063,vgf.com
2064,midishrine.com
2065,tasbridge.com.au
2066,namco.co.uk
2067,actionquiz.com
2068,johndaileysoftware.com
2069,komar.org
2070,jcarvin.tripod.com
2071,smartboxdesign.com
2072,battlegroupboston.org
2073,laigames.com
2074,westwindproductions.co.uk
2075,planetlara.com
2076,hitorstand.net
2077,indepthinfo.com
2078,variantbank.org
2079,docsports.com
2080,playtmg.com
2081,hyboria.xoth.net
2082,ellmsfarms.com
2083,us.blizzard.com
2084,icebreakergames.org
2085,madlits.com
2086,predictroulette.com
2087,eve-icsc.com
2088,qldbridge.com
2089,gamespot.comgames.groups.yahoo.com
2090,tlcind.com
2091,megadriver.com.br
2092,crosswordgiant.com
2093,nethive.com
2094,tombraiders.net
2095,minecraftedu.com
2096,replaymag.comwellsgardner.com
2097,jswremakes.emuunlim.com
2098,chuckpint.comyahtzee.org.uk
2099,americanvending.com
2100,losthorizons.com
2101,mistrunner.com
2102,pokerchips.com
2103,thirdeyenuke.com
2104,thinyourpaint.blogspot.com
2105,tammo80.nl
2106,fudgerpg.com
2107,chessmaniac.com
2108,alpineamusement.com
2109,isleofcapricasinos.com
2110,vegas-aces.com
2111,icegame.com
2112,nationalbingo.co.uk
2113,arcadecontrols.com
2114,shoryuken.com
2115,bedlamcreations.comangelfire.com
2116,hexgames.com
2117,donalfall.tripod.com
2118,copplestonecastings.co.uk
2119,kevindallimore.co.uk
2120,smartgambler.com.au
2121,scummbar.com
2122,curiouspastimes.co.uk
2123,liontracks.org
2124,rfactorcentral.com
2125,kobblestone.ca
2126,hedgewars.org
2127,killerterrain.com
2128,play.net
2129,minepick.com
2130,toj.cc
2131,absolutcheats.com
2132,playability.de
2133,cs.queensu.ca
2134,vsper34.tripod.com
2135,mega64.com
2136,mnlottery.com
2137,bridgewinners.com
2138,jacobshwirtz.com
2139,wordplays.com
2140,ksarcade.net
2141,cityindex.co.uk
2142,bigopolis.com
2143,doris-frank.de
2144,www1.cuny.edu
2145,harris-authors.com
2146,activecheats.com
2147,rickadams.org
2148,refugedowns.faithweb.compottersarmy.net
2149,tux4kids.alioth.debian.org
2150,agc.deskslave.org
2151,battlemaster.org
2152,free-conversant.com
2153,rafm.com
2154,yolkfolk.com
2155,crossword-solver.net
2156,gekay.com
2157,pmulcahy.com
2158,topl.ca
2159,poptrickia.net
2160,auctiongamesales.com
2161,gbjazzman.8m.com
2162,senseis.xmp.net
2163,smallball.com
2164,s9.invisionfree.com
2165,delyall.tripod.com
2166,vales.com
2167,ffproject.com
2168,hcs.harvard.edu
2169,sjgames.com
2170,battlegaming1.blogspot.com
2171,en.wikipedia.orgtradgames.org.uk
2172,covers.com
2173,mystcommunity.com
2174,finchleygamesclub.org
2175,leavesden.carbonmade.com
2176,bullshooter.com
2177,deeproute.com
2178,users.on.net
2179,karoath.com
2180,tamiya.com
2181,manchesterbridge.org.uk
2182,metroid.wikia.com
2183,playroomentertainment.com
2184,acemodel.com.ua
2185,americancornhole.org
2186,shikadi.net
2187,adventuregamestudio.co.uk
2188,simcyberworld.com
2189,invasivesurgery.tripod.com
2190,projectmanhunt.com
2191,acbldistrict22.com
2192,stalefishlabs.com
2193,cubed3.com
2194,audiodrinkingcompanion.com
2195,worldofmunchkin.com
2196,eurobridge.org
2197,darkfuries.com
2198,classicalhack.com
2199,baccarat-system.com
2200,yoogi.com
2201,oxfordauntsally.co.uk
2202,igxe.com
2203,saats.co.za
2204,yoshi.2yr.net
2205,theproblemsite.com
2206,nycfoosball.com
2207,conchord.org
2208,shadowfist.webjaw.com
2209,multiplaygameservers.com
2210,druchii.net
2211,independent.co.uk
2212,trpg.netangelfire.com
2213,roblox.com
2214,crapsforum.com
2215,neoseeker.com
2216,mkrealms.com
2217,games.slashdot.org
2218,openttdcoop.org
2219,firefly-games.com
2220,halo.wikia.com
2221,valiantgames.com
2222,playwithyourmind.com
2223,rpsgame.com
2224,acmegamer.com
2225,puzzles.nigelcoldwell.co.uk
2226,competitorscompanion.com
2227,cut-the-knot.org
2228,pangenre.comicewebring.com
2229,minecraft-seeds.net
2230,puzzlemaker.school.discovery.com
2231,wizardcards.com
2232,destiny.org.uk
2233,theworldofstuff.com
2234,computerspielemuseum.de
2235,grippingbeast.co.uk
2236,rockstargames.com
2237,zdoom.org
2238,gameconventioncentral.comsolmukohta.org
2239,datawaregames.com
2240,onlinebraingamesblog.com
2241,coololdgames.com
2242,playrust.com
2243,famvangestel.nl
2244,chesscafe.com
2245,wizards.comwunderland.comangelfire.comtrade.mahasamatman.com
2246,philmasters.org.uk
2247,home.swipnet.se
2248,modthesims2.com
2249,thegamesclub.org
2250,luckydays.tv
2251,penguspy.com
2252,wiifit.com
2253,nerolarp.com
2254,hirstarts.com
2255,chiptalk.net
2256,eastoftheweb.com
2257,referincome.com
2258,gamesindustry.biz
2259,boardgamecentral.com
2260,chess.ca
2261,artizandesigns.com
2262,onlinegamecommands.com
2263,eclipsephase.com
2264,onlinecraps.net
2265,isketch.net
2266,burgergames.com
2267,castleclassicarcade.com
2268,southernfoosball.com
2269,charli.org
2270,jazz2online.com
2271,warhammer40kbloodangels.blogspot.com
2272,ottawakiosk.com
2273,riograndegames.comangelfire.com
2274,mamedev.org
2275,gigamic.com
2276,fms.komkon.org
2277,gh.ffshrine.org
2278,commissionaccount.com
2279,house.leg.state.mn.us
2280,soreastcst.tripod.com
2281,compendia.co.uk
2282,cosmicencounter.com
2283,playdom.com
2284,zax.com.au
2285,gamejolt.com
2286,pandanet.co.jp
2287,histogame.de
2288,spielbox-online.de
2289,allstarpuzzles.com
2290,magicball.net
2291,actionpackedgaming.com
2292,rpsoft2000.com
2293,battlefront.co.nz
2294,game-lion.com
2295,hunterandlori.comelsewhere.org
2296,pokecommunity.com
2297,shockwave.com
2298,zj-mahjong.info
2299,europartners.com
2300,poxnora.com
2301,oratan.com
2302,uoforums.com
2303,retrogamingexpo.com
2304,daviddfriedman.com
2305,mrpuzzle.com.au
2306,mainelottery.com
2307,mrbillsadventureland.com
2308,vgaplanets.com
2309,arcaderestoration.com
2310,twopaths.com
2311,learnproblackjack.com
2312,positech.co.uk
2313,mknexusonline.com
2314,wcnews.com
2315,shinyspinning.com
2316,themaize.comalchemistmatt.com
2317,tdcgames.com
2318,mastersroulette.com
2319,non.com
2320,flippers.be
2321,discountarcade.com
2322,gamepile.comglobetrotter-games.comangelfire.commembers.tripod.comrobkelk.ottawa-anime.org
2323,dkmgames.com
2324,blackjackplus.org
2325,expekt.com
2326,vdlp.net
2327,pockettactics.com
2328,cosignconference.orgmackenty.org
2329,slashdot.org
2330,mercenaryminiatures.nstemp.com
2331,launch.groups.yahoo.com
2332,gameskinny.com
2333,delottery.com
2334,coinopwarehouse.com
2335,travian.com
2336,saskfoos.com
2337,freewebs.com
2338,boardgamers.org
2339,groups.yahoo.comgroups.yahoo.comc-o-g-s.org.uk
2340,dragons-inn.org
2341,rptools.net
2342,gamextazy.com
2343,tribond.com
2344,bantha.org
2345,worldoftanks.com
2346,scrabulizer.com
2347,universal-replayer.net
2348,geek-play.com
2349,culturavg.altervista.org
2350,oocities.org
2351,gamecolony.com
2352,pyramidacceptors.com
2353,crafty-games.com
2354,pj64-emu.com
2355,jesperkyd.com
2356,freebooterminiatures.de
2357,alderac.com
2358,blackjacksys.com
2359,crossword-puzzles.co.uk
2360,x-aviation.com
2361,usplayingcard.com
2362,ellatha.com
2363,samhulick.com
2364,wow-professions.com
2365,rouletteforum.comrobison.casinocitytimes.com
2366,icmoa.org
2367,popularculturegaming.com
2368,brandinooo.iwarp.com
2369,evilbobs.biz
2370,smashbros.tonyjiang.com
2371,curse.com
2372,bjsbingo.co.uk
2373,calvinayre.com
2374,wordles.com
2375,massassi.net
2376,affiliatelounge.com
2377,unlimitedwebgames.comoutland.org
2378,shadow-warriors.co.uk
2379,darkjedi.org
2380,flashgames247.com
2381,konzack.blogspot.com
2382,lees-bingo.co.uk
2383,valentgames.comangelfire.com
2384,decisiongames.com
2385,nfscars.net
2386,nintendoage.com
2387,rollingthunder.com
2388,gamecabinet.comhpssims.com
2389,sabledrake.com
2390,chaptermasters.com
2391,datarealms.com
2392,doris-frank.despotlightongames.com
2393,funcarddrinkinggames.com
2394,bgb.bircd.org
2395,amarriner.com
2396,darkneon.com
2397,umass.edu
2398,fnatic.com
2399,collegebeergames.com
2400,mogs.com
2401,ironphoenix.org
2402,abf.com.aujrok.com
2403,oregonsouth.com
2404,masque.com
2405,barafranca.com
2406,kohina.com
2407,netives.com
2408,kloppcoin.com
2409,teambingo.com
2410,mmhp.net
2411,slotsqueen.com
2412,bugmansbrewery.com
2413,abandonart.co.uk
2414,hot-lead.org
2415,dcbridge.com
2416,uffiliates.com
2417,quiz.ravenblack.net
2418,calottery.com
2419,arcade-classics.com
2420,horseisle.com
2421,seattlescrabble.org
2422,greatersouthern.com
2423,bet365affiliates.com
2424,forum.ragezone.com
2425,webring.orgsearchpuzzles.com
2426,streetplay.com
2427,wolfberg.net
2428,acerevenue.com
2429,ejagfest.de
2430,baytekgames.com
2431,wordtwist.org
2432,jukeboxbiz.com
2433,minnesotahorseshoes.comjarts.comoldtimegames.com
2434,bridgeinindia.homestead.com
2435,yugiohcardguide.com
2436,armageddon.org
2437,spotlightongames.com
2438,betdevil.com
2439,shamusyoung.com
2440,pyramid-games.com
2441,crazy4jigsaws.com
2442,mtgprice.com
2443,galottery.com
2444,harbesfamilyfarm.com
2445,puzzledepot.com
2446,webkinzinsider.com
2447,kokolikoko.com
2448,gamewright.com
2449,freeroms.com
2450,1up.com
2451,aoe3.heavengames.com
2452,gambitchess.com
2453,thedigitalfoundry.com
2454,pagat.comusgamesinc.com
2455,vgstrategies.about.com
2456,bridgeblogging.com
2457,funattic.comtradgames.org.uk
2458,nomic.net
2459,zylom.com
2460,slangdesign.com
2461,ebu.co.uk
2462,devilmaycry.org
2463,nebula.emulatronia.com
2464,jibbensoftware.com
2465,translatedmemories.com
2466,fillthevoid.org
2467,outsetmedia.com
2468,centralpagameclub.com
2469,sudoku.name
2470,cardplayer.com
2471,codetwink.com
2472,roulette30.com
2473,contrib.andrew.cmu.edu
2474,absp.org.uk
2475,puzzlerscave.com
2476,rybkaforum.net
2477,top-pbbg.com
2478,pspthemecentral.com
2479,mgmresorts.com
2480,elektronforge.com
2481,laurientaylor.org
2482,members.tripod.comthewinternet.comsuperaje.com
2483,gtvault.com
2484,siliconera.com
2485,passionforpuzzles.com
2486,instantcom.net
2487,3wideracing.com
2488,guilty-gear.wikia.com
2489,gotgame2.com
2490,stardock.com
2491,blackball.co.zapachinkoplanet.com
2492,gamedesire.com
2493,mess.org
2494,webring.orgtradgames.org.uk
2495,gamblingcompliance.com
2496,runehq.com
2497,probability.infarom.ro
2498,gamepile.com
2499,esl.eu
2500,tilestudio.sourceforge.net
2501,blackjackscience.com
2502,midwestgamingclassic.com
2503,whitewolf.wikia.com
2504,barryleitch.com
2505,dicesetter.com
2506,gamers-underground.com
2507,runescape.com
2508,csse.monash.edu.auacbl.org
2509,thedrunkenmoogle.com
2510,cluedofan.com
2511,lottomania.ch
2512,igamingaffiliateprograms.com
2513,system-martingale.com
2514,viktorygame.com
2515,scenics.co.uk
2516,irishpokerboards.com
2517,puzzlecrypt.com
2518,mariomonsters.com
2519,familybingocenter.com
2520,sotallytober.com
2521,contestgirl.com
2522,ionpool.net
2523,northstarfigures.com
2524,anagramgenius.com
2525,turbine.com
2526,kamloopian.comangelfire.com
2527,miniclip.com
2528,rpg.stackexchange.com
2529,pmanager.org
2530,busch-model.com
2531,entropyglobal.com
2532,casinoaffiliateprograms.comwinstuff.co.nz
2533,fun2play.com
2534,rpg_tips.tripod.com
2535,insystem.com
2536,compmike19.com
2537,wow.gamepedia.com
2538,roborally-editor.net
2539,virtuanes.s1.xrea.com
2540,gambling.co.ukfruitkingspartners.com
2541,candystand.com
2542,doublefine.com
2543,gamecheats.uw.hu
2544,golden-throne.com
2545,championshipmanager.co.uk
2546,flyingmoose.org
2547,kmgassociates.com
2548,azzer.com
2549,onlinepokernews.in
2550,webvroom.com
2551,stickypiston.co
2552,goproblems.comspotlightongames.com
2553,jaapsch.net
2554,d16acbl.org
2555,learntodeal.com
2556,mah-jongg-forum.de
2557,jergames.blogspot.com
2558,blackjackinfo.com
2559,britfoos.com
2560,slothill.com
2561,worldsfair.co.uk
2562,sonichurricane.com
2563,materiamagica.com
2564,stella.sourceforge.net
2565,chessvideos.tv
2566,giantbomb.com
2567,cornmaze.ca
2568,artwho9figurepainting.co.uk
2569,wbfmasterpoints.com
2570,personal.utulsa.edu
2571,sakuralover.tripod.com
2572,superfamicom.org
2573,igbaffiliate.com
2574,speedsudoku.com
2575,fantascene.net
2576,jorisdormans.nl
2577,ericzimmerman.com
2578,pngaming.com
2579,gla.ac.uk
2580,puzzles.force9.co.uk
2581,qwksilver.com
2582,modsonline.com
2583,avsim.com
2584,bridgeguys.com
2585,worldcrokinole.com
2586,wargamer.com
2587,lanceandeskimo.com
2588,puppygames.net
2589,gamblinginfo.com
2590,royal.gov.uk
2591,fly.hiwaay.net
2592,pokeraffiliatelistings.com
2593,coinoprides.com
2594,home.pacifier.comgames.groups.yahoo.com
2595,warhorsesim.com
2596,ideafinder.com
2597,bluesnews.com
2598,gamesbyemail.com
2599,gelaendestuecke.de
2600,amadistributors.com
2601,travellermap.com
2602,galciv3.com
2603,uk.groups.yahoo.com
2604,eurogamer.net
2605,wowgoldfinder.com
2606,furry-paws.com
2607,acemile.ca
2608,macplay.com
2609,callofduty.com
2610,sweepsadvantage.com
2611,ouma.jplacrosse119.tripod.com
2612,hockeydraft.ca
2613,pong-story.com
2614,dillygreenbeangames.com
2615,tnlc.com
2616,grudge-match.com
2617,extrememathgames.com
2618,gyrne.de
2619,dskelly.com
2620,18xx.net
2621,the-spoiler.com
2622,abaco-gm.com
2623,japanesemahjong.net
2624,thechessmind.net
2625,beaurivage.com
2626,dragonrage.freeservers.com
2627,logler.com
2628,footballwarroom.com
2629,gold4key.com
2630,videogames101.net
2631,playonline.com
2632,8linesupply.com
2633,agdinteractive.com
2634,achaea.com
2635,aq.com
2636,gamerlaunch.com
2637,onlinerummy.co.uk
2638,100dof.com
2639,agtp.romhack.net
2640,gamingupdate.com
2641,gamersdatabase.com
2642,videogamecons.com
2643,phoenixorder.com
2644,ogrecave.com
2645,users.telenet.be
2646,betangel.com
2647,gemacocards.com
2648,mysite.verizon.net
2649,oracleofbacon.orgehow.com
2650,finalfantasyxiv.com
2651,superliminal.com
2652,thegamblingtimes.com
2653,dragonslayers.org.uk
2654,ninjafortress.com
2655,bingobuddies.com
2656,kslottery.com
2657,realitymod.com
2658,poker.webware.ee
2659,warpstoneflux.blogspot.com
2660,arcade-history.com
2661,drinkinggames.co.uk
2662,cmikehardy.tripod.com
2663,chesstempo.com
2664,furnesswargamers.org
2665,riverdark.net
2666,elephanticity.250x.com
2667,en.bab.la
2668,sindome.org
2669,sweepsheet.com
2670,mpamusement.com
2671,allowe.com
2672,westpark-gamers.de
2673,usscapricorn.freeservers.com
2674,highway.net.au
2675,lineage2.com
2676,worldconkerchampionships.comgahpa.com
2677,seekrieg.com
2678,crashtacklerugbygame.com
2679,creativeuncut.com
2680,centralamusement.com
2681,x-plane.org
2682,drinktothecredits.com
2683,rdinn.comfoolsandheroes.org
2684,myleague.com
2685,mahjongg.com
2686,fnaflore.com
2687,megagame-makers.org.uk
2688,discuss.mysterynet.comeasttennesseegamers.com
2689,webpages.charter.net
2690,sonic.neoseeker.com
2691,islandnet.com
2692,40kforums.com
2693,tournamentpools.com
2694,network54.com
2695,shiftinglands.com
2696,tombraiderchronicles.com
2697,horseracegame.com
2698,nylottery.ny.gov
2699,warfactory.co.uk
2700,vekn.de
2701,rpbridge.net
2702,pagat.com
2703,terrainosaur.com
2704,wowwiki.wikia.com
2705,deepfun.com
2706,sloperama.com
2707,pax.wikidot.com
2708,modernpinballnyc.com
2709,heroescommunity.com
2710,dreamhomearcades.com
2711,funagain.com
2712,pyron81.tripod.com
2713,readybetgo.com
2714,partypoker.com
2715,designersnotebook.comcoin-operated.com
2716,bradydist.com
2717,casinosofmayfair.com
2718,nelottery.comtrpublishing.com
2719,samkass.com
2720,blackjackcenter.info
2721,tmcards.com
2722,betfilter.com
2723,roobik.com
2724,curmudgeongamer.com
2725,infoplease.com
2726,lostsouls.org
2727,computermuseum.bigpondhosting.com
2728,crystalsquid.com
2729,nypinball.com
2730,drowcampaign.roleplaynexus.com
2731,criticalmiss.com
2732,thexbfl.com
2733,wiifitu.nintendo.com
2734,texas42.net
2735,brainsavvy.com
2736,boardgameswithscott.com
2737,scrabblewordfinders.net
2738,pooltracker.com
2739,egamingonline.com
2740,killersudokuonline.com
2741,myrealgames.com
2742,highstakesdb.com
2743,lotterypost.com
2744,verge-rpg.com
2745,globetrotter-games.comen.wikipedia.org
2746,pspuzzles.com
2747,bridgeacademyofnorthdallas.com
2748,rdinn.comcommissionedcomic.com
2749,playtod.eu
2750,unity3d.com
2751,windrawwin.com
2752,drinkinggames.com
2753,dannypelfrey.com
2754,usgo.org
2755,ea.com
2756,thor.mirtna.org
2757,pattayabridge.com
2758,licht.onlinehome.de
2759,lorientrust.com
2760,spiritmountain.com
2761,mousebreaker.com
2762,tiddlywinks.org
2763,gamescom-cologne.com
2764,fatmessiahgames.com
2765,tosasoft.com
2766,facebook.comcricro.com
2767,infendo.com
2768,thepokerbank.com
2769,shingotink.tripod.com
2770,uib.noscit.wlv.ac.uk
2771,acid-play.com
2772,schubart.net
2773,theadventuringparty.libsyn.com
2774,mithril.ie
2775,renoweb.net
2776,madalfred.com
2777,candlekeep.com
2778,basementarcade.com
2779,charitablegaming.com
2780,middle-earth.us
2781,wrt.ucr.edu
2782,cubicdissection.com
2783,holf.orgmathworld.wolfram.com
2784,xoohq.com
2785,twfigurines.de
2786,mmoglossary.com
2787,castlekits.com
2788,mtgcombos.com
2789,abrahamamusement.com
2790,gamepuzzles.comarchimedes-lab.org
2791,mars.org.au
2792,ababasoft.com
2793,boardgamegeek.comgames.groups.yahoo.com
2794,luding.org
2795,modernjive.com
2796,jspuzzles.com
2797,wowinterface.com
2798,wordzap.com
2799,vatsim.net
2800,projectlabyrinth.com
2801,games.chruker.dk
2802,mcprohosting.com
2803,chessandpoker.com
2804,x-plane.com
2805,dirkdancer.comicgenesis.com
2806,khinsider.com
2807,i4u.com
2808,bradygames.com
2809,stud.ntnu.no
2810,aaronin.jp
2811,fabfan.com
2812,icedheart.pagesperso-orange.fr
2813,edgelib.com
2814,digipen.edu
2815,ourgtasanandreas.blogspot.com
2816,fooswatch.com
2817,canadapoker.com
2818,famesoft.ru
2819,crossingzebras.com
2820,cheatsgalore.freehosting.net
2821,hafhead.com
2822,russprince.com
2823,fragorgames.com
2824,devilmaycry.com
2825,zsnes.com
2826,englishchess.org.uk
2827,speedsolving.com
2828,wow-strategy.com
2829,casino-crush.com
2830,ifelix.co.uk
2831,slotmachinesystems.net
2832,eastcoastamusements.com
2833,elb-kendo-und-zinnfigur.de
2834,wipeoutzone.com
2835,whimsyload.com
2836,trio-tech.com
2837,shiftedlands.com
2838,lysator.liu.se
2839,users.iafrica.com
2840,tera.enmasse.com
2841,sydneysbingolounge.com.au
2842,chaosium.com
2843,crapsdicecontrol.com
2844,deadgentlemen.com
2845,casinocity.com
2846,fanwar.comroleplayingtips.com
2847,howzat.comja-galaxy-forum.com
2848,red-dragon-terrain.com
2849,nchpa.com
2850,cellard.com
2851,gammonvillage.com
2852,smrpgsecrets.tripod.com
2853,vrpa.ca
2854,videoslotmachines.com
2855,en.wikipedia.org
2856,crosswordsuk.net
2857,visionnet.nl
2858,adnddownloads.com
2859,spyhunter007.com
2860,coolminiornot.com
2861,brasington.org
2862,castscapes.com
2863,portunionpinball.com
2864,lottery.merseyworld.com
2865,cybershack.com.au
2866,ifcomp.org
2867,diplom.orgalumilite.com
2868,wowhead.com
2869,dksplace.comupcomingcons.com
2870,videogaming.com
2871,gameglade.com
2872,nfshome.com
2873,phwg.wz.cz
2874,vgmusic.com
2875,3dlabs.com
2876,printandplay.blogspot.com
2877,nirya.be
2878,eternal_void_mi.tripod.com
2879,eblong.com
2880,cornholecornhole.com
2881,etwa.org
2882,theborgata.com
2883,planetarion.com
2884,stratusgames.com
2885,genesisminiatures.com.au
2886,gamasutra.com
2887,maaca.org
2888,anguscreighton.com
2889,ngage.ign.com
2890,jabosoft.com
2891,words-of-fortune.soft112.com
2892,scotiagrendel.com
2893,necronhulk.co.uk
2894,themodernwarfare2.com
2895,immersion.com
2896,letterbox.lexigame.com
2897,subsim.com
2898,ageforfun.com
2899,pbs.org
2900,livecasinopartners.com
2901,yugiohrealms.com
2902,vespermanfarms.com
2903,houstongamers.org
2904,streakgaming.com
2905,tokencompany.com
2906,milminusa.com
2907,pitchastory.com
2908,chesstactics.org
2909,onyxsparrow.com
2910,csmonitor.com
2911,faqs.org
2912,novag.org
2913,birthright.net
2914,tribalwar.com
2915,robocode.sourceforge.net
2916,jomac.net.au
2917,netrunneronline.com
2918,pinballuniverse.com
2919,silenthillheaven.com
2920,incgamers.com
2921,michigan.gov
2922,casinodelsol.com
2923,cheathappens.com
2924,sanyal.com
2925,broadwaygaming.com
2926,ndadarts.com
2927,railgamefans.com
2928,dh.abomb.info
2929,bluetablepainting.com
2930,eurekamin.com.au
2931,247freepoker.com
2932,users.ox.ac.uk
2933,mameui.info
2934,gokgs.com
2935,romhacking.net
2936,mahjongcalculation.com
2937,redzoneaction.org
2938,bogglewords.com
2939,srcds.com
2940,grandprixintl.com
2941,quake3world.com
2942,gamespot.comteamcovenant.com
2943,eveonline.com
2944,hoplon.bravepages.com
2945,xona.com
2946,epicwargaming.com
2947,mopinball.com
2948,oflm.co.uk
2949,darkon.org
2950,simcity.com
2951,whiteknucklecards.com
2952,gamesradar.com
2953,home.halden.net
2954,ziskind.com
2955,grail.sourceforge.netgambling-baccarat.com
2956,foosball.com.au
2957,stockholm.pinball.org
2958,et.splatterladder.com
2959,videogamer.com
2960,foosmanchu.com
2961,dragcave.net
2962,multiplay.com
2963,metroid-database.com
2964,vgchat.com
2965,angelmccoy.com
2966,worldwidewords.org
2967,skytopia.com
2968,iccup.com
2969,alt-starfleet-rpg.org
2970,iccf.com
2971,s4.invisionfree.com
2972,hoboes.com
2973,matrixgames.com
2974,orderofgamers.com
2975,forrest-pruzan.com
2976,tinyfugue.sourceforge.net
2977,webmuppet.tripod.com
2978,quizyourfriends.com
2979,hmwrs.com
2980,it-c.dk
2981,romcenter.com
2982,setgame.com
2983,gotpong.com
2984,mafiascene.com
2985,crosswordpuzzlegames.com
2986,monopolytournaments.com
2987,springridgefarm.com
2988,idaholottery.com
2989,botpma.com
2990,beirut-guide.com
2991,scenicexpress.com
2992,theweekinchess.com
2993,arosbb.dkpryderockindustries.com
2994,sanmanuel.com
2995,gtasanandreas.net
2996,multimanpublishing.comusers.resourceinternational.com
2997,fwrestling.com
2998,griddlers.netchessanytime.com
2999,famoushookups.com
3000,gaming-age.com
3001,chinaamusement.comgameworks.com
3002,doorgames.org
3003,americanturf.com
3004,gamespot.comthemushroomkingdom.net
3005,bestforpuzzles.com
3006,atariage.com
3007,witchhunter.net
3008,drunkball.com
3009,intertops.eu
3010,lanoc.org
3011,ogp.zhilko.dk
3012,despotmedia.com
3013,playok.comgamemecca.net
3014,chick.com
3015,lord.lordlegacy.com
3016,clickmazes.com
3017,jilltxt.net
3018,crabclan.stormloader.com
3019,quietspeculation.com
3020,puzzlemix.com
3021,nertz.com
3022,solsuite.com
3023,dakkadakka.com
3024,heroscapers.com
3025,chessa.co.za
3026,vetasoft.com
3027,bestclubpenguincheats.com
3028,ifgs.org
3029,spwgame.com
3030,com-www.com
3031,oneacross.com
3032,wowprogress.com
3033,knutepunkt.org
3034,acm.org
3035,sports.groups.yahoo.com
3036,nba-live.com
3037,tombola.co.uk
3038,snrclan.com
3039,triviaplaza.com
3040,mysticrealms.com
3041,drink101.com
3042,khngai.com
3043,solutionarchive.com
3044,team-dignitas.net
3045,mefferts.com
3046,internetvideopoker.org
3047,ai.sri.com
3048,finegamedesign.com
3049,pechanga.com
3050,insidefoos.com
3051,puzzles.about.com
3052,dustgame.com
3053,nofearbridge.co.uk
3054,7sudoku.com
3055,audioatrocities.com
3056,braid-game.com
3057,unotips.org
3058,evilavatar.com
3059,web.kyoto-inet.or.jp
3060,square-enix.com
3061,learnplaywin.net
3062,trevorstone.orglotrtcgtrading.tripod.comangelfire.com
3063,gobase.org
3064,zgroup-mobile.com
3065,baccus6mm.com
3066,dengine.net
3067,yog-sothoth.com
3068,choctawcasinos.com
3069,ccgdb.comemon.iwarp.comjawaking00.tripod.com
3070,itsyourturn.com
3071,covergalaxy.com
3072,alfrancesco.com
3073,lottostrategies.com
3074,tc.umn.edu
3075,transgaming.com
3076,wizards.com
3077,thebingoaffiliates.com
3078,jan.ucc.nau.edu
3079,nvidia.com
3080,theassaultgroup-shop.co.uk
3081,gpwa.org
3082,foosballsoccer.com
3083,ludumdare.com
3084,tccorp.com
3085,ostermiller.orgdrinksmixer.com
3086,mmo1st.com
3087,avalon-rpg.com
3088,thegamerstop.com
3089,eve-search.com
3090,madlibs.org
3091,clickteam.com
3092,elorift.com
3093,lebensraum2000.tripod.com
3094,kingspoom.blogspot.com
3095,gamecheats.eu
3096,trainsim.ru
3097,bridge7.com
3098,thechessworld.com
3099,billbrownmusic.com
3100,ddcaz.com
3101,gamevial.com
3102,karlscherer.com
3103,maroon.com
3104,smart.herocraft.com
3105,logosresourcepages.orgobsidianportal.com
3106,magicspoiler.com
3107,bopmtg.net
3108,torontoscrabbleclub.com
3109,iconoclast.orggamerz.net
3110,slothmud.org
3111,mrsgiggles.com
3112,wordsplashpro.chronasoft.com
3113,frontrank.com
3114,joshrenaud.com
3115,namco.co.jp
3116,princed.org
3117,baccaratonline.cocoronetbingo.com
3118,devrs.com
3119,jayisgames.com
3120,toadflaxgames.co.uk
3121,desmume.org
3122,soniccenter.org
3123,rexwordpuzzle.blogspot.com
3124,mail.sjgames.comdn-allen.supanet.com
3125,videopokerhelp.net
3126,crosswordunclued.com
3127,creasey.caangelfire.com
3128,bronzeagemin.com
3129,garthac.com
3130,tabletopbaseball.org
3131,fearless-assassins.com
3132,gamerankings.com
3133,gamecabinet.com
3134,heritageplayingcards.com
3135,totalwar.org
3136,adventurer.worldofbelushi.de
3137,kantarbridge.com
3138,crasi4stuff.tripod.com
3139,gamblingaffiliateprograms.co.uk
3140,chessprogramming.wikispaces.com
3141,side8.com
3142,planetvb.com
3143,bootaesbloodyblog.blogspot.com
3144,fantasyflightgames.com
3145,thewaaaghstudios.com
3146,warrioronline.demon.co.uk
3147,thinkthin.myweb.hinet.net
3148,anguish.org
3149,gwages.com
3150,operationplastic.com
3151,bingoconnection.ca
3152,tombraider.com
3153,hahmgs.org
3154,marksteeregames.com
3155,mahjongtime.com
3156,cheatcc.com
3157,sportingbet.com
3158,classictw.com
3159,turbotourney.compapers.ssrn.com
3160,mahjong-co.narod.ru
3161,john-solitude.be
3162,fireandfury.com
3163,free-sudoku.com
3164,jigzone.com
3165,cgwmuseum.org
3166,heartlandcountrycornmaze.com
3167,bitshifters.comtarock.net
3168,tads.org
3169,thechoicegame.com
3170,ohacks.com
3171,eposic.comgames.groups.yahoo.com
3172,harmonixmusic.com
3173,fightingfantasy.wikia.com
3174,askforcheats.com
3175,sudoku.org.uk
3176,centraloutpost.com
3177,pathguy.com
3178,acalltoduty.com
3179,vegaskings.com
3180,rouletteforum.cc
3181,gamebanshee.com
3182,rpggateway.com
3183,qfeast.com
3184,stockfishchess.org
3185,minecraftdl.com
3186,smartluck.com
3187,scv.bu.edu
3188,lw-oasis.org
3189,olg.ca
3190,7dfps.com
3191,novahq.net
3192,ultimate-party-game.com
3193,geekstoy.com
3194,outpostbbs.net
3195,cruciverb.combuffalogames.com
3196,boggle-game.comworldbunco.com
3197,video-poker-strategy.net
3198,adrift.co
3199,tablehockeyheaven.com
3200,fceux.com
3201,free-game-downloads.mosw.com
3202,members.optusnet.com.au
3203,spring4sims.com
3204,lcoat.tripod.com
3205,mcmiddleearth.com
3206,roulette-king.com
3207,daphne-emu.com
3208,globalvr.com
3209,gamesalad.com
3210,astralgameservers.com
3211,mtggoldfish.com
3212,vaguenet.com
3213,palmroot.com
3214,safeharborgames.net
3215,eduplace.com
3216,pdroms.de
3217,atfclan.com
3218,blocksandgold.com
3219,ugcleague.com
3220,t2tmud.org
3221,civfanatics.com
3222,wiki.eveonline.comlarashots.com
3223,kalador.com
3224,rfgeneration.com
3225,pinpedia.comcentsibleamusements.com
3226,darkforcesmush.wikia.com
3227,northernquest.com
3228,dailywordsearch.comkefkefkef.com
3229,rpggamer.org
3230,sigchi.org
3231,soccergaming.com
3232,xplanefreeware.net
3233,sicbohub.com
3234,spartans.org.uk
3235,pickhoops.com
3236,timersoft.com
3237,mysticstation.com
3238,bjtournaments.com
3239,chess-poster.com
3240,cheatcodes.com
3241,paxsite.com
3242,pinballmafia.net
3243,cheatingdome.com
3244,i-mockery.com
3245,sorvan.com
3246,californiabingo.com
3247,onlinecasinobluebook.com
3248,hexolabs.com
3249,convivium.org.uk
3250,bat.org
3251,zone.msn.com
3252,usfine.com
3253,bingopalace.co.uk
3254,postcodelottery.co.uk
3255,crowolf.net
3256,boardgames.about.com
3257,imperialusa.com
3258,figurepainters.com
3259,rilot.com
3260,arolosweyr.co.uk
3261,turborilla.com
3262,sprubitz.co.ukcompassistwargames.com
3263,waylandgames.co.uk
3264,svencoop.com
3265,puzzlers.org
3266,gameranx.com
3267,supercheats.com
3268,allslotsgames.com
3269,xboxaddict.com
3270,shiningstar.net
3271,tsoalr.com
3272,9thlevel.com
3273,mgsforums.com
3274,cheatchest.com
3275,studentdrinkinggames.com
3276,playingcards.com
3277,grid-iron.org
3278,nytimes.com
3279,wizardofodds.com
3280,expert-chess-strategies.com
3281,bbgsite.com
3282,games-db.com
3283,longestjourney.comarcadetown.com
3284,affiliateclub.com
3285,dailygame.net
3286,homepinballrepair.com
3287,n4g.com
3288,ozhammer.webs.com
3289,gamingfloor.biz
3290,dickestel.com
3291,blackjackwithclass.com
3292,dreamauthentics.com
3293,yss-aya.com
3294,gtseriescenter.com
3295,oldglory15s.com
3296,gameport.com
3297,mmosale.com
3298,magiclibrarities.net
3299,icculus.orgcybergamer.com
3300,empireminecraft.com
3301,tin-soldier.comstreetgangs.comangelfire.com
3302,f13.net
3303,warrealm.iwarp.com
3304,mmosite.com
3305,gamebooks.org
3306,mtgjunkie.com
3307,chatmapper.com
3308,bellmaze.com
3309,pinballnirvana.com
3310,funwithpuzzles.com
3311,thievesguild.cc
3312,pirategalaxy.com
3313,mdbeerpong.com
3314,theblisspages.com
3315,piratescovegame.com
3316,gamewinners.com
3317,photoplay.com
3318,montanalottery.com
3319,bingoplayer.ca
3320,simblob.blogspot.com
3321,boardgamegeek.com
3322,tradecardsonline.comgames.groups.yahoo.com
3323,totalwar.com
3324,arizonalottery.com
3325,battleon.com
3326,larc.unt.edu
3327,affiliatebible.com
3328,drivehud.com
3329,popcap.com
3330,xbox-hq.com
3331,vbaddict.net
3332,wiki.beyondunreal.com
3333,epmgames.com
3334,fatman.com
3335,mmopawn.com
3336,onlinecrapsplayer.com
3337,casinomeister.com
3338,bungie.net
3339,unscramble.com
3340,illinoislottery.com
3341,bettingpartners.com
3342,familygames.com
3343,spelljammer.org
3344,pcgamer.com
3345,dota-utilities.com
3346,oursalvation.com
3347,arcadeshopper.comrandyfromm.com
3348,sudoku.com.au
3349,eve-survival.org
3350,palottery.state.pa.us
3351,culturalpolicy.uchicago.edu
3352,foosballheaven.com
3353,rebubbled.com
3354,printable-sudoku-puzzles.com
3355,rubikscube.info
3356,aroundtheworldgames.com
3357,swath.net
3358,orpga.tripod.com
3359,gamershell.com
3360,survivalservers.com
3361,dolphinsim.com
3362,sentex.net
3363,itch.io
3364,doomwiki.orgfs2000.org
3365,wilderdom.com
3366,spearhead1944.com
3367,dur.ac.uk
3368,aspyr.com
3369,davisfarmland.com
3370,nexon.net
3371,roulettesystem.org
3372,poolhost.com
3373,freelunchdesign.com
3374,modelyard.co.uk
3375,pbegames.com
3376,deltroniclabs.com
3377,txshowdown.com
3378,darklegacycomics.com
3379,cyberboard.brainiac.comdragonsanddanes.tripod.com
3380,byond.com
3381,phoenyx.net
3382,competitiveproducts.comvendingconnection.com
3383,e3expo.com
3384,vx9.com
3385,freegamepick.com
3386,historicgames.com
3387,breakintochat.com
3388,dice.se
3389,randomdice.com
3390,papa.org
3391,jigsawplanet.com
3392,lyonspinball.com
3393,puzzleconnection.com
3394,yugiohforums.com
3395,gamblesoft.com
3396,cgmagonline.com
3397,crimescene.com
3398,users.dircon.co.uk
3399,zuggsoft.com
3400,stormspire.net
3401,diplomacy-archive.com
3402,blackjack-info.net
3403,mackrafty.tripod.com
3404,triplebfarms.com
3405,brickcommander.com
3406,justriddlesandmore.com
3407,videopokerreview.com
3408,amazeingart.com
3409,lanceandlongbow.com
3410,wiichat.com
3411,johnnycraps.com
3412,playcharitypoker.net
3413,ew.combygamer.com
3414,dreamholme.co.uk
3415,mah-jong.dfdanse.com
3416,jdip.sourceforge.net
3417,jason.wumple.com
3418,carp-mi.net
3419,ojohaven.com
3420,cornholeplayers.net
3421,hcl-bridge.com
3422,pinballexpo.net
3423,bit-blot.com
3424,ultimatearcade.com
3425,dmpweb.net
3426,contests.covers.com
3427,minecraft.gamepedia.com
3428,motorcitycasino.com
3429,blackjacklife.com
3430,britgo.org
3431,asahina.4t.com
3432,herogames.com
3433,internetgames.about.com
3434,teamliquid.net
3435,mtgstudio.com
3436,lonesomevalleyfarms.com
3437,aom.heavengames.com
3438,meccabingo.com
3439,torillsin.blogspot.com
3440,arcadebelgium.be
3441,gamingtrend.com
3442,pinballmedic.net
3443,engine001.com
3444,wordsolver.net
3445,gamedesign.jp
3446,netlaputa.ne.jp
3447,cornmazesamerica.com
3448,wordwrap.de
3449,scrabble-word-finder.com
3450,game.itu.dkgamestudies.orghome.nvg.org
3451,bobsbingo.com
3452,dragonslairfans.com
3453,trsearch.org
3454,mcedit.net
3455,ne.jp
3456,darkwing.uoregon.edu
3457,knightrealms.com
3458,cactusgamedesign.comchimpshack.org
3459,tcsjohnhuxley.com
3460,roulettecomputerreviews.com
3461,icy-veins.com
3462,libsdl.org
3463,cheaters-heaven.com
3464,thegamingonline.com
3465,infinite-story.com
3466,goldentee.com
3467,thegamegallery.com
3468,psycnet.apa.org
3469,karisable.com
3470,bolterandchainsword.com
3471,grassgames.com
3472,kotaku.com.au
3473,gamezone.com
3474,projectaon.org
3475,generaldebrigade.blogspot.com
3476,gamegirladvance.com
3477,ringthis.com
3478,webtender.com
3479,king.com
3480,chessvariants.com
3481,sapphiregames.com
3482,klastrup.dk
3483,gambling-law-us.com
3484,deith.com
3485,bjrnet.com
3486,primetimeamusements.com
3487,zophar.net
3488,bitforge.ch
3489,garethjmsaunders.co.uk
3490,halo.bungie.org
3491,bridgehands.com
3492,totalsystemscenic.com
3493,jukeboxrepairservice.com
3494,epoch-larp.ca
3495,educationworld.com
3496,spruegrey.com
3497,wargametactics.com
3498,crockford.com
3499,blackjackreview.com
3500,notch.tumblr.com
3501,sourceforge.net
3502,bj21.com
3503,mudstats.com
3504,fiendishsudoku.com
3505,modernspearhead.net
3506,twisteddirt.com
3507,msri.org
3508,theoldcomputer.com
3509,3dgamestudio.com
3510,parttimepoker.com
3511,spiritsoftheearth.net
3512,xmission.com
3513,adventurers.keenspot.com
3514,americangaminginc.com
3515,dragonwolves.com
3516,gameogre.com
3517,dicelog.com
3518,rpg-sandiego.org
3519,milletsfarmcentre.com
3520,bingogamingnews.com
3521,pulpgamer.com
3522,garoumush.org
3523,findtheword.info
3524,fragnet.net
3525,warflag.com
3526,qj.net
3527,looneylabs.com
3528,home.arcor.de
3529,ans.com.au
3530,logicmazes.com
3531,cardgamesplanet.com
3532,ifarchive.org
3533,chorly.com
3534,gelat.com
3535,board-game-rules.com
3536,ginrummy.com
3537,retrogamesblog.co.ukpurepwnage.com
3538,pbmcube.com
3539,bonnybrookfarms.com
3540,lanets.ca
3541,rpi.edu
3542,cheatcodesclub.com
3543,websudoku.com
3544,designersnotebook.comiksmobile.com
3545,elektronik.co.uk
3546,dribbleglass.com
3547,warfish.net
3548,consimworld.com
3549,forums.tauonline.org
3550,americangaming.org
3551,essexminiatures.co.uk
3552,travian.kirilloid.ru
3553,rflan.organgelfire.com
3554,walottery.com
3555,essentialmagic.com
3556,ryan.skow.org
3557,horseshoepitching.com
3558,minetrack.net
3559,pbm.com
3560,chessgames.com
3561,winning-moves.com
3562,emt.uk.tripod.comorderoftheflame.tripod.com
3563,forums.xbox.com
3564,worldofdarkness.com
3565,nhlottery.com
3566,kingof20.com
3567,pinkymcdrinky.com
3568,manythings.org
3569,roulettesystems.org
3570,pinballowners.com
3571,mkshrine.com
3572,kriegsmann.tripod.com
3573,section8gaming.com
3574,livingscenes.com
3575,gcompris.net
3576,rewardsaffiliates.com
3577,multigame.com
3578,theadvantagegambler.com
3579,elite-systems.co.uk
3580,lifeformentertainment.com
3581,easports.com
3582,web.mit.edu
3583,epuzzle.info
3584,monochrom.at
3585,mezelmods.com
3586,beatblackjack.org
3587,bezumie.com
3588,gametabs.net
3589,gamecabinet.comboardgamespub.com
3590,quarterarcade.com
3591,www2.odn.ne.jpshowdowncards.com
3592,wingnutgames.com
3593,erichotz.com
3594,recombobulated.blogspot.com
3595,magiceye.com
3596,playonlinepool.com
3597,mysteryoftheabbey.com
3598,thefixsite.com
3599,macrolab-online.com
3600,smspower.org
3601,hobbitshole.com
3602,schwarzmurmler.detradgames.org.uk
3603,armchairgeneral.com
3604,gokifu.com
3605,wildtangent.com
3606,daveandbusters.com
3607,news.bbc.co.uk
3608,testors.com
3609,kamranweb.com
3610,thesimsresource.com
3611,cad-comic.com
3612,hat.com
3613,awsoftware.org
3614,ggmania.com
3615,wixerind.com
3616,syberia.microids.com
3617,techinterview.org
3618,pokerhand.org
3619,japanese-mahjong.comdiscovergames.comquintogame.com
3620,wvscrabble.com
3621,rpg-soc.ucam.org
3622,sonicmayhem.com
3623,cardgamereport.wordpress.com
3624,mugenation.com
3625,download-texas-holdem-poker.com
3626,weekendwarlords.co.uk
3627,truthq.com
3628,intelligent-artifice.combeyblade.comb4tv.co.uk
3629,cross-tables.com
3630,superiorshare.com
3631,miniaturelovers.com
3632,flashflashrevolution.com
3633,bartonorchards.com
3634,cardsanddominoes.com
3635,freeworldgroup.com
3636,cafegames.wordpress.com
3637,arkadium.com
3638,hull-o.com
3639,vegasjackpotgold.com
3640,battletechuniverse.org
3641,agentix.org
3642,aoczone.net
3643,acgames.com
3644,mobilepie.co.ukintellivisionlives.com
3645,polhemus.com
3646,clairebridge.com
3647,grafstar.com
3648,rpgcentral.zophar.net
3649,mutantsandmasterminds.com
3650,soaringeaglecasino.com
3651,larp.com
3652,pacman.com
3653,sheepshead.org
3654,wso.williams.edu
3655,chess.emrald.net
3656,dominoopen.64g.ru
3657,terrascenic.co.uk
3658,teachmecraps.com
3659,duke322.tripod.com
3660,laslots.com
3661,h2g2.com
3662,tombraidergirl.com
3663,humanities.mcmaster.ca
3664,angelfire.com
3665,turboduck.net
3666,conceptispuzzles.com
3667,guildhelper.com
3668,solecismic.com
3669,vtlottery.com
3670,gameloft.com
3671,wsop.com
3672,worldcubeassociation.org
3673,mortalkombatonline.com
3674,ryangenno.tripod.com
3675,lostworlds.20m.com
3676,howtoplaystuff.com
3677,oddschecker.com
3678,bonusparadise.com
3679,glassmarbles.com
3680,cheat-database.com
3681,cherrycrestfarm.com
3682,webspace.webring.com
3683,vegasinsider.com
3684,disneytrivia.net
3685,campaignmastery.com
3686,mystonline.com
3687,barelybad.com
3688,gamemusic.ca
3689,g4tv.com
3690,clashofarms.com
3691,tt-forums.netadamjava.com
3692,greatbridgelinks.com
3693,elibs.com
3694,bjrm2000.com
3695,home.earthlink.net
3696,solving-cryptics.com
3697,sportsinsights.com
3698,wvlottery.com
3699,piratesahoy.net
3700,wordassociation.org
3701,puzzlesolver.com
3702,clubxiangqi.com
3703,offgamers.comdarkstarllc.com
3704,pvv.ntnu.no
3705,reinforcementsbypost.com
3706,wildstar-online.com
3707,gameservers.com
3708,stableking.com
3709,mmosavor.com
3710,cubeman.org
3711,betus.com.pa
3712,armaholic.com
3713,365chess.com
3714,bravofleet.com
3715,carls-sims-3-guide.com
3716,taleworlds.com
3717,monopoly-man.com
3718,perrinworlds.com
3719,prowagersystems.com
3720,mume.org
3721,thegoodgamblingguide.co.uk
3722,leaguecraft.com
3723,onlinebingo.eu
3724,nexusmods.com
3725,ufplanets.com
3726,blackjackage.com
3727,direpress.bin.sh
3728,amtgard-wl.com
3729,brewthis.com
3730,bvspoker.com
3731,games.reveur.de
3732,pursuingtrivia.com
3733,princeaugust.ie
3734,browsermmorpg.com
3735,blackborder.com
3736,metroho.com
3737,thesims3.com
3738,polyticks.com
3739,puzzlemaps.com
3740,t-molding.comactiongame-usa.com
3741,kotaku.com
3742,islesofdarkness.com
3743,primarygames.com
3744,teddybearbunco.comrandomdice.com
3745,ausretrogamer.com
3746,blizzard.com
3747,navycs.com
3748,qfit.com
3749,indiecade.com
3750,level80.co.uk
3751,ivao.aero
3752,unigamesity.com
3753,printgames.net
3754,funhouseamusements.com
3755,alternative-armies.com
3756,azmetro.com
3757,gammon.com.au
3758,cartamundi.com
3759,umichiganpoker.com
3760,warmacre.coms3.invisionfree.com
3761,flyordie.com
