1,spiceplace.comsouthernfood.about.com
2,euroncap.com
3,pfaf.org
4,globalauctionguide.com
5,911uk.com
6,solutionsforyou.com
7,buildingconservation.com
8,emmitsburg.net
9,cyndislist.com
10,historicbldgs.com
11,golfballselector.com
12,chilicooks.com
13,ncmg.blogspot.com
14,carseat.org
15,chefgeorgehirsch.com
16,timssquarefootgarden.comschoolgardenwizard.org
17,plantfacts.osu.eduangelfire.com
18,nybg.org
19,iasa.com.au
20,thefrugaltoad.com
21,aznps.com
22,123sortit.com
23,hondanews.comtheherzogenaurachstory.co.uk
24,sustainable-gardening-tips.com
25,news.cnet.com
26,perrone.blogs.com
27,beefitswhatsfordinner.com
28,perfectgardentool.com
29,waverlystreet.com
30,mothering.com
31,hayefield.com
32,hindunames.net
33,westsidegardener.com
34,zone4garden.com
35,living-peace.com
36,finestchef.com
37,gizmodo.comjsyfruitveggies.org
38,ird.govt.nz
39,marjorieharris.com
40,charitynavigator.org
41,thegardeningwebsite.co.uk
42,jengarden.blogspot.com
43,solereview.com
44,breastfedbabies.orgparents.com
45,aeb.org
46,bartleby.com
47,carrotmuseum.co.uk
48,decorating4less.com
49,optimisticgardener.blogspot.com
50,thehostingnews.com
51,gardenseeds.org
52,ezvid.com
53,mexicansugarskull.com
54,eap.mcgill.ca
55,achrnews.com
56,recalls.gov
57,auctioneers.org
58,justapps.com
59,amateurgourmet.com
60,drtoy.com
61,prenticehall.ca
62,chartleychucks.co.uk
63,mixnsip.com
64,coophousing.org
65,aagsnc.org
66,spain-recipes.com
67,theveggielady.com
68,dianaskitchen.com
69,bcadoption.com
70,phonearena.com
71,tipsybartender.com
72,picnicfood-ideas.com
73,luckypeach.com
74,canwesthortshow.com
75,tongfamily.com
76,cakecentral.com
77,vagardenweek.org
78,arboretum.umn.edu
79,anythingaboutcars.com
80,family.org
81,cooks.com
82,eatchicken.com
83,frugalfun.com
84,meatsandsausages.com
85,frugalforlife.blogspot.com
86,manataka.orgsouthernfood.about.com
87,savingadvice.com
88,checkbookbalancing.com
89,oceanspray.com
90,wikihow.com
91,womens-business-clothes.com
92,ice-cream-recipes.com
93,vishay.com
94,family-reunion.com
95,eatingwell.com
96,findmyfamily.org
97,cocktailsandshots.com
98,alauxsoft.com
99,realestate.aol.com
100,channel4.com
101,earth.li
102,myfreedomspace.com
103,car-seat.org
104,adventuresoffrugalgirl.blogspot.com
105,sears.com
106,itsapartyfullife.comvindevin.comparents.com
107,nacac.org
108,cacaoweb.net
109,wconline.com
110,thehomesteadsurvival.com
111,bonsai-bci.com
112,familydigest.com
113,peta.org
114,allergyconsumerreview.com
115,presidioinc.com
116,autocheck.com
117,terhurne.com
118,longwoodgardens.org
119,cdkitchen.com
120,dfa.arkansas.gov
121,englishgardeningschool.co.ukncpamd.com
122,tmom.info
123,botanicgardens.org
124,ic.gc.ca
125,andersonorganizing.com
126,loveandlogic.com
127,fda.govaskmen.com
128,nodedb.com
129,smoothieweb.com
130,autobytel.com
131,mennonitegirlscancook.ca
132,ukrecallnotice.co.uk
133,atlantabg.org
134,post-gazette.com
135,bnm.gov.mytakechargeamerica.org
136,the-gadgeteer.com
137,ucmp.berkeley.edu
138,craftybaking.com
139,descansogardens.org
140,learn2grow.com
141,cuisinerecipes.com
142,appetizers.recipecottage.comcakeswebake.com
143,mastergardenproducts.com
144,webterrace.com
145,growabrain.typepad.com
146,azzcardfile.com
147,kitchenkonfidence.com
148,theflowershow.com
149,foodnetwork.com
150,drgibson.com
151,rockgardener.com
152,theseedsite.co.uk
153,hydroponics.com.au
154,pcmag.com
155,fordproblems.com
156,cookingforums.net
157,forums.delphiforums.com
158,food.com
159,grillingwithrich.com
160,aos.org
161,riverbanks.org
162,bonsai-nbf.org
163,homemade-chinese-soups.com
164,bakedecoratecelebrate.com
165,lifeunplugged.net
166,altenberg.com
167,weddinggowntown.com
168,ez-forums.com
169,gardenguides.comthisoldhouse.com
170,cccf-fcsge.cabriginshaw.net
171,theimpulsivebuy.com
172,kame.com
173,www2.lv.psu.edubjorvalabonsaistudio.com
174,kurtz-fernhout.com
175,homeportfolio.com
176,foodstufffinds.co.uk
177,myscienceproject.org
178,chefdecuisine.com
179,luxatic.com
180,cyberquail.com
181,savingsbonds.com
182,bedbugsguide.com
183,healthrecipes.com
184,biz.yahoo.com
185,californiachampagnes.com
186,kidsquest.com
187,frugalsimplicity.com
188,everydaydrinkers.com
189,findplumbing.com
190,solitaryroad.com
191,secretsofsushi.com
192,bhg.comterrylove.com
193,keepingchickensnewsletter.com
194,addall.com
195,idrink.com
196,bonsai-bsf.com
197,about-disability-insurance.com
198,tpsonline.org.uk
199,feastandfamine.com
200,thejoyofplants.co.uk
201,newmansown.com
202,old.post-gazette.com
203,allexperts.com
204,webmd.com
205,usa.lkk.com
206,hcsc.com
207,backofthebox.comnibblemethis.com
208,botham.co.uk
209,thetreehouseguide.com
210,lesleycooks.com
211,consumercomplaints.in
212,shareaction.org
213,ronitbaras.com
214,daylilies.org
215,babynology.com
216,pelletsmoking.com
217,ou.org.s3.amazonaws.com
218,soundoff1.tripod.com
219,virginia.edu
220,cupcakeblog.com
221,ct.gov
222,isbn.nu
223,gourmetconnection.com
224,renovationstyle.com
225,niwa.org
226,laptopreviews.com
227,sindhirasoi.com
228,warmup.com
229,nickiecliburn.tripod.comrankel.net
230,natwestfraud.comgoodwebhosting.info
231,ucfoodsafety.ucdavis.edu
232,panix.com
233,atdo.biz
234,dotcomwomen.com
235,wallpaperinstaller.com
236,sites.google.com
237,fireproofchildren.com
238,easyroommate.com
239,therunawaygame.com
240,drgourmet.com
241,esplanner.com
242,tax.virginia.gov
243,nannyjob.co.uk
244,cooking.lovetoknow.com
245,atworkandbored.com
246,greenspun.com
247,pensionspolicyinstitute.org.uk
248,dulley.com
249,s14.zetaboards.com
250,creativehomemaking.com
251,adoptpakids.org
252,infactcanada.ca
253,andyandvickisplace.combailii.org
254,inspect-ny.com
255,hortchat.com
256,preschooleducation.com
257,cookiedoughandovenmitt.com
258,consumersinternational.org
259,adoptionstogether.org
260,everything2.com
261,houzz.com
262,caketheater.com
263,lesleycooks.tripod.com
264,bittersweetblog.com
265,homeanddesign.com
266,thecomplaintsdept.blogspot.com
267,creditinfocenter.com
268,law.cornell.edu
269,allthumbsdiy.com
270,getstuffed.info
271,turffiles.ncsu.edu
272,kitchenstewardship.com
273,sptimes.com
274,i18nguy.com
275,getcrocked.com
276,planetscott.com
277,gearreview.com
278,jonsullivan.com
279,cluttershrink.com
280,jamieoliver.com
281,oldlawnmowerclub.co.uk
282,pestcontrol.about.com
283,gardenhistorymatters.com
284,cooktj.comspike-jamie.com
285,ahs.org
286,coheadquarters.com
287,yougrowgirl.com
288,foodandremedy.com
289,winterthur.org
290,griffinsgrub.wordpress.com
291,carpet-rug.org
292,microwavecookingforone.com
293,jimsalmon.com
294,aidells.com
295,yamadori.co.uk
296,fuelwatch.wa.gov.au
297,freestuff.website
298,softwareforhomes.com
299,barbecuebible.com
300,rompope.com
301,foodgeeks.com
302,avrev.com
303,bonsaitonight.com
304,amateurgardening.com
305,aupairinamerica.com
306,bhg.comartmetal.com
307,greataupair.com
308,roommatefinders.com
309,curedmeats.blogspot.com
310,brightorganizing.com
311,americanpregnancy.org
312,tax.illinois.gov
313,connectionreview.com
314,freewebs.commasterslic.tripod.com
315,thrive.org.uk
316,mayrp.tripod.com
317,roomvoter.com
318,americanpistachios.org
319,paherbfest.com
320,sweetpeet.com
321,kamadojim.com
322,floorstransformed.com
323,exploratorium.edu
324,namenerds.comangelfire.com
325,panlasangpinoy.com
326,cyber-kitchen.com
327,allrecipes.com
328,artofbonsai.org
329,decorative-faux-painting.com
330,westongm.eclipse.co.uk
331,nissannews.com
332,masshort.org
333,fixatoilet.com
334,ukfoodguide.net
335,victoryseeds.com
336,phouka.comdrywallhowto.com
337,gbonds.sourceforge.net
338,motorcycle-financing-guide.com
339,veggiedesserts.co.uk
340,bonsaiprimer.com
341,ethnichome.comhud.gov
342,moneychimp.com
343,ecowaters.org
344,airlinequality.com
345,garden-pictures.com
346,chta.ca
347,bisonbasics.com
348,mommysavers.com
349,jorj.com
350,saveur.com
351,patwelsh.com
352,content.ces.ncsu.edu
353,inthecountrygardenandgifts.com
354,my-chicken-house.com
355,marketwatch.com
356,s2.invisionfree.com
357,frithjof.de
358,sss-mag.com
359,who.intwhatscookingamerica.net
360,veggieharvest.com
361,healthsymphony.com
362,sharescope.co.uk
363,realdiaperindustry.org
364,solarcooking.orgaskmen.com
365,robschristmas.com
366,jfolse.com
367,theaa.com
368,gatewaysmoving.com
369,fathers.com
370,home.howstuffworks.com
371,emedicine.medscape.commore4kids.info
372,carlist.com
373,mydollarplan.com
374,straightdope.com
375,greatrecipesonline.com
376,babycenter.com
377,mysenioradvisorsgroup.com
378,oklahomagardening.okstate.edu
379,allsortedconsulting.com
380,lofnz.com
381,cra-arc.gc.ca
382,kiddiegardens.com
383,breastfeeding.asn.au
384,twinsrealm.com
385,recipecircus.com
386,culturekiosque.com
387,cookiemadness.net
388,urbanfoodgarden.org
389,pevans.co.ukcruisenewsdaily.com
390,gordonramsay.com
391,fdf.org.uk
392,busycooks.about.com
393,outwitcritters.com
394,behr.com
395,motortrend.com
396,pulpkitchen.com
397,theguidetomenssuits.com
398,mrfood.com
399,theinsuranceblogger.co.uk
400,carinsurance.co.za
401,renovateyourworld.com
402,apartmenthomesteading.github.io
403,fabulousfoods.com
404,betterbaking.com
405,nct.org.uk
406,poolspaoutdoor.com
407,lysator.liu.se
408,agardenersforum.com
409,gardening-guides.com
410,floristdetective.comfurniturelibrary.com
411,oldhouseweb.com
412,mycookingblog.com
413,feathersite.com
414,ciscoe.com
415,bonsaifarm.tv
416,cpif.org
417,fitnesstravelgear.com
418,ourbabynames.co.uk
419,bakerella.com
420,grudge-match.com
421,https:southernfood.about.com
422,taobackup.com
423,manvsdebt.com
424,theredkitchen.net
425,gardensflorida.com
426,choice.com.au
427,houseplantsexpert.com
428,molliekatzen.com
429,https:mrrc.isr.umich.edu
430,secretsauce.co.uk
431,pbskids.orghippressurecooking.com
432,northwestgamerecipes.com
433,oliveoilsource.com
434,medicare.org
435,home.aone.net.au
436,cookingfishmonger.com
437,goodnewsplumbing.blogspot.com
438,users.chariot.net.au
439,rideaccidents.com
440,bbqdryrubs.com
441,geekologie.com
442,logicalincrements.com
443,pickled-ume.com
444,jiffymix.com
445,onecentatatime.com
446,homemoneymanager.com
447,chestnut-sw.com
448,tegel.co.nz
449,bhg.comrecipegoldmine.com
450,bikersadvice.com
451,paintingyourhouse.info
452,floralimages.co.uk
453,cooksrecipes.com
454,ming.com
455,recipesource.com
456,drbecky.com
457,finedinings.com
458,iheartwallstreet.com
459,splendidtable.org
460,kitchenproject.com
461,tdi.texas.gov
462,letsgodigital.org
463,creativechocolatesofvt.com
464,motorcycleinfo.org
465,babynamewizard.com
466,frugalmomsfinancialexpressions.blogspot.com
467,polyhedroncollider.com
468,bonsaiempire.com
469,web.extension.illinois.edu
470,barbequelovers.com
471,comptroller.texas.gov
472,allrecipes.comhowstuffworks.com
473,resourcehelp.com
474,emilyskinner.com
475,kulinarika.net
476,nriol.com
477,canadasgardenroute.ca
478,naschip.org
479,rprg.pwp.blueyonder.co.uk
480,plantsnrocks.blogspot.com
481,fatfree.com
482,tempeh.info
483,toy-testing.org
484,forums2.gardenweb.com
485,hub-uk.com
486,thepoultrykeeper.co.uk
487,godutch.compepperfool.com
488,goodbed.com
489,members.net-tech.com.au
490,carbuyingtips.com
491,douggreensgarden.com
492,buberel.org
493,steamingpot.com
494,twinsuk.co.uk
495,on.lung.ca
496,chililoco.tripod.com
497,cglhs.org
498,foodwishes.blogspot.com
499,mybudgetplanner.com
500,simplifydigital.co.uk
501,iihs.org
502,controlthebugs.com
503,mahsc.org
504,mybabysleepguide.com
505,fsis.usda.gov
506,gardenlady.com
507,dessertsmagazine.com
508,bird-dog-news.com
509,complaintsboard.com
510,today.com
511,state.me.us
512,rbge.org.uk
513,forums.mooseyscountrygarden.com
514,outsideonline.com
515,littlegreenfingers.typepad.com
516,acu-cell.com
517,runningshoesexpert.comhottubguide.com
518,drystore.com
519,compost.css.cornell.edu
520,guichelaar.info
521,autoinsuranceez.com
522,bighappyfamily.blogspot.com
523,restoringorder.com
524,sweet2eatbaking.com
525,nurseriesonline.co.uk
526,cocoontech.com
527,buddinggardeners.co.uk
528,depts.ttu.edu
529,helmetcheck.org
530,wholehealthmd.com
531,shopmania.com
532,organizingboston.com
533,ellwood.org
534,virtualcities.com
535,nhc.noaa.gov
536,cookitsimply.com
537,bestlittlebaby.com
538,lidiasitaly.com
539,theautoevaluator.net
540,greatpartyrecipes.com
541,christopherlowell.com
542,superbirthdays.com
543,usedtextbooks.net
544,expoinc.com
545,learningcaregroup.comfamilyvictory.com
546,biblemoneymatters.com
547,ucanr.edu
548,carprices.com
549,npr.org
550,termidorhome.com
551,bonsaihunk.us
552,mtgprofessor.com
553,mrsalphabet.com
554,emerils.com
555,initaly.com
556,tennessean.com
557,reviewcentre.com
558,cnn.com
559,foodies.com
560,bookfinder4u.com
561,mdflora.org
562,business.ftc.gov
563,repairnet.com
564,vegrecipesofindia.com
565,thelandscapelink.co.uk
566,ultrabooksreview.com
567,wildfermentation.com
568,indiaparenting.com
569,innerexplorations.com
570,tarunz.org
571,homephonewiring.com
572,backwoodshome.com
573,gertrudejekyll.co.uk
574,bugvivant.com
575,miscarriageassociation.org.uk
576,good2go.com
577,tpub.comvinylreplacementwindows.org
578,pissedconsumer.com
579,bosleymedicalviolations.com
580,gardeningbc.com
581,ownerbuilderonline.com
582,geek.combetterbuys.com
583,gsadoptionregistry.com
584,aviewofamerica.com
585,chile.netrelief.com
586,villageharvestrice.com
587,grandparenting.org
588,greek-olive-oil.com
589,daycare.com
590,mytastycurry.com
591,stgmagazine.com.au
592,cehd.umn.edu
593,screwedcentral.com
594,seasoned.com
595,incomeprofiles.com
596,adamperrylang.com
597,photography-on-the.net
598,robbreport.com
599,gardensablaze.com
600,chefinyou.com
601,clausen.homeip.net
602,sec.gov
603,nokiafree.org
604,cafemom.com
605,quicksize.fr
606,babygizmo.com
607,mycarauctionreview.com
608,rollercoaster.ie
609,karenbarnaby.com
610,compostingtoilet.org
611,white-rodgers.com
612,campusbooks.com
613,dewalt.com
614,calstrawberry.com
615,labellecuisine.com
616,nanaimopumpkinfestival.com
617,vietworldkitchen.com
618,ukgardening.co.uk
619,thegoodiegirl.ca
620,tlc.org.za
621,daleysfruit.com.au
622,bwk.nz
623,fedup.com.au
624,veg-world.com
625,adopt.org
626,motherearthnews.com
627,investoreducation.org
628,rcdmastics.com
629,happyjuicer.com
630,canadianorchidcongress.ca
631,remodelingshow.net
632,die.net
633,h-net.org
634,phipps.conservatory.org
635,vibir.gov
636,kitchenrefacing.org
637,thefrugallife.com
638,investools.com
639,landscaping.about.com
640,geappliances.com
641,lets-clean-up.com
642,caloriesinpizza.com
643,doj.nh.gov
644,tundrasolutions.com
645,mughalgardens.org
646,loghomeliving.com
647,besthostratings.com
648,askdrsears.com
649,kitchens.com
650,bbq.about.com
651,kidpower.org
652,vegetarian.about.com
653,cheapcooking.com
654,briarrosebb.com
655,rocoto.com
656,boards.texascooking.com
657,bluestar-ranch.com
658,mass.gov
659,gardensmart.tv
660,foreverandalwayshomestead.com
661,filoli.org
662,plantandflowerinfo.com
663,newagrarian.com
664,wildyeastblog.com
665,thetoptier.net
666,kerrysgarden.us
667,robbiehaf.comhauntersparadise.tripod.com
668,zespri.com
669,hersam.com
670,robertkahn.freeservers.comlists.rootsweb.ancestry.com
671,stonecottagefarm.webs.com
672,childstats.gov
673,practicalmoneyskills.com
674,flowersofindia.net
675,casbrant.ca
676,frugalhappyfamilies.com
677,ingenie.com
678,lewisgardens.com
679,beyondclutter.com
680,eastern.or.kr
681,twinstuff.com
682,soilmoist.com
683,totsnpots.co.za
684,growingcenter.org
685,helpfulgardener.com
686,scdrecipe.com
687,ndal.org
688,sittercity.com
689,theguardian.com
690,roquefort-societe.com
691,votrecourtier.com
692,scenicnursery.comgodecookery.com
693,barbecue-smoker-recipes.com
694,greek-recipe.com
695,mccanns.ie
696,missingmoney.com
697,markcullen.com
698,bgbm.orgmonticello.org
699,cityculture.org
700,hasbrouck.org
701,arboretum.org
702,whfoods.comcookitsimply.com
703,fastcooking.caoamc.factspot.com
704,firesafetytips.com
705,sweetsleepbaby.com
706,halfhourmeals.com
707,apinchof.com
708,howardforums.com
709,maxprog.com
710,boardgaming.com
711,stock-market-investors.com
712,allgodschildren.org
713,vehicleidentificationnumber.com
714,edibleinsectcoalition.org
715,foodandwine.com
716,123drinks.net
717,insuranceusa.com
718,tmomc.org
719,myfurnitureforum.com
720,homeparents.about.com
721,constructiontrends.com
722,gourmetsleuth.com
723,mymedicare.com
724,mothergoosetime.com
725,decor8blog.com
726,youtube.com
727,howstuffworks.com
728,blogchef.net
729,bikeexif.com
730,kindredcocktails.com
731,s12.invisionfree.com
732,travelin-tigers.com
733,cakerecipe.allrecipes.com
734,cpsboard.org
735,howtocompost.org
736,thecabin.net
737,reckless-gardener.co.uk
738,settonfarms.com
739,webretailer.com
740,babynamenetwork.com
741,msfiscallyfit.com
742,goldencloud.co.za
743,checkdepot.net
744,cuisineathome.comfoods4u2cookhome.com
745,greatchefs.com
746,electrical-online.com
747,web-japan.org
748,kididdles.com
749,robbiehaf.com
750,industryanalysts.com
751,moving-company-guide.com
752,savemartha.com
753,wardrobe911.com
754,gardenandflowershow.com
755,avant-gardening.com
756,kids.lovetoknow.comnames4muslims.com
757,hompag.tripod.com
758,appliance411.com
759,annualcreditreport.com
760,puyallup.wsu.edu
761,woodfloordoctor.com
762,moneymanagement.org
763,gardeningdata.co.uk
764,dor.sd.gov
765,homevaluehunt.com
766,barnonedrinks.comrecipes.butterball.com
767,clearwaterlandscapes.com
768,incrediblesmoothies.com
769,homepages.newnet.co.uk
770,clutterbusters.org
771,worldairroutes.com
772,supernanny.co.uk
773,mops.org
774,bestgardensites.net
775,caionline.org
776,renoanddecor.com
777,nativemothering.com
778,breakfast-recipes.com
779,medicaid.gov
780,gatheringofgardeners.com
781,dicetower.com
782,opinionatedgamers.com
783,farmlandfoods.com
784,casaveneracion.com
785,members.tripod.com
786,wiredsafety.com
787,microwebtech.com
788,rcdb.com
789,frugalvillage.com
790,living-foods.com
791,winemaking.jackkeller.net
792,honeybaked.com
793,whtop.com
794,pcworld.com
795,esva.net
796,scnps.org
797,movecommerce.com
798,fashionafter50.com
799,cookingwiththewolfman.com
800,keaneunclaimedproperty.com
801,collegenannies.com
802,nvpom.com
803,thefamilyhomestead.com
804,netshoppers.com
805,asla.org
806,mushroomcompost.org
807,eggbreakfastrecipes.com
808,babyhomesafetytips.blogspot.com
809,bonsaifocus.com
810,norahlindsay.com
811,www-personal.umich.edu
812,drinksmixer.com
813,homesteadgarden.com
814,kidsinthegarden.co.uk
815,familyedge.com
816,hud.gov
817,unclaimedfunds.netangelfire.com
818,cmorganizing.citymax.com
819,babymilkaction.org
820,carinsurance.org
821,hometheaterhifi.com
822,almanac.com
823,brightideas.com.auelephant.com
824,webpages.charter.net
825,allthingscheese.com
826,aphis.usda.gov
827,ctflowershow.com
828,hugs.org
829,nightlight.org
830,devonsmallholders.co.uk
831,drclean.co.ukabsolute-forum.com
832,pricespy.co.nz
833,braidedbowerfarm.comwvhomestead.com
834,epe.lac-bac.gc.ca
835,fushionmag.com
836,ourhouseplants.com
837,llli.org
838,floridatomatoes.org
839,bargainbookmole.org
840,themeparkbrochures.net
841,neilsperry.com
842,diabeticgourmet.com
843,toysafety.org
844,tnfirst.com
845,shoesfaq.co.uk
846,bbqpitboys.comaubergines.org
847,consumerworld.org
848,foodsafetynews.com
849,ucook.com
850,nevblog.comprojects.propublica.org
851,a-homesteading-neophyte.blogspot.com
852,booksprice.com
853,rodsgarden.50megs.com
854,libertyorganizing.com
855,thisoldhouse.com
856,census.gov
857,thebakersguide.com
858,bbqsaucereviews.com
859,boilerroom.com
860,greeneggsandgoats.com
861,irrigation.learnabout.info
862,autonet.ca
863,gardenstew.com
864,themoleman.com
865,wish-bone.com
866,fixitnow.com
867,tabasco.com
868,clutterrx.net
869,floriadeaustralia.com
870,goathavenfarm.tripod.com
871,rugrag.com
872,growingagreenerworld.com
873,careforkids.com.au
874,professional-organizer.com
875,swimmingpool.com
876,thehelpcompany.com
877,birdsandblooms.com
878,hollowtop.com
879,horticultureastherapy.com
880,goodhousekeeping.com
881,wilton.com
882,escargot.free.fr
883,friendsinadoption.org
884,darofamily.com
885,baby-food-recipes.com
886,bonsai4me.com
887,mold-help.org
888,sportingchef.com
889,workingmother.com
890,cookingwithlee.com
891,extension.missouri.edu
892,extremehowto.com
893,rickyjohn.com
894,78fence.com
895,busybeesorganizing.com
896,cooksrecipes.comleskincaid.com
897,babynames.it
898,food.ndtv.com
899,rentaldecorating.com
900,donotcall.gov
901,jgarden.org
902,ou.edu
903,therecessionista.com
904,gardenshowboise.com
905,drakesflames.com
906,self-sufficient-farm-living.com
907,amazingribs.com
908,fisherhouse.org
909,compost.orgrepairclinic.com
910,mallvibes.com
911,styleforum.net
912,home.epix.net
913,airfarewatchdog.com
914,biltmore.com
915,berrydakota.com
916,icangarden.com
917,pyours.com
918,turbine.com
919,members.shaw.castainedfloor.com
920,rose.org
921,indexannuity.org
922,azdor.gov
923,cyberspacegrill.com
924,hortmag.com
925,crescentbloom.comekolet.com
926,augusthome.com
927,maxperience.com
928,oldhousejournal.com
929,clothingdictionary.com
930,taquitos.net
931,babynamespedia.com
932,andrewstenning.blogspot.com
933,ufaap.org
934,pestcemetery.com
935,wolfgangpuck.com
936,mattbeckwith.com
937,101cookbooks.com
938,texascooking.com
939,familiesusa.org
940,hometoys.com
941,hometheaterforum.com
942,2dips.com
943,danzfamily.com
944,recipematcher.com
945,starchefs.com
946,401khelpcenter.com
947,cobrainsurancehq.com
948,toolmanmike.20m.com
949,abundaculture.org
950,scratchandpeck.blogspot.com
951,kellymom.com
952,recipegoldmine.com
953,friendshipgardens.com
954,ndsuext.nodak.edu
955,milliondollarjourney.com
956,virtualweberbullet.com
957,dashingdish.com
958,epinions.comgeekandsundry.com
959,i-am-pregnant.com
960,oysterguide.com
961,bonsaistudygroup.com
962,state.nj.us
963,mexconnect.com
964,consumerfed.org
965,wildflower.org
966,abcnews.go.com
967,2care2teach4kids.com
968,frontiernet.net
969,parents.com
970,animabonsai.com
971,nannies4hire.com
972,geography.about.com
973,stuff.tv
974,backofthebox.com
975,howtomendit.com
976,charmin.com
977,getprice.com.au
978,mb.canadianturkey.ca
979,azinvestor.gov
980,practicalpantry.com
981,torontobonsai.org
982,efficientliving.org
983,growinganything.com
984,organicgarden.blogspot.com
985,reunionsmag.com
986,wififreespot.com
987,howtocleanstuff.net
988,getit2gether.com
989,glenns-garden.com
990,marketingexperiments.com
991,giftsoforder.com
992,ncfst.iit.edu
993,askyourneighbor.combbc.co.uk
994,texasgardener.com
995,kindercare.com
996,seedtosupper.com
997,ubergizmo.com
998,baby-food.romanvirdi.com
999,firstbooks.comsplendidtable.org
1000,ragu.com
1001,molex.com
1002,mortgage-x.com
1003,plasticulture.cas.psu.edu
1004,seatguru.com
1005,iwillteachyoutoberich.com
1006,parentingscience.com
1007,breathingspaceconsulting.ca
1008,familymueller.ch
1009,webopages.com
1010,aee.cas.psu.edu
1011,avsa.org
1012,american-lawns.com
1013,scarymommy.com
1014,liptonkitchens.com
1015,safeauto.com
1016,alanskitchen.com
1017,freshpreserving.com
1018,inexpensively.com
1019,onguardonline.gov
1020,nigella.com
1021,treasurydirect.gov
1022,revenue.pa.gov
1023,ftc.gov
1024,amazon.com
1025,frenchpastrychef.com
1026,texasnocall.com
1027,simplify101.com
1028,golfball-guide.de
1029,organicgardeninfo.com
1030,nestle-family.com
1031,https:
1032,oldewash.com
1033,mutualfunds.about.com
1034,quicken.intuit.com
1035,1stopmove.com
1036,parenting.com
1037,publicgardens.org
1038,thechillifactory.com
1039,pachakam.com
1040,finegardening.com
1041,dryel.com
1042,kitchen-remodeling-pictures.com
1043,caseyfamilyservices.org
1044,ipm.ncsu.edu
1045,fauxlikeapro.com
1046,chezshuchi.com
1047,bbc.co.uk
1048,mha-net.org
1049,adoptionstar.com
1050,consumerprotection.utah.gov
1051,nwae.org
1052,bc.edu
1053,tablegrape.com
1054,cncr.blogspot.com
1055,cityfarmer.org
1056,childbirthconnection.org
1057,orlandobonsai.com
1058,plutos0.tripod.com
1059,hydrangeashydrangeas.com
1060,americaquote.com
1061,adoptioninstitute.org
1062,garlic-central.com
1063,pillsburybaking.com
1064,mediterraneangardensociety.org
1065,backwoodsliving.com
1066,chfc.ca
1067,wisk.com
1068,measuredup.com
1069,wacap.org
1070,versasolutions.com
1071,beck.org
1072,cheftomcooks.com
1073,foodsafety.gov
1074,foodroutes.org
1075,twinsonline.org.uk
1076,homeinteriorstyle.blogspot.com
1077,codelathe.com
1078,panlasangpinoymeatrecipes.com
1079,themodernhomestead.us
1080,autos.ca
1081,dw.com
1082,epa.gov
1083,shortcutsoft.com
1084,n8ture.com
1085,aupair.com
1086,sco.org
1087,sewmodestclothing.com
1088,connerton.com
1089,toddlermealtips.com
1090,grillingcompanion.com
1091,fatfreevegan.com
1092,ttpm.com
1093,members.iinet.net.au
1094,greatrecipesonline.comsouthernfood.about.com
1095,gingerbread-house-heaven.com
1096,gardens-of-tuscany.net
1097,deborahburnett.com
1098,sleeplikethedead.com
1099,lessonsense.com
1100,usapears.org
1101,masterstech-home.com
1102,northerngardener.org
1103,gettingittogether.ca
1104,fda.gov
1105,savingsbondtracker.com
1106,gourmandeinthekitchen.com
1107,parentingteens.about.com
1108,missouribotanicalgarden.org
1109,yourfamily.org
1110,cruisetip.tpkeller.com
1111,upstategardenersjournal.com
1112,bhg.com
1113,math.fsu.edu
1114,wvretirement.com
1115,hobb.org
1116,vrg.org
1117,pensions-pmi.org.uk
1118,foodandspice.blogspot.com
1119,autobatteries.com
1120,chocolatealchemy.comangelfire.com
1121,aurfs.com.au
1122,beyondthebrochure.homestead.com
1123,modernmom.com
1124,neareast.com
1125,gardeningbythemoon.com
1126,canadiangardening.com
1127,paplantings.blogspot.com
1128,spence-chapin.org
1129,polishandshine.freeserve.co.uk
1130,mrsmegabyte.tripod.comhomemakingorganized.com
1131,netcookingtalk.com
1132,reviewsonline.com
1133,punchsoftware.com
1134,iloveindia.com
1135,gardensheds.greenhouses.arbors.learnabout.info
1136,montessori.com
1137,hondaproblems.com
1138,afcr.com
1139,thinkbabynames.com
1140,mvelopes.com
1141,barbecuesecrets.libsyn.com
1142,food.comforums.egullet.org
1143,allaboutlawns.com
1144,cupcakesgarden.com
1145,flowersbypinky.blogspot.com
1146,dreft.com
1147,tarladalal.com
1148,home-decorating-made-easy.comwoodhavenhomedfw.blogspot.com
1149,funny-about-money.com
1150,babynames.merschat.com
1151,fairchildgarden.org
1152,preservefood.com
1153,mfea.com
1154,haralson.net
1155,dslreports.com
1156,minifarmlife.com
1157,barmeister.com
1158,ultrasoft.com
1159,gardenwalkbuffalo.com
1160,revenue.wyo.gov
1161,talk2myshirt.com
1162,pensionprotectionfund.org.uk
1163,gardendays.ca
1164,dimaggiofamily.com
1165,freelists.org
1166,toandfromtheairport.com
1167,handbagdesigner101.com
1168,youlookfab.com
1169,italianfood.about.com
1170,home.earthlink.net
1171,karott.com
1172,iaapa.org
1173,countryfarm-lifestyles.com
1174,swisherinc.com
1175,meatmatters.redmeatinfo.com
1176,irs.gov
1177,look-fabulous.com
1178,simply-delicious-food.com
1179,csld.edu
1180,housepals.co.uk
1181,bachpan.com
1182,consumer-action.org
1183,grilling.betterrecipes.com
1184,toiletology.com
1185,groups.yahoo.comsouthernfood.about.com
1186,1800runaway.org
1187,foodrepublic.com
1188,whfoods.com
1189,entomology.ifas.ufl.edutomatoville.com
1190,thebudgetfashionista.com
1191,kidsnames.com
1192,achievement.org
1193,bigpumpkins.com
1194,childrenwithdiabetes.com
1195,frenchscout.com
1196,alwaysfrugal.com
1197,starflats.co.uk
1198,256stuff.com
1199,outoutdeer.com
1200,jiwire.com
1201,gardendigest.com
1202,kingcounty.gov
1203,tpub.com
1204,icwdm.org
1205,myproductadvisor.com
1206,convertiblecarmagazine.com
1207,beulahland.com
1208,brucezimmerman.com
1209,setupabudget.com
1210,showcase.netins.net
1211,ilovepasta.org
1212,fiascofarms.com
1213,ryanaircampaign.org
1214,beltwaymovers.com
1215,thehotpepper.com
1216,reecesrainbow.org
1217,redboxcodes.com
1218,worldwideschool.org
1219,cocktail.uk.com
1220,ilance.com
1221,movingscam.com
1222,collegeinn.com
1223,luv2garden.com
1224,123recipes.net
1225,rurallivingtoday.com
1226,tuscanrecipes.com
1227,fooddoodles.com
1228,ricearoni.com
1229,chocolateandzucchini.com
1230,applianceaid.com
1231,whattodowiththekids.com
1232,sandiegobonsaiclub.com
1233,techeblog.com
1234,pcguide.com
1235,home2garden.org
1236,samartha.net
1237,roommates4you.com
1238,rangylil.iwarp.com
1239,crr.bc.edu
1240,eco-solutions.org
1241,rothteien.com
1242,mindfulmum.co.uk
1243,ripoffreport.com
1244,thelovelyplants.com
1245,registry.adoption.com
1246,cpukforum.com
1247,pescetarian.kitchen
1248,mp3car.com
1249,mastercomposter.com
1250,adoptivefamilies.com
1251,gpeters.com
1252,safekidsclarkcounty.org
1253,foodista.com
1254,money.cnn.com
1255,machinio.com
1256,qualifiedremodeler.comangelfire.com
1257,radiantdesigninstitute.com
1258,poolsearch.org
1259,chickens.allotment-garden.org
1260,stanslaughter.com
1261,meijergardens.org
1262,jimmydean.com
1263,gardening.cornell.edu
1264,gusfacegrillah.com
1265,whiteonricecouple.com
1266,celebrating-christmas.com
1267,bulldancers.com
1268,beatthecarsalesman.com
1269,breadworld.comaskmen.com
1270,weather.gov
1271,sunflowernsa.com
1272,tax.hawaii.gov
1273,pets.groups.yahoo.com
1274,adoptionsbygladney.com
1275,littledinos.com
1276,starry.org.uk
1277,myfico.com
1278,orchidspecies.com
1279,smittenkitchen.com
1280,perfectcocktail.net
1281,funtoddlerrecipes.com
1282,800helpfla.com
1283,outofchaos.ca
1284,sco.ca.gov
1285,everythingpies.com
1286,homefurnish.com
1287,moneypit.com
1288,nft.ellams.com
1289,whats4eats.com
1290,smallblueprinter.com
1291,revenue.mt.gov
1292,seriouseats.comellenskitchen.com
1293,plants.usda.gov
1294,eatturkey.com
1295,yummilyyours.com
1296,joyofbaking.com
1297,softscrub.com
1298,clemson.edu
1299,drinklab.org
1300,stretcher.com
1301,brookgreen.org
1302,groups.yahoo.com
1303,angelica.dds.nl
1304,totalmotorcycle.comnbcnews.com
1305,chicagobotanic.org
1306,vegparadise.comrecipegoldmine.com
1307,conductdisorders.com
1308,acanadianfoodie.com
1309,meghani.com
1310,botanical.com
1311,rochesterflowershow.com
1312,symbios-witticism-page.com
1313,swapstyle.com
1314,healthinsurance.org
1315,dbg.org
1316,plumbingandhvac.ca
1317,biolet.com
1318,rochestergardening.com
1319,safekids.org
1320,bakingobsession.com
1321,hc-sc.gc.ca
1322,bonappetit.com
1323,lsdos.comtheveggietable.com
1324,switchandoutletwiringmadeeasy.com
1325,ag.state.mn.ussmarterhouse.org
1326,buyerzone.com
1327,tomsguide.com
1328,gardenfornutrition.org
1329,waleg.com
1330,rothira.com
1331,theverge.com
1332,grit.com
1333,audiocheck.net
1334,ivyjoy.com
1335,title-builder.com
1336,tax.utah.gov
1337,portlandbonsai.org
1338,aradece.tripod.com
1339,pumpkinshow.com
1340,militaryfamily.org
1341,phillyflowershow.blogspot.com
1342,textileaffairs.com
1343,lilesnet.com
1344,moneybox.ai
1345,homedecorresource.com
1346,separett.com
1347,patiodaddiobbq.com
1348,kopykake.comflickr.com
1349,bigwaynerbbq.com
1350,organizedassistant.com
1351,babynames.indastro.com
1352,hungryhappenings.com
1353,gadgetreview.com
1354,yesitsme2.tripod.com
1355,brooklynrowhouse.com
1356,canadianliving.com
1357,bouncefresh.com
1358,myelectricalexpert.com
1359,seouleats.com
1360,savvy-discounts.com
1361,frugalworld.com
1362,consumerwatchdog.org
1363,bushbeans.com
1364,screwedbyforums.com
1365,narprail.org
1366,fshs.org
1367,kiechle.com
1368,repair-home.com
1369,pfa.org
1370,ww2.kqed.org
1371,preventinjury.org
1372,thefreshloaf.com
1373,dyfedsmallholders.org.uk
1374,simplybudgets.com.au
1375,cvbs-bonsai.org
1376,tpomba.org
1377,pensionsandannuities.co.ukcalendarbudget.com
1378,gbpoultry.com
1379,calpaint.home.mindspring.com
1380,cs.cmu.edu
1381,ourcountryhaven.com
1382,guntheranderson.com
1383,sparrow-tech.com
1384,forums.gardenweb.com
1385,foodiesite.com
1386,deliciouseveryday.com
1387,championchilirecipes.com
1388,drywalltips.org
1389,sweetpeabreastfeeding.com
1390,uniteddesign.com
1391,anbg.gov.au
1392,aphids.com
1393,goodegg.com
1394,bromeliads.info
1395,popsugar.com
1396,holidaytravelwatch.com
1397,mushroominfo.com
1398,dinnercoop.cs.cmu.edu
1399,savvyfrugality.blogspot.com
1400,auntruthskitchen.com
1401,cms.gov
1402,canadianisp.ca
1403,thespicysausage.com
1404,grocerysavingtips.com
1405,wfca.org
1406,godiva.com
1407,militaryavenue.com
1408,saffron.com
1409,inspection.gc.ca
1410,return.me
1411,hormel.com
1412,goodcocktails.com
1413,reluctantgourmet.com
1414,momspumphere.com
1415,durangotexas.com
1416,interiordec.about.com
1417,countrysidemag.com
1418,free-gourmet-recipes.com
1419,foodomania.com
1420,winescout.info
1421,pubs.ext.vt.edu
1422,themeparkinsider.com
1423,smuckers.com
1424,healthycrush.com
1425,pinoyrecipe.net
1426,hometime.comqueenofclean.com
1427,plant_doctor.typepad.com
1428,ccmgatx.org
1429,seas.upenn.edu
1430,spousebuzz.com
1431,gardeningwithconfidence.com
1432,justonecookbook.com
1433,horticultureguy.com
1434,recipe4living.com
1435,gardenworld.proboards.com
1436,familyanswers.org
1437,efn.org
1438,davesgarden.com
1439,recipelink.com
1440,filipino-food-recipes.com
1441,bonsaicarolina.org
1442,ganda.be
1443,unclaimedassets.co.uk
1444,adoptuskids.org
1445,milliplex.com
1446,succulent-plant.com
1447,startribune.com
1448,twinlesstwins.org
1449,watermelon.org
1450,emedicinehealth.com
1451,natashaskitchen.comsolarcooking.wikia.com
1452,vikingrange.com
1453,cs.unc.edu
1454,schwartz.co.uk
1455,airasiaannus.blogspot.com
1456,westonaprice.org
1457,herbalgardens.com
1458,gardenersworld.com
1459,racquetreviews.com
1460,bgbm.orgdbcourt.co.uk
1461,gardenvisit.com
1462,savings-bond-advisor.com
1463,almostafarmer.com
1464,thesmokering.com
1465,woodfinishsupply.compublications.usa.gov
1466,baycrazy.com
1467,tree-care.info
1468,tamba.org.uk
1469,naturenurturegrow.com
1470,technologytell.com
1471,houseofnewhope.org
1472,housepaintingtutorials.com
1473,entertaining.about.com
1474,pacifichorticulture.org
1475,chsfl.orgabm.me.uk
1476,beyond.fr
1477,esato.com
1478,barbug.com
1479,cooldesserts.com
1480,grahamkerr.com
1481,inakasoftware.com
1482,whatscookingamerica.net
1483,garten.cz
1484,innrecipes.com
1485,ottawagasprices.com
1486,southerngardenhistory.org
1487,azcentral.com
1488,naturalchild.org
1489,allabouthome.com
1490,gardeningmasterclass.co.uk
1491,homepages.rootsweb.ancestry.com
1492,natural-fertility-info.com
1493,sea-ex.com
1494,goveranda.com
1495,wapoultrytraders.proboards.com
1496,food-info.netaboutflowers.com
1497,christopherranch.com
1498,bbqbros.net
1499,bfar.org
1500,reynoldskitchens.com
1501,letsgarden.info
1502,pregnancy.about.com
1503,lists.topica.com
1504,term4sale.commsn.com
1505,fesay_doors_review.tripod.com
1506,camicb.org
1507,momadvice.com
1508,gardendecor.boomja.com
1509,raiseyourgarden.com
1510,ivu.org
1511,barbequerecipe.allrecipes.com
1512,studentrecipes.com
1513,bizjournals.com
1514,texasmonthly.com
1515,citizensadvice.org.uk
1516,npsnj.org
1517,olovyannikov.com
1518,homecookingadventure.com
1519,thatsmyhome.com
1520,andrulischeese.com
1521,sorted.net.au
1522,biggreeneggic.com
1523,raisingyourgrandchildren.com
1524,infoplease.com
1525,raisingchildren.net.au
1526,drinksecrets.com
1527,tesco.com
1528,hgtv.com
1529,paintquality.com
1530,ncpc.org
1531,hearth.com
1532,preciousheart.net
1533,mountainvalleygrowers.com
1534,lawn-care-tips.com
1535,sharpeningmadeeasy.com
1536,totsites.com
1537,adoptionlearningpartners.org
1538,c-games.info
1539,epemag.wimborne.co.uk
1540,hort.net
1541,askmen.com
1542,parentingwithdignity.com
1543,furnaceprices.ca
1544,savoirfaire.ca
1545,realcoffee.co.uk
1546,blog.amystewart.com
1547,theofficeguide.competplace.comtextbookrentals.com
1548,simplebreakfastideas.com
1549,laureanno.com
1550,freeprintablebehaviorcharts.com
1551,gardenguides.com
1552,cakesbakesandcookies.com
1553,tax.ny.gov
1554,nextag.com
1555,bartrend.com
1556,closetcooking.com
1557,drbbq.com
1558,maplespice.com
1559,ficoforums.myfico.com
1560,cloudforest.com
1561,indobase.com
1562,healthinsuranceindepth.com
1563,magicmum.com
1564,powersellersunite.com
1565,grits.com
1566,plantmaps.com
1567,hungrymonster.com
1568,hvacmechanic.com
1569,chocolatecoveredkatie.com
1570,bestylish.org
1571,lifesongfororphans.org
1572,thenewhomemaker.com
1573,josephfarms.com
1574,thepioneerwoman.com
1575,daveramsey.com
1576,furnacecompare.com
1577,gardeningwithchildren.co.uk
1578,consumerreports.org
1579,twins.org.au
1580,fostercareagency.org
1581,compostjunkie.com
1582,naturalandtasty.co.uk
1583,cheapbooks.com
1584,themodernhomestead.com
1585,theppk.com
1586,notquitenigella.com
1587,geekster.cominteriordec.about.com
1588,my.net-link.net
1589,billadvocates.com
1590,thesecretcabal.com
1591,bhg.comfurniturecaretips.com
1592,febreze.com
1593,floras-hideout.com
1594,manytracks.com
1595,wm1.com
1596,corrachombra.webs.com
1597,pomegranates.org
1598,plangarden.com
1599,southernfood.about.com
1600,bonsaiforbeginners.com
1601,phonescoop.com
1602,adoption.about.com
1603,gamestracker.com
1604,rainbowkids.com
1605,theplumber.com
1606,eatlikenoone.comentocall.org
1607,artofeating.com
1608,nfcc.org
1609,azag.gov
1610,envirolet-europe.com
1611,termitemd.com
1612,paypalwarning.com
1613,estorereview.com.au
1614,reallynicerecipes.com
1615,hotsmokebbq.com
1616,natalies-recipes.com
1617,stupidgardenplants.com
1618,ths.gardenweb.commvr1.com
1619,marksgardenplants.comag.arizona.edu
1620,euro.who.int
1621,redwiggler.org
1622,gourmandelle.com
1623,livingwithbugs.com
1624,christmas-cookies.com
1625,in.gov
1626,nigella.proboards.com
1627,sportsgearguide.com
1628,landscape-designer.co.nz
1629,dug.org
1630,canadiannanny.ca
1631,scubaboard.com
1632,homesteadandprepper.com
1633,members.wizzards.net
1634,happybabyusa.org
1635,roomiematch.com
1636,buzzle.com
1637,agr.wa.gov
1638,lancaster.unl.edu
1639,ices.org
1640,veganfamilyrecipes.com
1641,seasonedpioneers.com
1642,turf-tec.com
1643,conngardener.com
1644,shirleybovshow.com
1645,consumermedsafety.org
1646,liquor.com
1647,geezergourmet.com
1648,mrclean.com
1649,bakespace.com
1650,bookfinder.us
1651,infolanka.com
1652,educarer.com
1653,victoriana.com
1654,norecipes.com
1655,grouprecipes.com
1656,tech.groups.yahoo.com
1657,carcomplaints.com
1658,azcookbook.com
1659,fullyorganized.com
1660,digital-auction.com
1661,seagrant.umn.edu
1662,localbargainfinder.com
1663,the-design-works.com
1664,kraftrecipes.com
1665,gardenersnet.com
1666,farmersinsurancegroupsucks.com
1667,suzette.typepad.com
1668,extension.psu.edu
1669,masterhandyman.com
1670,the-racquet.co.uk
1671,komar.orgnewalternatives.org
1672,childadoptionlaws.com
1673,troublefreepool.com
1674,divorcesource.com
1675,aaronmccargo.com
1676,plantadvice.co.uk
1677,elboricua.com
1678,putporkonyourfork.com
1679,frugalliving.about.com
1680,dmdc.osd.mil
1681,gardeninggonewild.com
1682,webring.org
1683,foundmoney.com
1684,dri-pak.co.uk
1685,franklinreport.com
1686,treasury.gov
1687,anniesrecipes.com
1688,4ormore.co.uk
1689,youthlinkofamerica.com
1690,breadmachinedigest.com
1691,recipecards.net
1692,volecontrol.com
1693,ahbainbridge.org
1694,eggsaladgourmet.com
1695,breastfeedingquest.com
1696,motherandbaby.co.uk
1697,revenue.alabama.gov
1698,bellewood-gardens.com
1699,gardensimply.com
1700,guide-to-houseplants.com
1701,directtextbook.com
1702,bbg.org
1703,nnuts.eleganthack.com
1704,noexcusesbbq.com
1705,homesafe.comtraditionalhome.com
1706,heritagecamps.org
1707,shefinds.comcockeyed.com
1708,www3.telus.net
1709,research.cs.washington.edu
1710,awfc.org
1711,au.gardenweb.com
1712,concept7.org
1713,oplin.org
1714,newsforshoppers.com
1715,foodrisk.org
1716,poolspa.com
1717,tinies.com
1718,calorieking.com
1719,carsdirect.com
1720,pampers.com
1721,famteam.com
1722,kraftcanada.com
1723,betterbakingbible.com
1724,wiaa.org
1725,plbg.com
1726,fnps.org
1727,soundhome.com
1728,vellacheese.comtastethistv.com
1729,dallasarboretum.org
1730,discusscooking.com
1731,arroyofamily.net
1732,prideroommates.com
1733,85b.org
1734,nyhomesteader.com
1735,epicreviews.net
1736,simplebites.net
1737,ehow.com
1738,chafetree.com
1739,enannysource.com
1740,pensionresearchcouncil.org
1741,inspiredtaste.net
1742,twinsmagazine.com
1743,usbg.gov
1744,bamboo.org
1745,topcat.iit.bme.hu
1746,justechn.com
1747,fetchbook.info
1748,childrenslighthouse.com
1749,betsyk.com
1750,greenhousegarden.com
1751,gardengatenotes.com
1752,opendooradoption.org
1753,pocketables.com
1754,gardenzone.info
1755,darkwing.uoregon.edu
1756,ffts.com
1757,goolsbee.org
1758,ecological-engineering.com
1759,clothdiapermom.blogspot.com
1760,farmhandscompanion.com
1761,vaxxine.com
1762,vermiculite.com
1763,inpraiseofsardines.typepad.com
1764,5th-dimension.info
1765,bonsaibasho.com
1766,bluegrassgardens.com
1767,rotaloo.com
1768,famunity-worldwide.com
1769,tasteofbbq.com
1770,cocolopez.com
1771,autosafety.org
1772,ahta.org
1773,geekgardener.in
1774,johnbridge.com
1775,razzledazzlerecipes.com
1776,uark.edu
1777,salon.com
1778,penelopehobhouse.com
1779,thumper.net
1780,evergreen.ca
1781,justmommies.com
1782,redjunglefowl.webs.com
1783,chinesefood.about.com
1784,needanotheryou.com
1785,thearchitect.co.uk
1786,atozinvestments.com
1787,chipchick.com
1788,getreal-estate.net
1789,thriftymommaramblings.com
1790,magma.ca
1791,kesselsupholstering.com
1792,exerciseequipmentguide.com
1793,getdecorating.com
1794,heartsandminds.org
1795,bbonline.com
1796,linesfromthevine.comaskmen.com
1797,its-a-snap.com
1798,adolescentandfamily.com
1799,edd.ca.gov
1800,honeysucklewhite.com
1801,webhostgear.com
1802,netflixreview.com
1803,hvacmechanic.comhackingnetflix.com
1804,xeriscapenm.com
1805,the39dollarexperiment.com
1806,smokingmeatforums.com
1807,lostmoney.com
1808,consumerfreedom.com
1809,sneakers.pair.com
1810,cogs.asn.au
1811,alohafriends.comblog.hwtm.com
1812,gardenmuseum.org.uk
1813,everybodyneedsaroof.com
1814,poolpricer.com
1815,guystyleguide.com
1816,leereich.com
1817,insurance.com
1818,easyfood.ie
1819,gardengal.tv
1820,masalaherb.com
1821,crunchycreamysweet.com
1822,gardenernews.com
1823,peaceandcarrotsfarm.com
1824,thechicfashionista.com
1825,muextension.missouri.edu
1826,maplelawn.ca
1827,desertderetz.info
1828,gardeninglaunchpad.cominst.org
1829,bumptracker.com
1830,kitchenware.bizhosting.com
1831,bobblumer.com
1832,bonsaigarden.net
1833,fico.com
1834,bcss.org.uk
1835,appliancestuff.com
1836,ipm.iastate.edu
1837,grillinfools.com
1838,organickitchen.com
1839,oldfashionedliving.com
1840,adventure.howstuffworks.com
1841,bpca.org.uk
1842,voyager-class.com
1843,kittyjoyce.com
1844,namestatistics.com
1845,oregonlive.comorganicgardensite.com
1846,gardenspot.typepad.com
1847,dor.state.nc.us
1848,whatscookingamerica.netcooken.com
1849,schundler.com
1850,ipm.ucdavis.edu
1851,centuryinshoes.com
1852,bloomkitty.blogspot.com
1853,shohin-europe.com
1854,kathyskorner.net
1855,cashmoneylife.com
1856,en.xtbg.ac.cn
1857,military-money-matters.com
1858,aabreastfeeding.com
1859,pilestosmiles.com
1860,crisco.com
1861,altonm.ca
1862,barefootrunningshoes.org
1863,perfectsmoothie.com
1864,thehome.com
1865,bricksandbrass.co.uk
1866,tutortime.com
1867,tulsagardencenter.com
1868,closetqueen.com
1869,nanniesinc.com
1870,themagicgarden.com
1871,youngmoney.com
1872,gardening.about.com
1873,sqftgarden.blogspot.com
1874,foodnouveau.com
1875,rica.org.uk
1876,samvak.tripod.com
1877,sleepinginairports.net
1878,mykoreankitchen.com
1879,takenet.or.jp
1880,ask-the-electrician.com
1881,investorguide.com
1882,inlandbonsai.com
1883,heartofthedesert.com
1884,butchartgardens.com
1885,seniorjournal.com
1886,ruchiskitchen.com
1887,travelwatchdog.com
1888,kidshealth.org
1889,dilmaghani.com
1890,workingperson.me
1891,bbq.tamu.edu
1892,highlonesomeranch.com
1893,faceliftfloors.com
1894,judysbook.com
1895,geraniosgarden.blogspot.compestfacts.org
1896,bamboocraft.net
1897,healthdiaries.com
1898,grandloving.com
1899,goodtoknow.co.uk
1900,birminghambotanicalgardens.org.uk
1901,hiddenvalley.com
1902,betterendings.org
1903,kingarthurflour.com
1904,twoweekwait.com
1905,my-photo-gallery.com
1906,cerp.carloalberto.org
1907,hostucan.net
1908,aaii.com
1909,theasianparent.com
1910,jalapenomadness.com
1911,carsonarthur.com
1912,country-enterprise.co.uk
1913,unreasonable.org
1914,butterisbest.com
1915,misterfixit.com
1916,forum.doityourself.com
1917,imaging-resource.com
1918,users.telenet.be
1919,babynames.com
1920,indianmirror.com
1921,biography.com
1922,tizag.com
1923,cangrands.com
1924,stockjargon.com
1925,earthsbest.com
1926,fabulousafter40.com
1927,tastinggoodnaturally.com
1928,mywekutastes.com
1929,food52.com
1930,fondulike.tramwayinfo.com
1931,slowcookerrecipes.net.au
1932,golfeurope.com
1933,bluestarmothers.org
1934,warmair.com
1935,cheekwood.org
1936,paradiseoaks.comlapl.org
1937,thesmokerking.com
1938,mariobatali.com
1939,keukenhof.nl
1940,frugality.ca
1941,recipehut.homestead.com
1942,livingonadime.com
1943,connecthowto.com
1944,ebaytemplates.co.uk
1945,gardenseeker.com
1946,bottledwaterweb.com
1947,twinsclub.co.uk
1948,copper.org
1949,doughroller.net
1950,opsecprofessionals.org
1951,get-your-baby-to-sleep.com
1952,sagehenfarmlodi.com
1953,organicgardeningresources.com
1954,yardcare.toro.com
1955,whreviews.com
1956,mangiabenepasta.com
1957,fun.familyeducation.comncpamd.com
1958,agilairecorp.com
1959,weidmann.com.au
1960,trestelle.ca
1961,the-coop.orgthefarmbarbie.com
1962,bobbyflay.com
1963,learner.org
1964,gotryiton.com
1965,jebfoundation.ch
1966,jlplanner.combankrate.com
1967,a-garden-diary.com
1968,yelp.com
1969,sourceforge.net
1970,cpsc.gov
1971,buffganzen.nl
1972,jennybristow.comfamouschilirecipes.com
1973,audioholics.com
1974,rediff.com
1975,thisishomesteady.com
1976,aaryndelenn.tripod.com
1977,lpoli.50webs.com
1978,mflenses.com
1979,desjardins.org
1980,allanstime.com
1981,thecitycook.com
1982,inlieuofflowers.info
1983,redwoodhill.com
1984,golfmagic.com
1985,monsoonspice.com
1986,fromscratchmag.com
1987,onthehouse.com
1988,s3.invisionfree.comcarecourses.com
1989,hadd.com
1990,poultrycentral.co.nz
1991,babyfood101.com
1992,21st.com
1993,southernmatters.com
1994,trailspace.com
1995,lifesupporters.com
1996,thebackyardchickenfarmer.com
1997,mom-mom.com
1998,theallotmentgarden.co.uk
1999,commercialalert.org
2000,rhubarbinfo.com
2001,justplainmarie.ca
2002,topmommyblogs.com
2003,paula-wolfert.com
2004,slcentral.com
2005,pensionrights.org
2006,echo-ca.org
2007,duncanhines.com
2008,britishturkey.co.uk
2009,home.gci.net
2010,cedmagic.com
2011,pbs.org
2012,bertc.com
2013,eatyourkimchi.com
2014,masscustomhome.com
2015,conifersociety.org
2016,forum.gsmhosting.com
2017,gardencom.com
2018,timemaps.biz
2019,frcmo.org
2020,ptmoney.com
2021,danish-schnapps-recipes.com
2022,ffta.org
2023,nyc.gov
2024,cellreception.com
2025,piasecki.org
2026,backyardgardener.com
2027,gatewaytovermont.com
2028,adoptionservices.org
2029,bgcenter.com
2030,coffeebreakwithlizandkate.com
2031,gardendesign.com
2032,flickr.com
2033,plan-the-perfect-baby-shower.compbs.org
2034,watercress.co.uk
2035,hot-dog.org
2036,replacementdocs.com
2037,cookstepbystep.com
2038,othersoft.com
2039,incharge.org
2040,remodelormove.com
2041,familymanagement.com
2042,theragens.com
2043,reviewboard.com
2044,recipes.co.nz
2045,https:truste.com
2046,coveryoungpeople.com
2047,state.vt.us
2048,gretchencooks.com
2049,amphorachange.com
2050,dig-itmag.com
2051,nutritionmd.org
2052,canning-food-recipes.com
2053,ppdl.purdue.edu
2054,driverstechnology.co.uk
2055,cruisestateroom.com
2056,fabriclink.com
2057,saferparks.org
2058,exit109.com
2059,partydirectory.com
2060,chicagolandgardening.com
2061,armandhammer.com
2062,retirementcalc.com
2063,kichline.com
2064,qsl.net
2065,hort.purdue.edu
2066,budgetsaresexy.com
2067,gumbopages.comrecipegoldmine.com
2068,climb-support.org
2069,freewebs.com
2070,vachss.com
2071,stuff.co.nz
2072,perpetualpreschool.com
2073,online-cookbook.com
2074,glenbrookfarm.com
2075,chickenofthesea.com
2076,montana.edu
2077,socialandcocktail.co.uk
2078,capitalremodelandgarden.com
2079,gardening-forums.com
2080,chilipepperapp.com
2081,bsmith.com
2082,ballreviews.com
2083,minnesotabonsaisociety.org
2084,artichokes.org
2085,keeping-chickens.me.uk
2086,auntannie.com
2087,quailsaustralia.com.au
2088,decks.com
2089,recipepizza.com
2090,bonsainut.com
2091,foodsubs.com
2092,gardenrant.com
2093,the-diy-income-investor.com
2094,toppromwebsites.com
2095,nashvillelawnandgardenshow.com
2096,articles.onlineautoinsurance.com
2097,bencatt.com
2098,carpetbuyershandbook.com
2099,paypalsucks.com
2100,iaccrr.org
2101,chickadvisor.comdigitalcamera-hq.com
2102,teenanalyst.com
2103,covenanthouse.org
2104,gizmodo.comantiqueauctionforum.com
2105,watching-grass-grow.com
2106,cremedelacreme.com
2107,littleherds.org
2108,apa.ca
2109,stiltoncheese.co.uk
2110,casey.org
2111,csinvestor.com
2112,realbakingwithrose.com
2113,mrltc.com
2114,massholemommy.com
2115,easy2diy.com
2116,recipecottage.com
2117,victoriabonsai.bc.ca
2118,charitywatch.org
2119,bhg.comhowstuffworks.com
2120,untied.com
2121,pbgc.gov
2122,woodsend.org
2123,finehomebuilding.com
2124,crimedoctor.com
2125,hannabery.com
2126,makesitsuper.ca
2127,gardenate.com
2128,bonsaiboon.com
2129,chickencrossing.org
2130,complaints.com
2131,poultrykeeper.com
2132,kidsgardening.org
2133,microbialogic.com
2134,efficientwindows.org
2135,paintorthread.com
2136,stephanemaes.com
2137,traditional-building.com
2138,justbento.com
2139,thebabywearer.com
2140,allaboutgames.co.uk
2141,moneydance.com
2142,toddenglish.com
2143,realfood4realpeople.com
2144,daylily.com
2145,enonhall.com
2146,v-flyer.com
2147,nurseriesonline.us
2148,cruisereport.com
2149,antennaweb.org
2150,mohotta.com
2151,creditcardinsider.com
2152,dvd-rental-review.toptenreviews.com
2153,fostercarecooperative.co.uk
2154,holdenarb.orghsishows.com
2155,froogalism.com
2156,gardenphotos.com
2157,themovingblog.com
2158,publicsecrets.org
2159,roommatenation.com
2160,hillbillyhousewife.com
2161,quintland.com
2162,electrical.about.com
2163,stratfordhall.org
2164,produceoasis.com
2165,digitalcommons.unl.edu
2166,webhostinginformation.net
2167,sunset.com
2168,thefunplace.com
2169,fishingfordeals.com
2170,pumpkinnook.com
2171,edutainingkids.com
2172,gameswithbaby.com
2173,cftc.gov
2174,botanicalgarden.ubc.ca
2175,breakfast-chef.blogspot.co.uk
2176,ruleworks.co.uk
2177,eugardens.eu
2178,ideaspectrum.com
2179,wholesomebabyfood.momtastic.com
2180,patronsofthepit.wordpress.com
2181,wstcoast.org
2182,floydfamilyhomestead.com
2183,exploristforum.com
2184,barbecuetricks.com
2185,vegancoach.com
2186,indianapoliszoo.com
2187,alldiscountbooks.net
2188,gesneriadsociety.org
2189,goodlooguide.freeservers.com
2190,bookpricesonline.com
2191,anythingbutipod.com
2192,ent.iastate.edu
2193,asian-recipe.com
2194,boardgamequest.com
2195,bookfinder.com
2196,extension.iastate.edu
2197,drano.com
2198,benderplace.com
2199,drinkboy.com
2200,calhort.org
2201,dietandbody.com
2202,acs.edu.au
2203,shesimmers.com
2204,supak.com
2205,dirtdoctor.com
2206,bozzle.com
2207,cakeb0t.com
2208,greekproducts.gr
2209,hookerycookery.com
2210,foodreference.com
2211,nmbuilder.com
2212,backyardpoultry.com
2213,pregnancy-info.net
2214,empoweredtoconnect.org
2215,ican2000.com
2216,consolidatedcredit.org
2217,grilling24x7.com
2218,simplyhydro.com
2219,childproductsafety.com
2220,cookingwithkids.com
2221,poetrynotcom.tripod.com
2222,qatarairwaysflights.com
2223,poserina.com
2224,gardencentreguide.co.uk
2225,roommatelocator.com
2226,easyaupair.com
2227,showtechnology.com
2228,webbabyshower.com
2229,almonds.com
2230,rsea4u.org
2231,mydiversekitchen.comchefatlarge.in
2232,cocktailchronicles.com
2233,toposmagazine.com
2234,emilycompost.com
2235,siliconguide.com
2236,digicamhelp.com
2237,conps.orgthegardenpages.com
2238,gypsyfarm.com
2239,lydlo.proboards.com
2240,gobbs.org
2241,theworkshop.net
2242,companies-reviews.com
2243,innerself.com
2244,ottawahort.org
2245,redbuttegarden.org
2246,organizersincanada.comchickencreek.webs.com
2247,socialsecurity.gov
2248,rachelcooksthai.com
2249,cdrom-guide.com
2250,howibuiltmyownpool.comtoolcobber.com
2251,stonethegardener.com
2252,greenpath.com
2253,porkbeinspired.com
2254,deliaonline.com
2255,burninlovebbq.com
2256,homebaking.org
2257,medicare.gov
2258,feedbackselector.comgasbuddy.com
2259,gardenclubofcyprus.com
2260,rbgsyd.nsw.gov.au
2261,organizeyourlife.org
2262,villabertolli.com
2263,organizedtimes.com
2264,ct-botanical-society.org
2265,njconsumeraffairs.gov
2266,repair2000.com
2267,countrycrock.com
2268,mrsdshomestead.com
2269,lightingfacts.com
2270,herbivoracious.com
2271,walmartsucks.livejournal.com
2272,liveducks.com
2273,njfostercare.org
2274,gardentimeonline.com
2275,moolanomy.com
2276,thenibble.com
2277,statebystategardening.com
2278,nature-loo.com.au
2279,website.lineone.net
2280,legacyproject.org
2281,creativechild.com
2282,gsmarena.com
2283,petite-coquette.co.uk
2284,whatscookingamerica.netsouthernfood.about.com
2285,sunwayfloors.com
2286,udupi-recipes.com
2287,richsoil.com
2288,getsmarteraboutmoney.ca
2289,quakeroats.com
2290,sanfrancisco.bizjournals.com
2291,gourmed.com
2292,newbedford.com
2293,mgsantaclara.ucanr.edu
2294,verybestbaking.com
2295,mealmaster.com
2296,prettyfrugalliving.comdigsmagazine.com
2297,plasticsinfo.org
2298,christianpf.com
2299,chetday.com
2300,isi.edu
2301,toppers-place.com
2302,alpharubicon.combekkel.tripod.com
2303,casadecrepit.com
2304,care.com
2305,rainyside.com
2306,best-chili-recipes-ever.com
2307,cnps.org
2308,customcatering.net
2309,gardenlist.com
2310,allrecipes.comjam-recipes.co.uk
2311,samarins.com
2312,newbornhub.com
2313,recipecircus.comvegetables.co.nz
2314,nymbler.com
2315,wholefoodsmarket.comgreenchronicle.com
2316,mouseprint.org
2317,gardenbanter.co.ukdoaks.org
2318,mofga.org
2319,dillonadopt.com
2320,thelivengoods.com
2321,elvesofester.com
2322,maydreamsgardens.com
2323,justorganized.com
2324,cnet.com
2325,theboardgamefamily.com
2326,icangarden.comhmk.on.ca
2327,webexhibits.organgelfire.com
2328,northwestsourdough.comrecipegoldmine.com
2329,newaupair.com
2330,terrylove.comcoffeerooms.com
2331,ths.gardenweb.comjohnmills.net
2332,marshchooks.webs.com
2333,phsonline.org
2334,lifetimeadoption.com
2335,maasnursery.com
2336,hungryjack.com
2337,esf.edu
2338,benefitslink.com
2339,texasrosefestival.com
2340,thebonsaigarden.com
2341,edenprivatestaff.com
2342,oldhouseguy.com
2343,leslieland.com
2344,ext.colostate.edu
2345,pinesol.com
2346,ergonica.net
2347,quotelab.com
2348,mycookingjourney.com
2349,barbecuenews.com
2350,talkfood.com
2351,homeconstructionimprovement.com
2352,belvedere-house.ie
2353,insurance-canada.ca
2354,pierecipe.allrecipes.com
2355,pacificbonsaimuseum.org
2356,aspiranet.org
2357,consumeraffairs.com
2358,users.erols.com
2359,cafefernando.com
2360,myinteriordecorator.com
2361,clothnappytree.com
2362,shelflifetastetest.com
2363,brainy-child.com
2364,frugalmom.net
2365,extraordinarybbq.com
2366,christian-homemaking.com
2367,htinstitute.org
2368,flowershow.comdoctorgreenfingers.co.uk
2369,makesushi.com
2370,fowlvisions.com
2371,repairfaq.orghomeplugandplay.com
2372,cookeryonline.com
2373,cocktailbuilder.com
2374,home.btconnect.com
2375,manusmenu.com
2376,environmentalhealth.ca
2377,path2parenthood.org
2378,mysquarefootgarden.net
2379,iledefrancecheese.com
2380,gonannies.com
2381,armywags.com
2382,thearc.org
2383,jackssmallengines.com
2384,wire-your-phones.com
2385,extension.illinois.edu
2386,thasneen.com
2387,twinsworld.com
2388,pepperfool.com
2389,topshare.com.au
2390,ratemotorcycle.com
2391,orgasmicchef.com
2392,empowerins.com
2393,aftouch-cuisine.com
2394,recipeland.com
2395,ecolandscaping.org
2396,foodblogs.com
2397,howtoraisequail.com
2398,roth401k.com
2399,liquidplumr.com
2400,canadablooms.com
2401,eborecipes.com
2402,tasteofhome.com
2403,annarborbonsaisociety.org
2404,cliffordawright.com
2405,bakingbites.com
2406,dinkytown.net
2407,maximumyield.comflowerpictures.net
2408,anti-matter-3d.com
2409,ca.uky.edu
2410,twopeasandtheirpod.com
2411,hiddenwires.co.uk
2412,frugalfamily.com
2413,kofflerfamily.tripod.comangelfire.com
2414,marthastewart.com
2415,vegetarian-kitchen.com
2416,gardencenterscapecod.com
2417,finecooking.com
2418,silentshadow.org
2419,fairmark.com
2420,antifraudcentre-centreantifraude.ca
2421,ciao.de
2422,grandmasdesserts.blogspot.com
2423,rockrecipes.com
2424,turflinelawncare.com
2425,jelleyjar.comhomedesignersoftware.com
2426,flatmateme.com
2427,backyardchickens.com
2428,adoptvietnam.org
2429,bigelowtea.com
2430,thebudgetdecorator.com
2431,military.com
2432,aogc.org
2433,compost-bin.org
2434,roadfly.com
2435,bethany.org
2436,japan-guide.com
2437,xs4all.nl
2438,dcresource.com
2439,hvac-talk.com
2440,ezdiyelectricity.com
2441,bayeradvanced.com
2442,nccsdataweb.urban.org
2443,slowandsimple.com
2444,thepotatostory.co.uk
2445,thecircuitdetective.com
2446,australianpoultryforum.com
2447,termite.com
2448,easy-french-food.com
2449,epicurus.com
2450,coolrunning.com
2451,grandboomers.com
2452,fueleconomy.gov
2453,findaupair.com
2454,perfectentertaining.com
2455,pickypinchers.com
2456,momswhothink.com
2457,allthingsfrugal.com
2458,chilicookoff.com
2459,rootmetrics.com
2460,phoenixbonsai.com
2461,satinann.com
2462,askyourneighbor.com
2463,danthegardener.co.uk
2464,allaboutsushiguide.com
2465,boe.ca.gov
2466,govguamdocs.com
2467,cuffereunion.com
2468,montessoritraining.net
2469,nnmotc.org
2470,altonbrown.com
2471,telegraph.co.uk
2472,biggreencraig.com
2473,thefamilypickers.com
2474,gardenontario.org
2475,lsv.uky.edu
2476,outlawcook.com
2477,volusiacountyhomeandgardenshow.com
2478,beyondsalmon.com
2479,ebayweb.com
2480,forgottengarden.co.uk
2481,wilmingtongardenday.org
2482,fabricworkshop.com
2483,sliceny.com
2484,planetbarbecue.co.uk
2485,skinet.com
2486,boomerandecho.com
2487,mcnews.com
2488,thisismoney.co.uk
2489,frugalmechanic.com
2490,consumerist.com
2491,rain.org
2492,mastergardenerssandiego.org
2493,cspinet.org
2494,swimming.about.com
2495,avforums.com
2496,thefrugalitygame.com
2497,tilex.com
2498,swbeans.comphantasia97tx.tripod.com
2499,clothnappyreview.blogspot.com
2500,moverreviews.comspectrumbrands.com
2501,allbookstores.com
2502,tastespotting.com
2503,rickschicken.co.uk
2504,leaseguide.com
2505,can-u-dig-it.blogspot.com
2506,deer-departed.com
2507,reviews.cnet.com
2508,callawaygardens.com
2509,improve-your-garden-soil.com
2510,wallmurals123.com
2511,colorjive.com
2512,911cheferic.com
2513,accuchef.com
2514,homesteadbloggersnetwork.com
2515,makemysushi.com
2516,dpreview.com
2517,reelmowers.info
2518,breastcrawl.org
2519,profam.com
2520,whodaresrolls.com
2521,growingtomatoe.com
2522,abcstockinvesting.com
2523,acf.orgwebgarden.osu.edu
2524,theworldwidegourmet.com
2525,hunts.com
2526,boldweb.com
2527,floridata.com
2528,makinghomeaffordable.gov
2529,oeqc.doh.hawaii.gov
2530,digitalphotoartistry.com
2531,souprecipe.allrecipes.com
2532,cocktailpros.com
2533,rev.state.la.us
2534,irrigationtutorials.com
2535,stylepilot.com
2536,sites.onlinemac.com
2537,pizza-toppings.info
2538,en.wikipedia.org
2539,childcareaware.org
2540,danandcheryl.com
2541,interiordezine.com
2542,vegetarian-cooking-recipes-tips.com
2543,cookingbites.com
2544,satelliteguys.us
2545,doubleselect.com
2546,consumerreview.com
2547,xilamom-ivil.tripod.com
2548,nancyskitchen.com
2549,speedresearch.com
2550,featheredobsessions.com
2551,bonniercorp.com
2552,genxfinance.com
2553,shoeguide.org
2554,cooksrecipes.comlunched.co.uk
2555,gardenorganic.org.uk
2556,gaspricewatch.com
2557,wbgarden.com
2558,farsinet.com
2559,ecoustics.com
2560,thisoldchicago2flat.blogspot.commysafehome.org
2561,4hgarden.cowplex.com
2562,gregorylee.com
2563,kls2.com
2564,knorr.ca
2565,bhg.comalanskitchen.com
2566,edmunds.com
2567,livingcookbook.com
2568,chef.pct.edu
2569,aging.senate.gov
2570,custombike.cc
2571,madmeatgenius.com
2572,thinking-about-cloth-diapers.com
2573,chefrick.com
2574,ftb.ca.gov
2575,slate.com
2576,colostate.edu
2577,downy.com
2578,recipes.1hwy.com
2579,veganbaking.net
2580,lcbsbonsai.orggardencenterguide.com
2581,dca.ca.gov
2582,opendns.com
2583,180solutions.comrecalls.gov.au
2584,winebork.com
2585,wnps.org
2586,icreateofx.co.uk
2587,storknet.com
2588,imercer.com
2589,digthedirt.com
2590,soundandvision.com
2591,coloradonocall.com
2592,lifeofreiley.com
2593,thebbqcentralshow.com
2594,greatcare.co.uk
2595,csmonitor.com
2596,goodeatsfanpage.com
2597,backyardplanter.com
2598,storageauctioncentral.com
2599,faqs.org
2600,modaco.com
2601,gernot-katzers-spice-pages.com
2602,vaux-le-vicomte.com
2603,heatherchristo.com
2604,fire-extinguisher101.com
2605,militaryliving.com
2606,clutterfreeservices.com
2607,michigan.gov
2608,homebuilding.co.uk
2609,thehousingbubbleblog.com
2610,adoptionuk.org
2611,interfaithfamily.com
2612,lookd.com
2613,southrivermiso.com
2614,boozemixer.com
2615,jacquespepin.com
2616,florida-palm-trees.com
2617,extremelygreen.com
2618,resellerratings.com
2619,icantbelieveitsnotbutter.com
2620,chefben.tripod.com
2621,npsot.org
2622,topix.com
2623,babynamescountry.com
2624,gettextbooks.com
2625,tripletsandus.com
2626,whitelily.com
2627,homefoodsafety.org
2628,frugalandthriving.com.au
2629,rooms-to-let.com
2630,baby-shower.com
2631,gcamerica.org
2632,homedesignstl.com
2633,allthedirtongardening.blogspot.com
2634,recipeplace.com
2635,fpb.case.edu
2636,jocooks.com
2637,clearsimple.com
2638,seethalers.com
2639,sweetopia.net
2640,cabbage-soup-diet.com
2641,shirleys-preschool-activities.com
2642,comtoilet.com
2643,thegutsygourmet.net
2644,artisticbonsaicircle.co.uk
2645,egglesscooking.com
2646,vegkitchen.com
2647,foodbycountry.com
2648,bgr.com
2649,ozonesolutions.com
2650,venisonworld.com
2651,mobiletechreview.com
2652,lexusownersclub.co.uk
2653,extension.umaine.edu
2654,vacuumreviewsworld.com
2655,clearpoint.org
2656,realestate.aol.comhome-owners-assoc.com
2657,ukwhitegoods.co.uk
2658,flooryou.com
2659,airlinecomplaints.org
2660,newfs.org
2661,eighth-day.co.uk
2662,askbaby.com
2663,fcs.uga.edu
2664,iii.org
2665,mythreecents.com
2666,123easyaspie.com
2667,redcanoes.ca
2668,liquidledger.com
2669,gameboygeek.com
2670,mountvernon.org
2671,sheepscreek.com
2672,reppers.com
2673,rhs.org.uk
2674,hotspot-locations.com
2675,hackwriters.com
2676,orrsys.co.uk
2677,organizingforyou.com
2678,lacucinaeoliana.comrecipegoldmine.com
2679,farmerjohn.com
2680,aupaircare.com
2681,chefpaul.com
2682,grandmagazine.com
2683,nfpa.orgthisoldhouse.com
2684,winezap.com
2685,thebakingpan.com
2686,macheesmo.com
2687,mrsdash.com
2688,catalystgames.net
2689,livingonthenet.com
2690,moneyspire.com
2691,starkist.com
2692,reallymoving.com
2693,cityline.ca
2694,hometheatershack.com
2695,sciweb.nybg.org
2696,roommateroommateroommate.com
2697,aupairlink.co.nz
2698,diaperswappers.com
2699,rebelhome.net
2700,dinnerwithjulie.com
2701,perfumetr.com
2702,mariasducktales.com
2703,rideapart.com
2704,thebabyeffect.com
2705,bakesbychichi.com
2706,cowgirlscountry.blogspot.com
2707,epinions.com
2708,bhg.commissingindiankids.com
2709,movingmaster.combranchor.com
2710,themortgagereports.com
2711,ibiblio.org
2712,motorcycletirereviews.com
2713,allprodad.com
2714,janm.org
2715,vgaman.tripod.com
2716,moomilk.com
2717,adoptivefamiliescircle.com
2718,kidspartyfun.com
2719,cobrainsurancebenefits.org
2720,trustedreviews.com
2721,sourdoughhome.com
2722,cog.ca
2723,goaupair.com
2724,google.com
2725,amberteethingnecklace.org
2726,netflixfan.blogspot.com
2727,canfightbac.org
2728,planetnatural.comwww1.extension.umn.edu
2729,ethicalconsumer.org
2730,showcook.com
2731,investorism.com
2732,holidaycook.com
2733,eroyswife.blogspot.com
2734,5minutesformom.com
2735,artauctionsofamerica.com
2736,abdraught.com
2737,glenndaily.com
2738,creative-baby-shower-ideas.com
2739,howtocleananything.com
2740,indexfunds.com
2741,phdewar.tripod.com
2742,jalapenocafe.com
2743,humeseeds.com
2744,videomaker.com
2745,calclingpeach.com
2746,igourmet.com
2747,lowest-price-web-hosting.com
2748,123child.com
2749,orcabayseafoods.comloosetooth.com
2750,passionforpork.com
2751,yourdays.com
2752,powerlinecommunications.net
2753,mybestcocktails.com
2754,gardens.com
2755,thisgardenisillegal.com
2756,cocktail-db.com
2757,outdoorcookingchannel.com
2758,specialcheese.com
2759,beeftips.com
2760,mosquitotraps.biz
2761,doyourownpestcontrol.com
2762,olgiati-in-paraguay.org
2763,dvdinfo.ca
2764,vtliving.com
2765,clematis.com.pl
2766,morikami.org
2767,cupcake-business.com
2768,springspreserve.org
2769,futurefamilies.org
2770,mytartelette.com
2771,mymoneyblog.com
2772,anitaylor.com
2773,bookbutler.com
2774,lovethewayyoulive.com
2775,notdelia.co.uk
2776,weekendgardener.net
2777,woodfloorsonline.com
2778,coffee-recipe.com
2779,babynames.tamilstar.com
2780,leuragardensfestival.com.au
2781,style-yourself-confident.com
2782,allorganiclinks.com
2783,kidsindanger.org
2784,kellythekitchenkop.com
2785,oregondairycouncil.org
2786,pioneerthinking.com
2787,autoweb.com
2788,howtobbqright.com
2789,revenue.nh.gov
2790,grahamrice.com
2791,babynameworld.com
2792,bakingmad.com
2793,cruise-addicts.com
2794,anamericanhomestead.com
2795,tattooedhomestead.com
2796,pbskids.org
2797,familycorner.com
2798,publications.usa.gov
2799,allregs.com
2800,pennyauctionwatch.com
2801,amuse-your-bouche.com
2802,henriettes-herb.com
2803,gardentourismconference.com
2804,riveroaksgardenclub.org
2805,gardenpondforum.com
2806,anniesrecipes.comnowyourecookingrecipes.com
2807,extension.umn.edu
2808,dianasdesserts.com
2809,three-peaks.net
2810,smartbalance.com
2811,purplehazelavender.com
2812,canadaadopts.com
2813,festivalofflowers.com
2814,maytag.com
2815,greyfergie.co.uk
2816,carfax.com
2817,manjulaskitchen.com
2818,vegweb.com
2819,militarychild.org
2820,homestead.org
2821,betterbedandbreakfasts.com
2822,handygirl.com
2823,peanutbutterlovers.com
2824,absoluterecipes.com
2825,homecooking.about.com
2826,vkhanna.com
2827,movable-feast.com
2828,plantnative.org
2829,cooksillustrated.com
2830,pumpkinfest.com
2831,cheapdishwasher.org.uk
2832,breastfeeding.org
2833,rv-orchidworks.com
2834,users.usinternet.com
2835,hoteloogle.com
2836,frugal-families.com
2837,basicinvest.com
2838,chictopia.com
2839,acf.hhs.gov
2840,peanutvan.com.au
2841,mexican-authentic-recipes.com
2842,atg.state.vt.us
2843,metroroommates.com
2844,britishasparagus.com
2845,cruisediva.com
2846,inspiralized.com
2847,youneedabudget.com
2848,anpsa.org.au
2849,homemade-baby-food-recipes.com
2850,gardenhistorysociety.org
2851,parksandgardens.org
2852,ncwildflower.org
2853,home-start.org.uk
2854,18th-edition-wiring-regulations.co.ukfinehomebuilding.com
2855,hydroponicsonline.com
2856,ecosan.co.za
2857,grandtimes.com
2858,jif.com
2859,thefabricofourlives.com
2860,uncledutchfarms.com
2861,ag.arizona.edu
2862,howtocookthat.net
2863,gcfm.org
2864,poolfence.com
2865,taxes.about.com
2866,woodwind.org
2867,miserlymoms.com
2868,designer-info.com
2869,agry.purdue.edu
2870,realfood4realpeople.comrazzledazzlerecipes.com
2871,cambayrac.hemscott.net
2872,actuary.org
2873,beverlymadera.comemigrate.co.uk
2874,kitchenproject.comrecipesource.com
2875,scv.bu.edu
2876,outfitideashq.com
2877,lets-make-sausage.com
2878,vafgs.org
2879,abowlofred.com
2880,bashasgarden.blogspot.com
2881,babynames.looktamil.com
2882,hungrymonster.comstrothotte.com
2883,bakingoutsidethebox.com
2884,bernardin.ca
2885,tax.state.ri.us
2886,acozykitchen.com
2887,drdons.nettreehouses.com
2888,nafgpd.org
2889,timbertax.org
2890,avirtuouswoman.org
2891,sharmispassions.com
2892,kitchen-parade-veggieventure.blogspot.com
2893,fourfriends.com
2894,thekitchn.com
2895,ioa-pag.org
2896,dvd-rental-guide.us
2897,pintprice.com
2898,moukarzel.com
2899,berkshirebonsai.co.uk
2900,hellyeahitsvegan.com
2901,premiertaxfree.com
2902,aubergines.org
2903,accc.gov.au
2904,bonsaiinformation.com
2905,hometips.com
2906,exoticedibles.com
2907,northpole.com
2908,refrigerants.com
2909,finder.healthcare.gov
2910,gnfc.org.uk
2911,keepsoft.com
2912,simplyprepared.comhowstuffworks.com
2913,envirolet.com
2914,extension.msstate.edu
2915,recipes.gs
2916,new-cars.com
2917,chorewars.com
2918,absbonsai.org
2919,edibleschoolyard.org
2920,consumercredit.com
2921,medinacraftshows.com
2922,paulparent.com
2923,chefjacques.com
2924,chemistry.co.nz
2925,k2construction.com
2926,cca.hawaii.gov
2927,viewpoints.com
2928,laading.net
2929,driveclean.ca.gov
2930,eco-nomic.com
2931,successfulebaybusiness.com
2932,abc-club.de
2933,circuitrework.com
2934,reelmowerguide.com
2935,electriciantalk.com
2936,decoratorsecrets.com
2937,thedch.org
2938,homesafetycouncil.org
2939,famucon.com
2940,babbee.com
2941,organicrosecare.org
2942,floodsmart.gov
2943,nytimes.com
2944,nolacuisine.com
2945,orchidboard.com
2946,calraisins.org
2947,adoptionnetwork.com
2948,complaintslist.com
2949,macscouter.com
2950,eserviceinfo.com
2951,homesteadrevival.blogspot.ca
2952,gardeningplaces.com
2953,2central.com
2954,garden.org
2955,gfrecipes.com
2956,lawnandlandscape.com
2957,cfcare.org
2958,confessionsofacouponaholic.com
2959,tastykitchen.com
2960,fredericklawolmsted.com
2961,forum.sausagemaking.org
2962,hortus.co.uk
2963,fosterparents.com
2964,consumerismcommentary.com
2965,plantzafrica.com
2966,miscarriagesupport.org.nz
2967,grillgirl.com
2968,apictureofme2.blogspot.com
2969,seinet.org
2970,indianfoodforever.com
2971,search.pbgc.gov
2972,usticke.org
2973,clark.com
2974,carinsuranceguidebook.com
2975,flavorandfortune.com
2976,inspectapedia.com
2977,paulnoll.com
2978,gratetv.com
2979,athomenet.comuky.edu
2980,upack.com
2981,purex.com
2982,tide.com
2983,familyresource.com
2984,complaintline.com.au
2985,goodbyeclutter.com
2986,ftp:
2987,ambest.com
2988,crfg.org
2989,tritthart.net
2990,intomobile.com
2991,mylittleprairiehome.com
2992,landscape-america.com
2993,oldfashionedhomemaking.com
2994,sausagemania.com
2995,giverny.org
2996,sourdough.com
2997,pillsbury.com
2998,alcoholicdrinks.net
2999,dominicancooking.com
3000,dogwood.org
3001,preschoolexpress.com
3002,horticulturaltherapy.com.au
3003,no-dig-vegetablegarden.com
3004,holycowvegan.net
3005,thatsanice.com
3006,users.accesscomm.ca
3007,bento.com
3008,leucht.com
3009,okroommate.com
3010,credibility.stanford.edu
3011,avatar-moving.com
3012,kelkoo.co.uk
3013,bestrecipes.com.au
3014,rockbox.org
3015,growsonyou.com
3016,investorjunkie.com
3017,pacificbulbsociety.org
3018,bellaonline.com
3019,cookingforengineers.com
3020,tax.nv.gov
3021,unichef.com
3022,premiersystems.com
3023,greydragon.org
3024,lightwiring.co.uk
3025,mightycool.comsausagefans.co.uk
3026,usna.usda.gov
3027,auctionezone.com
3028,firepreventionweek.org
3029,thaitable.com
3030,simplyrecipes.com
3031,lowfatveggiefood.co.ukag.arizona.edu
3032,eartheasy.com
3033,austinbonsaisociety.com
3034,raccoonatticguide.com
3035,english-gardening.com
3036,edis.ifas.ufl.edu
3037,schoolgardenweekly.comspring-green.com
3038,dur.ac.uk
3039,gardendjinn.typepad.com
3040,currystrouble.tripod.com
3041,heatinghelp.com
3042,ohsheglows.com
3043,supermarketsavvy.com
3044,lacetoleather.com
3045,biblical-baby-names.com
3046,grc4usa.org
3047,car-buying-strategies.com
3048,info.fabrics.net
3049,cnmi-guide.com
3050,theflexitarian.co.uk
3051,messygourmet.com
3052,arboretum.harvard.edu
3053,faa.gov
3054,s92274348.onlinehome.us
3055,showhope.org
3056,topsecretrecipes.com
3057,1001recipes2send.com
3058,hissingkitty.com
3059,tax.ohio.gov
3060,roommates.com
3061,spiceadvice.com
3062,getrichslowly.org
3063,learninvesting.com
3064,epicurious.com
3065,mrscake.co.nz
3066,sustland.umn.edu
3067,swfwmd.state.fl.us
3068,cdc.gov
3069,protoolreviews.com
3070,achoiceforyou.com
3071,parentmap.com
3072,cheezler.com
3073,epicureasia.com
3074,powerhousetv.com
3075,littlecountryvillage.com
3076,twis.info
3077,sun-mar.com
3078,tylerflorence.com
3079,unclaimed-state-money.com
3080,compareshopbooks.com
3081,sallybernstein.com
3082,frogsonice.com
3083,egguevara.com
3084,homeautomationindex.com
3085,selfsufficientish.com
3086,gamespider.co.uk
3087,en.esprit-bonsai.com
3088,homewiththekids.com
3089,jasonzweig.com
3090,pregnancy.com.au
3091,webhostinggeeks.com
3092,organic-gardening-and-homesteading.com
3093,afullcup.com
3094,cestfini.com
3095,msfrugal.net
3096,coldclimategardening.com
3097,bookishgardener.com
3098,makemeacocktail.com
3099,bostonapartments.com
3100,jmgkids.us
3101,almostfrugal.com
3102,mrbreakfast.com
3103,umamigirl.com
3104,epictextbooks.com
3105,zilchworks.com
3106,upholster.com
3107,netcooks.com
3108,princepasta.com
3109,opei.orgmotorcycle.com
3110,goodbyecitylife.com
3111,nationalpeanutboard.org
3112,carlasrobertson.tripod.com
3113,domaine-chaumont.fr
3114,runnerduck.com
3115,epicureantable.comangelfire.com
3116,ibonsaiclub.forumotion.com
3117,papers.ssrn.com
3118,pburch.net
3119,botanic.co.il
3120,bookhq.com
3121,askthebuilder.com
3122,familyeducation.com
3123,quorn.com
3124,digital-photo-software-guide.combuildzoom.com
3125,gumbopages.com
3126,cimorelli.com
3127,deeproot.co.uk
3128,thesimpledollar.com
3129,adoption.ca
3130,cmhpf.org
3131,safebuy.org.uk
3132,bestbeginnermotorcycles.com
3133,breathing-space.com
3134,porcupinepress.com
3135,sneakerpedia.com
3136,home-gardenshow.com
3137,pastrywiz.com
3138,vegandad.blogspot.com
3139,ewon.com.au
3140,simple-bbq.com
3141,poultrykeeperforum.com
3142,simple-nourished-living.com
3143,engadget.com
3144,goodfinancialcents.com
3145,backyardchickens.yuku.com
3146,vinegarman.com
3147,unexco.com
3148,happypassover.net
3149,tomshardware.com
3150,babynameguide.com
3151,epinions.comrunningshoesguru.com
3152,chaostoorder.com
3153,treehelp.com
3154,ths.gardenweb.com
3155,tulsamastergardeners.org
3156,lawncaretips.blogspot.com
3157,flatmates.com.au
3158,consumer.ca
3159,savewealth.com
3160,plantlife.org.uk
3161,baking.about.com
3162,kidsmanor.org
3163,oregon.gov
3164,bfmed.org
3165,mediterrasian.com
3166,nymetroparents.com
3167,dailyfinance.com
3168,safercar.gov
3169,cakes-kueh.comhowstuffworks.com
3170,operationshower.org
3171,consumersearch.com
3172,thisrawsomeveganlife.com
3173,gastronomica.org
3174,journeytoforever.org
3175,meals.com
3176,cutnclean.com
3177,gardenweb.com
3178,chachich.com
3179,babynamestats.com
3180,fatfreekitchen.com
3181,copykat.com
3182,cahe.nmsu.edu
3183,brewery.org
3184,heligan.com
3185,eightymphmom.com
3186,extoxnet.orst.edu
3187,hotgardens.net
3188,family-friendly-fun.com
3189,astray.com
3190,https:babyshowers.info
3191,fatfingers.com
3192,happyvalleylavender.com
3193,standupforkids.org
3194,boardmanweb.com
3195,doityourself.com
3196,essentia-soft.com
3197,urbansome.com
3198,glensplace.com
3199,thechilliking.com
3200,https:findyourspot.com
3201,gardening123.com
3202,coffeegeek.com
3203,sfgardenshow.com
3204,turbulence.org
3205,redwoodbarn.comcafegarden.com
3206,japanesegarden.com
3207,bubbleteasupply.com
3208,victorian-house.com
3209,dor.wa.gov
3210,healthytraveler.com
3211,individuals.marylandtaxes.com
3212,freeauctionhelp.com
3213,outpostexpat.nl
3214,canoeplants.com
3215,foodaust.com.au
3216,healthy.net
3217,veggieful.com
3218,bankrate.com
3219,insurekidsnow.gov
3220,vgstores.com
3221,opensignal.com
3222,markgriffiths.org
3223,homepage3.nifty.com
3224,shamscam.com
3225,frugal-living-freedom.com
3226,planttalkradio.com
3227,dukefarms.org
3228,lpl.arizona.edu
3229,toolmonger.com
3230,extension.oregonstate.edu
3231,mfri.purdue.edu
3232,squarefootgardening.org
3233,cooking-italian-food.com
3234,invaluable.com
3235,moving.org
3236,pregnancyforum.co.uk
3237,washerhelp.co.uk
3238,awaa.org
3239,news.bbc.co.uk
3240,guidestar.org
3241,cellphoneforums.net
3242,veganbits.com
3243,howdididoit.com
3244,gnobs.org
3245,backpackgeartest.org
3246,unclaimedpropertybc.ca
3247,kidspot.com.au
3248,tandfonline.com
3249,thaifoodandtravel.com
3250,100bestwebhosts.com
3251,ext.nodak.edu
3252,successwithpoultry.blogspot.com
3253,22dollars.com
3254,aronson.co.il
3255,energystar.gov
3256,damndelicious.net
3257,thehealthyeatingsite.com
3258,mygreekdish.com
3259,infohouse.p2ric.org
3260,gmjinteriors.com
3261,en.indextracker.ch
3262,redmonkeyfoods.com
3263,wireityourself.com
3264,timberwolfcreek.com
3265,myorganizerinmuskoka.com
3266,compareautoinsurancerates.com
3267,americanadoptions.com
3268,dazzlingdessert.com
3269,newlywedsonabudget.com
3270,indiaexpress.com
3271,aarp.org
3272,homelessgardenproject.org
3273,evz.de
3274,cyfernet.org
3275,farmgal.tripod.com
3276,digitaltrends.com
3277,wys-systems.co.uk
3278,flexibleretirementplanner.com
3279,nysccc.org
3280,ideasgenie.co.uk
3281,theweedlessgarden.blogspot.com
3282,collegeswapshop.com
3283,brainchildmag.com
3284,inoutdecor.com
3285,gardengatemagazine.com
3286,txmg.org
3287,theaveragejoeinvestor.blogspot.com
3288,indianhindunames.com
3289,borssen.comwwwiz.com
3290,calolive.orgchicken.allrecipes.com
3291,swimuniversity.com
3292,gas2.org
3293,perennials.com
3294,thesheetmetalshop.com
3295,kalynskitchen.com
3296,pickuptrucks.com
3297,childrensbirthdaypartyplanner.com
3298,drugfree.org
3299,20knames.com
3300,weesleep.ca
3301,culturalcare.com
3302,consumersunion.org
3303,cactus-art.biz
3304,hometime.com
3305,gardenfortheenvironment.org
3306,dlhunicorn.conforums.com
3307,twinsdays.org
3308,citynoise.org
3309,angelfire.com
3310,directfund.fundinfo.wilink.com
3311,canadasafetycouncil.org
3312,scotts.com
3313,revenue.state.mn.uslostcash.ca
3314,rrb.gov
3315,cfw.tufts.edu
3316,gosale.com
3317,bambooweb.info
3318,mortonarb.org
3319,barleyfoods.org
3320,aggie-horticulture.tamu.edu
3321,juniormagazine.co.uk
3322,pacefoods.com
3323,debt.org
3324,pediatrics.about.com
3325,aayisrecipes.com
3326,leugardens.org
3327,soymilkmaker.com
3328,playingwithfireandsmoke.blogspot.com
3329,dodgeproblems.com
3330,projectpemberton.info
3331,whatconsumer.co.uk
3332,lotsofinfo.tripod.com
3333,bettycrocker.com
3334,compostingcouncil.org
3335,aias-suiseki.it
3336,php.com
3337,bbq-4-u.com
3338,electronics.howstuffworks.com
3339,bbb.org
3340,ilonagarden.blogspot.com
3341,daveosborne.comkitchenremodeldiary.blogspot.com
3342,childcybersearch.org
3343,pancakes-recipes.com
3344,greekproducts.com
3345,1003.com
3346,backinthymebb.com
3347,trademachines.com
3348,precious.org
3349,smoking-meat.com
3350,gardenclub.org
3351,fcac-acfc.gc.ca
3352,robinhood.ca
3353,aeriskitchen.com
3354,lowes.com
3355,architecture.about.com
3356,homesicktexan.com
3357,thegardenhelper.com
3358,cable.co.uk
3359,nydailynews.com
3360,golf.about.com
3361,cruises.about.com
3362,amaralfarm.com
3363,childdevelopmentinfo.com
3364,smokingpit.com
3365,bugspray.com
3366,recipecircus.comhttps:
3367,deliciousdays.com
3368,smallkitchengourmet.com
3369,napkinfoldingguide.com
3370,dvo.com
3371,audioasylum.com
3372,huggiesclub.com
3373,e-rcps.com
3374,primasoft.com
3375,healthcare.gov
3376,biketechreview.com
3377,kbb.com
3378,jeansinfo.org
3379,ifland.net
3380,pregnancyloss.info
3381,italianfoodforever.com
3382,gardenhistorysociety.org.au
3383,reunionindex.com
3384,asparagus-lover.com
3385,timberpress.com
3386,diy-hydroponics.com
3387,organizedhome.com
3388,ovulationcalculation.net
3389,travel.state.gov
3390,thegardensgift.blogspot.com
3391,muslimbabynames.net
3392,gorsky.com
