1,whychristmas.com
2,musee-orsay.fr
3,tiki.oneworld.net
4,spiderman.ugo.com
5,en.beijing2008.cn
6,fisher-price.com
7,lizardpoint.com
8,coastalpetrescue.org
9,thunk.com
10,thecoolspot.gov
11,linns.com
12,math2.org
13,usmint.gov
14,nintendo.com.au
15,zoeysroom.com
16,ohioffa.org
17,thefa.com
18,girlslife.com
19,tsaweb.org
20,3ofakind.s5.com
21,a4esl.org
22,edhelper.com
23,jesusandkidz.com
24,wxdude.com
25,torahtots.com
26,groups.yahoo.com
27,robertmunsch.com
28,clinton4.nara.gov
29,americanart.si.edu
30,aacy.org
31,spine-health.com
32,girl.com.au
33,bnaps.org
34,kidlink.org
35,thehideout.org.uk
36,kidscanmakeadifference.org
37,drugabuse.gov
38,paperairplanes.co.uk
39,faqkids.com
40,petstation.com
41,chilimath.com
42,bartleby.com
43,theinsite.org
44,floridadanceworkshop.com
45,sadd.org
46,pleasetouchmuseum.org
47,goosebumps.scholastic.com
48,wga.hu
49,mamalisa.com
50,planetnemoprod.com
51,nces.ed.gov
52,coloringpages24.com
53,lifeskills.endlex.com
54,amatecon.com
55,barretstown.org
56,financialaidfinder.com
57,vision3d.com
58,digitalmediafx.com
59,mpl.on.ca
60,puberty101.com
61,earobics.com
62,kinderwebgames.com
63,z11.invisionfree.com
64,onlyciara.com
65,mouthhealthykids.org
66,mathmistakes.info
67,hogwartslive.com
68,dps.state.ak.us
69,msichicago.org
70,puzz.com
71,trappertrails.org
72,tosiproductions.com
73,kh.org
74,animals.nationalgeographic.com
75,allenmorgan.com
76,wikihow.com
77,zoobuh.com
78,philamuseum.org
79,phet.colorado.edu
80,nourishinteractive.com
81,campolympia.com
82,thehelpline.org
83,toolband.com
84,youthwebonline.com
85,w8mhb.com
86,coloringplanet.com
87,cyberdriveillinois.com
88,colgate.com
89,english-4u.de
90,digitalsports.com
91,iucnredlist.org
92,leannrimesworld.com
93,supersitterwi.tripod.compbs.org
94,myturtlecam.com
95,university-college.net
96,just4kidsmagazine.com
97,meddybemps.com
98,freshcoloring.comchestnut-sw.com
99,scituate.k12.ma.us
100,online.wsj.com
101,brainandspine.org.uk
102,write4fun.net
103,kidpub.com
104,chandrakantha.comnationalgeographic.com
105,giftedstudy.org
106,godlygirlsforgod.com
107,juneharman.com
108,lifeteen.com
109,glorieshappyhats.org
110,watonka.com
111,hammondmuseumofradio.org
112,catsinfo.com
113,bollywoodfunknyc.com
114,fablevision.com
115,ilc.org
116,kidskreate.com
117,celinedion.com
118,debradavis.orgmarchofdimes.org
119,mah-jongg.ch
120,tallock.tripod.com
121,care-givers.com
122,sportsfeelgoodstories.com
123,garenewing.co.uk
124,fair.org
125,ihavenoalibi4u.tripod.com
126,scoutscan.commathworld.wolfram.com
127,sym29.webs.com
128,bsieducation.org
129,youngdancersinrep.org
130,chem4kids.com
131,rainn.org
132,thelittleartist.com
133,offtocollege.com
134,wordsmyth.net
135,cmhouston.org
136,cyberquail.com
137,emusictheory.com
138,creativephotography.org
139,rae.org
140,worldwideschool.org
141,enchantedlearning.comnssl.noaa.govcrlsresearchguide.org
142,doa.alaska.gov
143,numbernut.com
144,lib.utexas.edu
145,britishmuseum.org
146,shortcourses.com
147,beinggirl.co.uk
148,fencing.net
149,printactivities.com
150,paddington.com
151,childrencanada.com
152,mgpl.org
153,webmd.com
154,botham.co.uk
155,storknet.com
156,contemporaryteen.com
157,newpet.com
158,nga.gov
159,sugarscape.comweb.macam.ac.il
160,ct.gov
161,artnut.com
162,abt.org
163,coinworld.com
164,glnh.org
165,earthsky.org
166,ehow.com
167,inventwithpython.cominternetschoolhouse.com
168,planetbravo.com
169,sites.google.com
170,disneychannel.disney.com
171,pageantrymagazine.comhomeless.org.au
172,beingdyslexic.co.uk
173,violinist.com
174,mathhomeworkanswers.org
175,kithp.50webs.com
176,www-groups.dcs.st-and.ac.uk
177,brainden.com
178,northernstarbsa.org
179,rspb.org.ukeducation.noaa.govapples4theteacher.com
180,youngminds.org.uk
181,sense-lang.org
182,preschooleducation.com
183,submission.org
184,dofe.org
185,saradiomuseum.org
186,pawsexplore.co.uk
187,angiecooks.tripod.com
188,web.uflib.ufl.edu
189,teens4hire.org
190,tutusonbroadway.com
191,aggie-horticulture.tamu.eduteodulo.com
192,thisisemilyyeung.com
193,radioliberty.org
194,photographymuseum.com
195,mathexpression.com
196,members.optusnet.com.au
197,storyplace.org
198,englishplus.com
199,girlshealth.gov
200,forgirls.girlscouts.org
201,usc.edu
202,lexiquefle.free.fr
203,newyorkartworld.com
204,christianteenforums.com
205,teenchat.mobi
206,peakinvitational.ca
207,michiganscouting.org
208,explainthatstuff.com
209,bjpinchbeck.com
210,iowadot.gov
211,dilbert.com
212,dmv.ri.gov
213,tribeworld.com
214,schoolgardenweekly.com
215,92y.org
216,visualfractions.com
217,exploratorium.edu
218,members.chello.nlrogerebert.com
219,quintcareers.com
220,cyber-kitchen.com
221,youngworkers.org
222,adage.com
223,imissmydad.com
224,weekiwis.com
225,solarsystem.nasa.govnationalelectronicsmuseum.org
226,kids.nypl.org
227,space.com
228,primarygames.com
229,mathplayground.com
230,bellevuedanceacademy.com
231,artsmia.org
232,prongo.com
233,easybib.com
234,urbangirlz.org
235,online.seterra.com
236,timeout.com
237,eduplace.com
238,jakethomas.com
239,fun.familyeducation.comobsidiandawn.com
240,rspb.org.uk
241,ipl.org
242,mmmboptastic.com
243,history.ca
244,outwardbound.org
245,kidsolr.com
246,morecoloringpages.com
247,killrockstars.com
248,home.gwi.net
249,fromthetop.org
250,aboutbeanies.com
251,iwannaknow.org
252,doublehranch.org
253,nick.com
254,dps.alabama.gov
255,esl-galaxy.com
256,channelone.com
257,bibhasde.com
258,gayprom.com
259,martindalecenter.com
260,bluecoats.com
261,coloradoschoolofacting.com
262,choresforcharity.com
263,oaklandzoo.org
264,chabad.org
265,shabbir.com
266,omniwing.com
267,jerrymuskrat.com
268,wildernessproject.org
269,pets911.com
270,musictheory.net
271,shinesa.org.au
272,kingstonschoolofdance.ca
273,blackdog.net
274,scout.org
275,kidsinco.com
276,solitairenetwork.com
277,volunteermatch.org
278,fredandchloe.blogspot.com
279,paralympic.orgcampecho.com
280,nps.gov
281,atlantabsa.org
282,grammar.ccc.commnet.edu
283,grainchain.com
284,khanacademy.org
285,ignatz.brinkster.net
286,windows2universe.org
287,familyweek.com
288,collegiateguide.com
289,onlineguardians.org
290,bgca.org
291,sesamestreet.org
292,choice.com.au
293,howtoyoyo.com
294,refdesk.com
295,awn.com
296,cichlids.1hwy.com
297,shelsilverstein.com
298,factmonster.comkidshealth.orgdivorceonline.com
299,cmany.org
300,kidtastic.com
301,adirondackcamp.com
302,hhhlibrary.org
303,antijen.org
304,mathinenglish.com
305,funtrivia.com
306,phac-aspc.gc.ca
307,nrcdxas.org
308,purecss.io
309,gov.ph
310,datadragon.com
311,cdn.media.thewaltdisneycompany.com
312,puzzlemaker.com
313,webexhibits.org
314,gsmd.ac.uk
315,veggietales.com
316,nikonhistoricalsociety.comstoneshaper.com
317,innerbody.com
318,bayareadiscoverymuseum.org
319,faq.gardenweb.com
320,playkidsgames.com
321,btvsccg.co.uk
322,alysion.org
323,gardenofpraise.com
324,lordoftherings.net
325,dogplay.com
326,links4teens.blogspot.com
327,happygold.com
328,partygameideas.com
329,worldrps.com
330,spidermancrawlspace.com
331,idahoteenpregnancy.com
332,boyz44019.yuku.com
333,mathewbrady.com
334,classzone.com
335,powerpets.com
336,allmagic.com
337,cdc.gov
338,movewithgrace.ca
339,chesslab.com
340,familydoctor.org
341,youthrules.dol.govrootsweb.ancestry.com
342,getty.edu
343,lolcounter.com
344,tinypop.com
345,britneyspears.com
346,fslactivities.ca
347,robinsfyi.com
348,learndutch.org
349,citypopulation.de
350,disney.co.uk
351,worldbook.com
352,eatchicken.com
353,linotype.comdrumcorpsplanet.com
354,gardening-for-kids.blogspot.com
355,ffa.org
356,art.net
357,spiderswebs.freewebspace.com
358,harrypotter.warnerbros.co.uk
359,aafp.org
360,kiwibox.com
361,kinderart.com
362,circle.nypo.org
363,missoandfriends.com
364,pinkbike.com
365,webdictionary.co.uk
366,infidels.org
367,myfonts.com
368,dmv.ca.gov
369,melissajoanhart.net
370,destinyschild.com
371,panicatthedisco.com
372,akhlah.com
373,timeanddate.comhonda.com
374,ysa.org
375,odxa.on.caindependent.ie
376,carolinacrown.org
377,lifecharity.org.uk
378,cnn.com
379,showroomworkstation.org.uk
380,gamefaqs.com
381,littletikes.com
382,notodrugs-yestolife.com
383,how-to-draw-funny-cartoons.com
384,quiz-tree.com
385,agendaweb.orgclassicsunveiled.com
386,bemboszoo.com
387,noys.org
388,usyouthsoccer.org
389,leagueoflegends.com
390,fll-freak.com
391,ncagr.gov
392,katiespix.com
393,kidsreads.com
394,postmanpat.com
395,royalballetschool.org.uk
396,mathsisfun.com
397,jpl.nasa.gov
398,preschoolcoloringbook.comkidsfuncanada.com
399,upstagereview.orgbetweentalk.com
400,surrey-youngcarers.org.uk
401,quia.com
402,gov.za
403,yourmilitary.com
404,digitalmediaacademy.org
405,roycastle.org
406,garfield.com
407,christinaaguilera.com
408,en.wikibooks.org
409,movies.disney.comavrillavigne.com
410,safeschoolscoalition.org
411,codecademy.com
412,afs.org
413,flamingtext.com
414,smurf.com
415,balloonhq.com
416,coloring-book.info
417,scoutorama.com
418,calnorthyouthchess.org
419,sethares.engr.wisc.edu
420,sermons4kids.com
421,linktolearning.com
422,hoophall.com
423,swlfest.com
424,metalol.net
425,jackjohnsonmusic.com
426,soliaonline.com
427,ainglkiss.com
428,towerofyouth.org
429,universaluclick.com
430,classicfairytales.com
431,family.disney.co.uk
432,thecolor.com
433,slu.edu
434,mtv.com
435,briannon.us
436,rockbrookcamp.com
437,animalhospitals-usa.com
438,keyclub.org
439,madd.org
440,kidscomjr.com
441,weebly.com
442,ingenious.org.uk
443,manythings.org
444,lupovit0.tripod.com
445,theheartofgold.org
446,mint.ca
447,scratch.mit.edu
448,edo-tokyo-museum.or.jp
449,bluej.org
450,newmoon.com
451,teenvogue.com
452,otakuworld.com
453,wellspringcamps.com
454,tellusatale.com
455,canteach.camake-stuff.com
456,avrilbandaids.boards.net
457,www2.gsu.eduthevegetariansite.com
458,sugarstacks.com
459,kidskonnect.com
460,youngveggie.org
461,numberempire.com
462,greenfoot.org
463,ourlittleearth.com
464,stonesoup.com
465,pojo.commadlibs.freeservers.com
466,amsterdammuseum.nlkristenstewart.com
467,gds.parkland.edu
468,mcwdn.org
469,madradioshow.net
470,tikatok.com
471,ncacbsa.orgpenpalsonline.com
472,world-geography-games.com
473,drking.org.uk
474,galaxyphoto.com
475,computer.howstuffworks.com
476,youtube.com
477,howstuffworks.com
478,aahom.org
479,disney.go.com
480,karenandkids.comjackhanna.com
481,bidstrup.com
482,howtocompost.org
483,turtlepuddle.org
484,htmldog.com
485,gameprogrammingpatterns.com
486,eyewitnesstohistory.com
487,atlasquest.comgoodtricks.net
488,rmca.org
489,lbm.go.jp
490,californiaavocado.com
491,us.battle.net
492,gcmap.com
493,easter-coloring.com
494,mrdowling.com
495,bobatkins.com
496,wizardlinks.tripod.comroads2survival.com.au
497,oreillynet.com
498,thepotters.com
499,gdnonline.com
500,safeteens.com
501,nationalyoyo.org
502,arcademics.com
503,seventeen.com
504,postalmuseum.si.edu
505,atlus.com
506,gmsp.org
507,ebog.com
508,earthquake.usgs.gov
509,spiderfan.org
510,lohikan.com
511,us.reachout.com
512,mangahigh.com
513,do-not-zzz.com
514,caniuse.com
515,abovetheinfluence.com
516,members.tripod.com
517,votesmart.org
518,trc.trains.com
519,nbc.com
520,chilton.com
521,fairychildren.com
522,funnymathforkids.com
523,keysforkids.org
524,noradsanta.org
525,giosti.com
526,longlakecamp.com
527,jeweljk.com
528,trinity.edu
529,yaf.org
530,standupgirl.com
531,firefacts.org
532,raymondloewy.com
533,utahscouts.org
534,holidaycook.comusmint.gov
535,worcesterart.org
536,dance-kids.org
537,brook.org.uk
538,esl-kids.com
539,famholen.com
540,pingu.net
541,htmlgoodies.com
542,globalexpress.initiativesofchange.org
543,almanac.com
544,webpages.charter.net
545,talesoftheroad.direct.gov.uk
546,historylearningsite.co.uk
547,studio8kids.webs.com
548,babyblues.comkzone.com.au
549,busted.com
550,joanirvine.com
551,cssdrive.com
552,fodors.com
553,ibelieveinme.org
554,sldirectory.com
555,born2dancestudio.compbs.org
556,all-that-dance.com
557,tcf0.tripod.com
558,biology-online.org
559,proms.net
560,thesaurus.com
561,stringpage.com
562,kidsource.comservicesix.co.uk
563,colophon.com
564,karmagrrl1717.tripod.com
565,slimekids.com
566,caribbeancricket.com
567,ahajokes.com
568,go4quiz.com
569,actden.com
570,juniebjones.com
571,nsync-fans.com
572,colorsofindia.com
573,stmargaretsdanceacademy.co.uk
574,yd.com
575,vov.com
576,teen-scene.com
577,radioenthusiast.blogspot.com
578,brickfilms.com
579,calc101.com
580,camplaurel.com
581,pamf.orgsrh.noaa.gov
582,teenstraighttalk.com
583,animal-world.com
584,goodhousekeeping.com
585,chrisbrownworld.com
586,thekidzpage.com
587,osweb.com
588,wagggs.org
589,online.sfsu.edu
590,thegamesjournal.com
591,babelfish.com
592,pantheon.org
593,igameflash.com
594,teaka.free.frphilosophyslam.org
595,theorlandobloomfiles.com
596,theodoreroosevelt.org
597,beliefnet.com
598,sexetc.org
599,ou.edu
600,multiplication.com
601,bioware.com
602,zui.com
603,kidshelp.com.au
604,puzzledepot.com
605,victorianweb.org
606,editec.net
607,peanutscollectorclub.com
608,selenagomez.com
609,codeavengers.com
610,transformertoys.co.uk
611,icangarden.com
612,developer.android.com
613,med.nyu.edu
614,fifa.com
615,gamespy.com
616,hellokids.com
617,pacificwestcom.com
618,eduweb.com
619,nesa.org
620,search-22.com
621,india.gov.in
622,learnenglishkids.britishcouncil.org
623,delirious.org.uk
624,studyspanish.com
625,frenchwoods.com
626,emailsanta.com
627,mazes.org.uk
628,gorillaz.com
629,nationalsafeplace.org
630,cff.org
631,livestrong.com
632,state.nj.us
633,fec.gov
634,photo.net
635,professorwonder.com
636,lingolex.com
637,cnhkeyclub.org
638,ee0r.com
639,kwongfeimind.blogspot.com
640,kidscom.com
641,humanesociety.org
642,metanoia.org
643,annafiorentini.com
644,hartz.com
645,theideabox.com
646,bobthebuilder.com
647,perotmuseum.org
648,bullyingnoway.gov.au
649,kids.mysterynet.com
650,nbadraft.net
651,guineapiggss.com
652,candystand.comh2g2.com
653,lilpink.info
654,marthagraham.org
655,championofyouth.tripod.com
656,campbarnabas.org
657,his.com
658,rmrl.de
659,bedtime.com
660,premaritalsex.info
661,enchantedlearning.com
662,zoomchess.com
663,bbc.com
664,scouting.org
665,dmv.vermont.gov
666,brasil.gov.br
667,jasonfoundation.combbc.co.ukdorinavital.com
668,deca.org
669,manufacturingiscool.com
670,smartgirl.org
671,seacadets.org
672,geometrip.com
673,mariapriadkaschoolofdance.com
674,cfa.vic.gov.au
675,narutohq.com
676,nwf.org
677,merlynspen.org
678,girlguiding.org.uk
679,switcheroozoo.com
680,library.rit.edu
681,keukenhof.nl
682,davidcarsondesign.com
683,taylorstattencamps.com
684,glsen.org
685,britannica.com
686,solitairelaboratory.com
687,whyquit.comyourlifecounts.org
688,peer.tamu.edu
689,hubblesite.org
690,squiglysplayhouse.com
691,kids-korner.com
692,https:
693,cheley.com
694,greatgrubclub.com
695,nle.org
696,hiskids.net
697,energyquest.ca.gov
698,stlegofd.com
699,takethe.net
700,furbies.free.fr
701,lookandlearn.com
702,adigitaldreamer.com
703,krash.com.au
704,bbc.co.uk
705,johto.nu
706,uebersetzung.at
707,hmns.org
708,shamelessmag.com
709,altcult.com
710,mysmilekids.com
711,popstaronline.com
712,rabbit.org
713,cavaliers.org
714,fashionworlds.blogspot.com
715,bgccan.com
716,sgi.sk.ca
717,extremenxt.com
718,cybersmart.gov.au
719,desertedgedance.com
720,plannedparenthood.org
721,physlink.com
722,puzzlechoice.com
723,elmer.ca
724,colormountain.com
725,members.shaw.ca
726,poison.org
727,skepdic.com
728,wisconsinscholasticchess.org
729,northstargallery.com
730,kidscards4christmas.com
731,ygyh.orghealthyteeth.org
732,bocaballet.org
733,raspberrypi.org
734,diablofans.com
735,nyacyouth.org
736,xbox.com
737,ashanet.org
738,cetel.org
739,mualphatheta.org
740,newscientist.com
741,jamielynnspears.com
742,fda.gov
743,roalddahlfans.com
744,thecarconnection.com
745,campnockamixon.com
746,tvokids.com
747,magickeys.com
748,parentingteens.about.com
749,sequart.org
750,sfskids.org
751,bhg.com
752,falseshuffle.com
753,hoodamath.com
754,blifaloo.com
755,vrg.org
756,americaspromise.org
757,mcadams.posc.mu.edu
758,jamboree.freedom-in-education.co.uknorthwood.org.uk
759,primaryhomeworkhelp.co.uk
760,gurl.com
761,health.groups.yahoo.com
762,faze.ca
763,colormegood.com
764,family.ca
765,vergemagazine.com
766,angelinaballerina.com
767,picasso.fr
768,prepressure.com
769,teletoon.com
770,groundhog.org
771,camptecumseh.org
772,floridakeyclub.org
773,ncmd.tripod.comcandymag.com
774,mathforum.org
775,eu.square-enix.com
776,teenreads.com
777,phillyfriendship.com
778,planetpals.com
779,windows2universe.orgeyewitnesstohistory.com
780,us.playstation.com
781,uslacrosse.org
782,a2zhomeschooling.com
783,dog-breeds-online.com
784,langintro.com
785,bombpop.com
786,wakfu.com
787,ldraw.org
788,stopcyberbullying.org
789,kidsgamehouse.com
790,cmt.com
791,genealogyspot.com
792,ielanguages.com
793,color-your-own.com
794,tobaccofree.org
795,1800runaway.org
796,canismajor.com
797,kids.usa.gov
798,peeron.com
799,esa.int
800,ymtb.org
801,convertalot.com
802,achievement.org
803,artsalive.ca
804,kidsonthenet.org.uk
805,trumanlibrary.org
806,manbehindthedoll.com
807,barbie.com
808,robinurton.com
809,twinkledance.com
810,philosophypages.com
811,young-dancers.org
812,pirates.disney.com
813,coloring.me
814,earthsbirthday.org
815,crayola.comscholastic.com
816,worldpressphoto.org
817,the-office.comspaceplace.jpl.nasa.gov
818,iteslj.org
819,kodakgirl.com
820,jsa.org
821,iknowthat.commathplanet.com
822,indiana.edu
823,nlvm.usu.edu
824,childstoryhour.com
825,spyhop.org
826,peersproject.org
827,greektheatre.gr
828,childrensbooksonline.org
829,essex1.com
830,kididdles.com
831,zoomdinosaurs.com
832,lancasterpa.com
833,storybookonline.net
834,arkive.org
835,smithsonianeducation.org
836,novascotia.ca
837,4coloring.com
838,think.direct.gov.uk
839,mymajors.com
840,history.lds.org
841,lil-fingers.com
842,withonevoice.com
843,angusj.com
844,scoobydoo.kidswb.com
845,bygosh.com
846,beeflambnz.co.nz
847,jobbank.gc.ca
848,homeworkspot.com
849,topmuseum.org
850,thinkeryaustin.org
851,home.iprimus.com.au
852,mhcat.cat
853,beyonce.com
854,monobrick.dk
855,fivestarpublications.com
856,cyberbee.com
857,youthalive.org
858,onnsfa.org
859,allthingschristmas.com
860,monadnockteens.org
861,pockettutor.com
862,nyphilkids.org
863,carrieunderwoodofficial.com
864,icivics.org
865,youngwriterssociety.com
866,fitforafeast.com
867,artindia.net
868,childrensnursery.org.uk
869,new.oberlin.edu
870,ccmmagazine.com
871,smartygames.com
872,bullseyesgames.com
873,kids-idea.com
874,wwdxc.de
875,yvc.org
876,si.edu
877,abcya.com
878,thefruitpages.com
879,takeoverradio.co.uk
880,worldwildlife.org
881,campshane.com
882,proyouthpages.com
883,spellingbee.com
884,ivyjoy.com
885,easter.fundootimes.com
886,daguerre.org
887,soschildrensvillages.org.uk
888,baddesigns.com
889,dice.se
890,onlinemathlearning.com
891,ign.com
892,webelements.com
893,sikids.com
894,kidshelpphone.ca
895,campseymour.org
896,hampsterdance.comeasyweb.easynet.co.uk
897,usfirst.org
898,discoverygirls.com
899,antibullying.net
900,skybreezegames.com
901,learn-spanish-online.de
902,foxtrot.com
903,nodeschool.io
904,kidprintables.com
905,addictioninfo.org
906,sumdog.com
907,socialstudiesforkids.com
908,oztrack.com
909,invent.org
910,teenhelp.combusinessnewsforkids.com
911,cs.cmu.edu
912,santatelevision.com
913,let.rug.nl
914,lonestarnow.com
915,counton.org
916,azkidsnet.com
917,supermanhomepage.com
918,onlinecoloringbookpages.com
919,longlongtimeago.com
920,positive.orgyspp.org
921,goldarrowcamp.com
922,danzanes.com
923,isfa.org
924,physicsclassroom.com
925,20thingsilearned.com
926,collectionscanada.gc.ca
927,brickcommander.com
928,sciencebob.com
929,rubysbeadwork.com
930,capcom.com
931,shaniatwain.com
932,misses.proboards.com
933,reverso.net
934,colburnschool.edu
935,teensource.org
936,ncmuseumofhistory.org
937,theoneminutesjr.org
938,cyberbullying.ca
939,phonegap.com
940,planetwisdom.com
941,butterflyutopia.com
942,accessdata.fda.gov
943,artkids.net
944,worldlingo.com
945,evanescence.com
946,gocomics.com
947,css3.info
948,provet.co.uk
949,crayonaction.com
950,rain.org
951,nodoubt.com
952,collegebound.net
953,watermelon.org
954,rinmarugames.com
955,schoolofperformingarts.com
956,projecteuler.net
957,guaranteed-scholarships.com
958,bionicle.lego.com
959,ceolas.org
960,badvertising.org
961,sectionq.com
962,launchpadmag.com
963,acer.edu.au
964,anarc.org
965,uptoten.combeyblade.comdragon.sleepdeprived.ca
966,visionsserviceadventures.com
967,tapandtumble.com
968,fastweb.com
969,benscoloringpages.comabcteach.com
970,alfy.com
971,oocities.org
972,piaget.org
973,michaelminn.net
974,hard-core-dx.com
975,catholiccharitiesok.org
976,coloritbynumbers.com
977,careers.rutgers.edu
978,nickjr.com
979,metmuseum.org
980,colorings.ws
981,people.com
982,moniquebor.nl
983,mikids.com
984,tzivoshashem.org
985,facts.net
986,abf.com.aucarls-sims-3-guide.com
987,massrmv.com
988,onelook.com
989,sega.com
990,narutopedia.eu
991,history-of-rock.com
992,archives.math.utk.edu
993,medieval.org
994,preschoolcoloringbook.com
995,tealfausett.com
996,radioblvd.com
997,cellsalive.com
998,physicsforums.com
999,bckelk.ukfsn.org
1000,history.com
1001,rogerfederer.com
1002,telecommunity.org
1003,sakidsonthego.com
1004,ameb.edu.au
1005,lucastill.comnykids.org
1006,ejobs.org
1007,college-student-blog.comraleighvallenrainforestschool.squarecandy.net
1008,https:
1009,studentsoftheworld.infogonewiththesummer.wordpress.com
1010,npg.si.edu
1011,lightupyourbrain.com
1012,hoac-bsa.org
1013,emmet.io
1014,parliament.uk
1015,infoplease.com
1016,seedsofpeace.org
1017,cartoonito.co.uk
1018,frontier.co.uk
1019,thewizardofoz.warnerbros.com
1020,finaid.org
1021,nintendo.com
1022,spanishflashcards.tripod.com
1023,activityvillage.co.uk
1024,broadwaysouthdance.com
1025,uschess.org
1026,lewis-clark.org
1027,shakira.com
1028,forbeginners.info
1029,myfuture.com
1030,madaboutart.orgtheatrenextdoor.webs.com
1031,caringkid.com
1032,recipegoldmine.com
1033,helpkeepkidssafe.org
1034,earthcalendar.net
1035,thecolorsofindia.com
1036,theaquariumwiki.com
1037,clubhousemagazine.com
1038,paulrandtribute.com
1039,someschoolgames.com
1040,ericharshbarger.org
1041,gurlfriends.com
1042,violinmasterclass.com
1043,exhibits.pacsci.org
1044,familytreemagazine.com
1045,artist-biography.info
1046,surrealist.com
1047,nsync.com
1048,fpa.org.uk
1049,transportation.alberta.ca
1050,bzpower.com
1051,pokemon.com
1052,afrma.org
1053,paperboxworld.weebly.com
1054,violenceinterventionproject.com
1055,icatcare.org
1056,girlsgogames.com
1057,classicreader.com
1058,mathcats.com
1059,robomind.net
1060,coinmanipulation.com
1061,teenhelp.org
1062,aish.com
1063,youngcuts.comabc.planet-typography.com
1064,stuartstories.com
1065,colorasmile.org
1066,kidventure.com
1067,smm.org
1068,your-magic-wand.blogspot.com
1069,nationalgeographic.com
1070,chabotspace.org
1071,bungie.net
1072,codemasters.comgrail.sourceforge.net
1073,www3.vocabtest.com
1074,vocabulary.co.il
1075,totallynoway.tripod.com
1076,ssheen.clara.net
1077,factmonster.com
1078,nintendo-europe.com
1079,typodermic.com
1080,drill.edu4kids.com
1081,hasbro.com
1082,letterboxing.org
1083,users.sisna.com
1084,dramaatdauntseys.net
1085,artchive.com
1086,funattic.com
1087,bestnetguru.com
1088,celinedionforum.com
1089,cartermuseum.org
1090,edcollins.compagat.com
1091,drrachael.com
1092,touchcyberwellness.org
1093,usagym.org
1094,josephpalmer.com
1095,familieschange.cakidshealth.orgtripletmedia.com
1096,opera.stanford.edu
1097,kidsareheroes.com
1098,coolmath.com
1099,depts.washington.edu
1100,nicholasjonasbroadway.jimdo.com
1101,csslint.net
1102,kraftrecipes.com
1103,extension.psu.edu
1104,craigcamera.com
1105,malcolmx.com
1106,rta.nsw.gov.au
1107,thestudentroom.co.uk
1108,awana.org
1109,holeinthewallgang.org
1110,ygender.org.au
1111,mymemory.translated.net
1112,gwydir.demon.co.uk
1113,sundhagen.com
1114,myweb3000.comjonra.com
1115,runoia.com
1116,epicgames.com
1117,jazzyjefffreshprince.comincrediblehulk.me
1118,brightstorm.com
1119,o-pad.blogspot.com
1120,natureexplore.org
1121,kidsfreesouls.com
1122,kidnetic.com
1123,anapsid.org
1124,rockthevote.com
1125,netlingo.com
1126,gigglepoetry.com
1127,bdcmuseum.org.uk
1128,footballaustralia.com.au
1129,teacher.scholastic.com
1130,jegsworks.com
1131,kids-cookbook.com
1132,planetozkids.comhandprint.com
1133,animaldiversity.org
1134,pulitzer.org
1135,drugfreeworld.org.au
1136,brickos.sourceforge.net
1137,stardoll.com
1138,ncpamd.com
1139,science.nasa.gov
1140,hitentertainment.com
1141,nsarchive.gwu.edu
1142,greenlane.com
1143,tumblebooks.com
1144,digitalfilms.com
1145,guggenheim.org
1146,dogsdontlookbothways.comkidshealth.orgwww3.hants.gov.uk
1147,papertoys.com
1148,ksrevenue.org
1149,campbeaumont.co.uk
1150,inwoodhouse.com
1151,cyh.com
1152,incas.org
1153,rsssf.com
1154,snopes.com
1155,coloringpagesonline.net
1156,deweydoes.com
1157,anseladams.com
1158,arrl.org
1159,paleoportal.org
1160,fontawesome.io
1161,prisonexp.org
1162,showdogsupersite.com
1163,kids.familytreemagazine.compatrioticcoloringpages.com
1164,tolerance.org
1165,s9.com
1166,disneyclips.com
1167,acedmagazine.com
1168,autosafety.org
1169,proprofs.com
1170,californiasciencecenter.org
1171,teammag.free.fr
1172,childrenswebmagazine.com
1173,kidfriendlysearch.com
1174,super-hair.net
1175,thehermitage.com
1176,us.abrsm.org
1177,lwca.org
1178,tweedmag.com
1179,homeworktips.about.com
1180,atomickitten.com
1181,haverford.edu
1182,theonering.com
1183,lapl.org
1184,teenlineonline.org
1185,cyh.comtoneteen.com
1186,au.youth.yahoo.com
1187,usflag.org
1188,campfirecolumbia.org
1189,kidactors.com
1190,poptarts.com
1191,youngmenshealthsite.org
1192,childrensrecipes.com
1193,battle.net
1194,dancebluemoon.com
1195,thebutterflysite.com
1196,cbssports.com
1197,azscience.org
1198,asp.arkansas.gov
1199,www2.lv.psu.eduangelfire.com
1200,swl.nu
1201,smileofachildtv.org
1202,wordcentral.com
1203,lovegoodbadugly.com
1204,gws.ala.org
1205,gameslikefinder.com
1206,iwm.org.uk
1207,teens.drugabuse.gov
1208,csswinner.com
1209,guidemagazine.org
1210,kidsaid.com
1211,coloringcastle.com
1212,fontsquirrel.com
1213,freetranslation.com
1214,stompoutbullying.org
1215,personal.psu.edu
1216,komar.org
1217,coxes.com
1218,colorado.gov
1219,afl.com.au
1220,fooltimecircus.org
1221,dailysudoku.co.uk
1222,firemansamonline.com
1223,nextgenbridge.com
1224,gotmilk.com
1225,girlsense.com
1226,automotivescholarships.com
1227,clickmazes.com
1228,gaiaonline.com
1229,au.reachout.com
1230,bestfamilyadvice.com
1231,lifegard.tripod.com
1232,dailystrength.org
1233,focusas.org
1234,sesameworkshop.org
1235,floridacitrus.org
1236,billieholiday.com
1237,experienceeducate.org
1238,convertworld.com
1239,4-h-canada.ca
1240,beyondblue.org.au
1241,kidshealth.org
1242,njcl.org
1243,creativity.org
1244,actionfornature.org
1245,cspacezone.com
1246,wheatus.com
1247,ondessonk.com
1248,lowestpricetrafficschool.com
1249,nhs.uk
1250,nsteens.org
1251,hamvention.org
1252,kidsites.com
1253,teenpact.com
1254,syvum.com
1255,museum-go-round.tripod.com
1256,4kids2play.nl
1257,pacerkidsagainstbullying.orgmayoclinic.org
1258,lego.bldesign.org
1259,thayer-p.diaryland.com
1260,portlandcm.org
1261,discoverycube.org
1262,nrl.com
1263,biography.com
1264,carols.org.uk
1265,printfreegraphpaper.com
1266,pbskids.orgjenniferann.org
1267,yourchildlearns.com
1268,only4ukids.com
1269,sciencedaily.com
1270,faithhill.com
1271,meddybemps.compbskids.org
1272,storylineonline.net
1273,gustavholst.info
1274,jsf.or.jp
1275,enchantedlearning.comboowakwala.uptoten.com
1276,czs.org
1277,lmshumate.com
1278,recordingeq.comnationalzoo.si.edu
1279,boondoggleman.com
1280,brickset.com
1281,rickymartinmusic.com
1282,teddybearpages.com
1283,youngwritersonline.net
1284,learn.genetics.utah.edu
1285,starwars.com
1286,popsci.com
1287,elmers.com
1288,sitepoint.com
1289,mocpages.com
1290,desertmuseum.org
1291,theatremonkeys.co.uk
1292,learner.org
1293,z4.invisionfree.com
1294,math-play.com
1295,jebfoundation.ch
1296,prom-night.com
1297,mermaidsuk.org.uk
1298,sourceforge.net
1299,cpsc.gov
1300,scoutingweb.com
1301,pro.or.jp
1302,canaryzoo.com
1303,tuxpaint.org
1304,emkeyclub.tripod.com
1305,learning.blogs.nytimes.com
1306,cssmatic.com
1307,youngcarers.net.au
1308,continentalkennelclub.com
1309,kidsbookshelf.com
1310,bb.org.sg
1311,campwicosuta.com
1312,boggycreek.org
1313,judefernando.freeservers.com
1314,rockmont.com
1315,crazyhorsememorial.org
1316,grandpapencil.net
1317,magazines.scholastic.comtweentribune.com
1318,stepbystepdanceacademy.org
1319,degasdancestudio.com
1320,aimforsuccess.org
1321,stagepage.info
1322,architecture.cua.edu
1323,pbs.org
1324,judyblume.com
1325,kids4truth.com
1326,santagames.net
1327,jump-gate.com
1328,inquiry.net
1329,www1.extension.umn.edu
1330,kidswithoutgod.com
1331,dancenotation.org
1332,bygpub.com
1333,promsplus.com
1334,pictishstone.freeuk.com
1335,hutterites.org
1336,convert-me.com
1337,lidsonkids.org
1338,skysports.com
1339,babyandbump.momtastic.com
1340,stayteen.org
1341,wildlifeforever.org
1342,archives.nd.edu
1343,thelithuanians.com
1344,kids.nationalgeographic.com
1345,powder.com
1346,lessontutor.com
1347,boatsafe.com
1348,pbskids.orgactivityvillage.co.uk
1349,fun4kids.faithweb.com
1350,cpcbsa.org
1351,pinhole.org
1352,engineergirl.org
1353,qsl.net
1354,neopets.com
1355,yoarra.nl
1356,missingkids.com
1357,washingtonpost.commonticello.org
1358,extension.missouri.edu
1359,freewebs.com
1360,worksheetlab.com
1361,eldrbarry.net
1362,antiquewoodcameras.com
1363,kidspsych.org
1364,cartoonnetwork.comtradgames.org.uk
1365,cecbr.comworldbricks.com
1366,pinemere.com
1367,school.familyeducation.com
1368,homeworkhelppage.com
1369,ozspeller.com
1370,weaveinc.orgkidshealth.org
1371,foodsubs.com
1372,pm.gc.cabls.gov
1373,preksmarties.com
1374,utc.wa.gov
1375,kidsclick.org
1376,oasisjournals.com
1377,freechineselessons.com
1378,oceaniafootball.com
1379,volunteerinternational.org
1380,mos.org
1381,sparky.org
1382,epsych.msstate.edu
1383,allrecipes.com
1384,aausports.org
1385,theholidayzone.com
1386,mnyarc.org
1387,soarnc.org
1388,itv.com
1389,careerinfonet.org
1390,kid-at-art.com
1391,crayola.com
1392,kidinfo.com
1393,imandystorm.com
1394,4-h.org
1395,andersenfairytales.com
1396,educationalcoloringpages.com
1397,transyouthequality.org
1398,kidsgardening.org
1399,hsfpp.orgsafesitter.org
1400,bipolaruk.org
1401,petoftheday.com
1402,habbo.com
1403,impacthub.net
1404,streetplay.com
1405,nyip.com
1406,dinodictionary.com
1407,aa9pw.com
1408,family.disney.com
1409,bankofcanada.caartsites.ucsc.edu
1410,keacoloringbook.com
1411,dep.state.pa.us
1412,pagebypagebooks.com
1413,harrypotterfanzone.com
1414,goteen.net
1415,enchantedlearning.comapples4theteacher.commagickeys.com
1416,freemagictricks4u.com
1417,evesmag.com
1418,baseplate.com
1419,archives.com
1420,the-office.com
1421,lifeatthepond.com
1422,youngcarer.com
1423,timeforkids.comsyvum.com
1424,peaceculture.net
1425,edutainingkids.com
1426,toosmarttostart.samhsa.gov
1427,defense.gov
1428,saferparks.org
1429,hermitagemuseum.org
1430,squirrel-rehab.org
1431,mfa.org
1432,foldoc.org
1433,cubeez.com
1434,foxsports.com
1435,fun4children.com
1436,beatlesstory.com
1437,dci.org
1438,justin-lewis-memory-page.ieasysite.com
1439,sarah_arizona.tripod.com
1440,warnerbros.com
1441,paulysplayhouse.com
1442,sonypictures.com
1443,mappingyourfuture.org
1444,teenlit.comfadstudio.com.au
1445,cartoon-coloring-page.com
1446,spellingcity.com
1447,redshoedance.com
1448,cherbearsden.com
1449,responsibledivorce.com
1450,bconnex.net
1451,ddo.com
1452,kidsinthekitchen.ajli.org
1453,vestibular.org
1454,byfaith.co.uk
1455,theotherpages.org
1456,webopedia.com
1457,occtheatre.org
1458,amazing-kids.org
1459,spatulatta.com
1460,hanson.net
1461,roomrecess.com
1462,cfl.ca
1463,nsidc.org
1464,ffshrine.org
1465,eufic.org
1466,loveisrespect.org
1467,nikkiwebster.com.au
1468,planning.org
1469,stopabully.ca
1470,dizziness-and-balance.com
1471,walkerspoint.org
1472,eslkidslab.com
1473,camparanutiq.org
1474,dailygrammar.com
1475,scoutstuff.org
1476,touchtheworld.org
1477,city.lego.com
1478,rhfleet.org
1479,crf-usa.org
1480,phobe.com
1481,convertit.comnoodletools.com
1482,gsanetwork.org
1483,coca-colascholars.org
1484,indypl.org
1485,kidswb.com
1486,davidsmithestate.orgnaturalchild.org
1487,stlbsa.org
1488,artsconnected.org
1489,vroma.org
1490,diablo3ladder.com
1491,youngwomenshealth.org
1492,freetypinggame.net
1493,mcm.org
1494,civilwar.org
1495,tbplayground.theshoppe.com
1496,firstnews.co.uk
1497,greenigsociety.org
1498,amplifyyourvoice.org
1499,voagno.org
1500,mentalhelp.net
1501,royal.gov.uk
1502,birding.about.com
1503,zx2c4.com
1504,tokeyclub.com
1505,sloppynoodle.com
1506,zisboombah.com
1507,bussongs.com
1508,guildwars.com
1509,lego.com
1510,users.rcn.com
1511,zurqui.com
1512,thinkuknow.co.uk
1513,www5b.biglobe.ne.jp
1514,developer.com
1515,birdwatching.com
1516,netsmartzkids.org
1517,ferryhalim.com
1518,grudge-match.com
1519,historyplace.com
1520,webspace.ship.eduyfc.net
1521,gsd.harvard.edu
1522,girlsforachange.org
1523,usscouts.org
1524,learningplanet.com
1525,freemathhelp.com
1526,lugnet.com
1527,simplyyoumagazine.com
1528,simpsonsworld.com
1529,lbjlibrary.org
1530,labyrinthitis.org.uk
1531,drawsketch.about.com
1532,learningbox.com
1533,icaf.org
1534,themoonlitroad.com
1535,unusualposters.com
1536,girlsinc.org
1537,easports.com
1538,smith.edu
1539,archkidecture.org
1540,chessdryad.com
1541,dltk-holidays.com
1542,catsinternational.org
1543,ego4u.com
1544,dor.mo.gov
1545,units.miamioh.edu
1546,coloringpagesfree.net
1547,extension.illinois.edu
1548,tennis.com
1549,origami.as
1550,sparkthewave.org
1551,clarku.edu
1552,cbtf.org
1553,vivagurls.tripod.com
1554,ytv.com
1555,mkgandhi.org
1556,bookadventure.com
1557,poets.org
1558,poetry4kids.com
1559,comptechdoc.org
1560,eric-carle.com
1561,safeteens.org
1562,bc.edu
1563,ezsoftech.com
1564,girlthrive.com
1565,planetstamp.co.uk
1566,ldonline.org
1567,rpbridge.net
1568,ifyoulovetoread.com
1569,typography.org.uk
1570,compass-style.org
1571,twokidscooking.com
1572,uefa.com
1573,rubiks.com
1574,javascriptsource.com
1575,css-tricks.com
1576,spanishnewyork.com
1577,publicsafety.ohio.govangelfire.com
1578,theodore-roosevelt.com
1579,go.salliemae.com
1580,samkass.com
1581,makingfriends.com
1582,downtowndancefactory.com
1583,twistynoodle.com
1584,movieweb.com
1585,azdot.gov
1586,thesca.org
1587,simonslab.com
1588,freethechildren.com
1589,biology.arizona.edu
1590,scvanguard.org
1591,mavenglobe.com
1592,piercevaubel.com
1593,dimensionalized.com
1594,sanderhome.com
1595,xs4all.nl
1596,laslatinitas.com
1597,free-kids-games.com
1598,chameleonsonline.com
1599,grammymuseum.org
1600,archive.itvs.org
1601,preschoolexpress.com
1602,girlzlikeme.com
1603,lesscss.org
1604,aba.org
1605,ea.com
1606,emigre.com
1607,coolrunning.com
1608,harrypotter.scholastic.com
1609,intaward.org
1610,childrensmuseumatlanta.org
1611,teenadvice.about.com
1612,surrealism.org
1613,fourwindscamp.org
1614,pageantrymagazine.comamericangirl.com
1615,park.org
1616,chompchomp.com
1617,pokedream.com
1618,literarydevices.net
1619,icpl.org
1620,danthegardener.co.uk
1621,flashrolls.com
1622,childrensmuseum.org
1623,balloontales.com
1624,americaslibrary.gov
1625,teenforumz.com
1626,open-site.org
1627,jetpackpets.com
1628,aussiedeafkids.org.au
1629,cfs-fcee.ca
1630,voicesofyouth.orglayouth.com
1631,usa.gov
1632,pandora.nla.gov.au
1633,freearcade.com
1634,ourangelbethann.com
1635,nmmusd.org
1636,gocivilairpatrol.com
1637,cfbhall.com
1638,transactiveonline.org
1639,mugsy5500.tripod.com
1640,cspinet.org
1641,pageantcenter.com
1642,frontiernet.net
1643,mathnook.com
1644,edrugrehab.com
1645,roareducate.com
1646,matchbox.zsebehazy.com
1647,dreamworksanimation.com
1648,laits.utexas.edu
1649,whitsend.org
1650,tashian.com
1651,momsarefrommars.com
1652,r-type.org
1653,jkrowling.com
1654,xroads.virginia.edu
1655,mathgametime.com
1656,music.unt.edu
1657,guttmacher.org
1658,imdb.com
1659,extension.org
1660,kids.niehs.nih.gov
1661,dressupgames.com
1662,walkhighlands.co.uk
1663,bodyscan.human.cornell.edu
1664,eregulations.com
1665,rhymezone.com
1666,mcgruff.org
1667,irishtimes.com
1668,graflex.org
1669,chesskid.com
1670,en.wikipedia.org
1671,radio.disney.com
1672,kids.aol.com
1673,doctor-dan.com
1674,nfty.org
1675,youngcomposers.com
1676,whatkidscando.org
1677,nya.org.uk
1678,en.childrenslibrary.org
1679,bletchleypark.org.uk
1680,youngfoundations.org
1681,therecipebox.com
1682,wildwebwoods.org
1683,fasttomato.com
1684,yesnet.yk.ca
1685,girl-mom.com
1686,believermag.com
1687,raycharles.com
1688,coloringpages4u.com
1689,trinitylaban.ac.uk
1690,scarleteen.com
1691,mechanicalmayhem.org
1692,lifeinkorea.com
1693,zoeandmolly.canewbreedsoftware.com
1694,appinventor.mit.edu
1695,landofpuregold.com
1696,totaldiplomacy.com
1697,mapleconservatory.com
1698,classicsforkids.com
1699,cstmuseum.techno-science.ca
1700,waterloodance.com
1701,birds.cornell.edu
1702,girlscouts.org
1703,foodchamps.org
1704,sydneyyouthstampgroup.org.auangelfire.com
1705,club-sindy.com
1706,skudfisher.wordpress.com
1707,azteccalendar.com
1708,aiga.org
1709,drakedance.com
1710,fupa.com
1711,chibidoll.comtigweb.org
1712,magictreehouse.com
1713,cheathappens.com
1714,mugglenet.com
1715,superkidsnutrition.com
1716,chicagochildrensmuseum.org
1717,handsonconnect.org
1718,washingtonpost.com
1719,bennyandboone.com
1720,wilstar.com
1721,houstondynamo.com
1722,folds.net
1723,loriswebs.com
1724,touchofclassdance.com
1725,usopen.org
1726,colts.org
1727,ema.ohio.gov
1728,janegoodall.org
1729,startrek.com
1730,dare.org
1731,dole.com
1732,techterms.com
1733,universitycenterfortheperformingarts.com
1734,americanhistory.si.edu
1735,citationmachine.net
1736,insidehoops.com
1737,alphadictionary.com
1738,dpr.go.id
1739,tglit.home.mindspring.com
1740,tuap.proboards.com
1741,mathportal.org
1742,learn.shayhowe.com
1743,mainlesson.com
1744,earthobservatory.nasa.gov
1745,tremortheatrecompany.co.uk
1746,glubthesub.com
1747,xe.com
1748,itools.com
1749,jackiechankids.com
1750,aquahobby.com
1751,annefrank.org
1752,intrepidentertainment.co.uk
1753,superchick151.tripod.comangelfire.com
1754,teenidols4you.com
1755,teachkidshow.com
1756,ussportscamps.com
1757,wannabet.org
1758,bluedevils.org
1759,cyke.com
1760,sciencemuseum.org.uk
1761,cbeebies.com
1762,ibiblio.org
1763,timeforkids.com
1764,beinggirl.com
1765,mountvernon.org
1766,bandlink.org
1767,okeeffemuseum.org
1768,avert.org
1769,nieonline.com
1770,lavasurfer.com
1771,mollisgarden.com
1772,jm-hohenems.at
1773,archiecomics.com
1774,teoria.com
1775,typeonline.co.uk
1776,yea.org
1777,copyrightkids.org
1778,schwinnbikes.com
1779,youth-suicide.com
1780,linkinpark.com
1781,sheppardsoftware.com
1782,henrytudor.co.uk
1783,classical.net
1784,dotsphinx.com
1785,manutd.com
1786,zilladog.com
1787,activitypad.com
1788,wildkingdom.com
1789,square-enix.com
1790,memfox.comextension.illinois.edu
1791,brainpop.com
1792,christiananswers.net
1793,cybersleuth-kids.comhomestarrunner.com
1794,myhero.com
1795,familycrafts.about.com
1796,austin.org.au
1797,jmberlin.de
1798,intothelight.org
1799,drypen.net
1800,theyo.comen.wikipedia.org
1801,loveyourdog.com
1802,garden.org
1803,hk.science.museum
1804,gayteenforum.org
1805,sticksports.com
1806,volunteerlatinamerica.com
1807,sciencebuddies.org
1808,drivingrules.net
1809,kidsmusic.co.nz
1810,alphabet.learningtogether.net
1811,youngaussiemums.yuku.com
1812,alphabet-soup.net
1813,w3vpr.org
1814,sfcmt.com
1815,candlelightstories.com
1816,plants.usda.gov
1817,youthunlimitedgta.ca
1818,raisingspot.com
1819,teenrelationships.org
1820,baltimorebirdclub.orgmake-stuff.com
1821,pbskids.org
1822,jaredstory.com
1823,memoryofbrendareifel.8k.com
1824,fuel.org.au
1825,mcmanweb.com
1826,dmv.org
1827,talktofrank.com
1828,recipesource.com
1829,artjunction.org
1830,nytimes.com
1831,olympic.org
1832,graphicdesign.about.com
1833,intotheoutdoors.org
1834,religioustolerance.org
1835,studystack.com
1836,hamuniverse.com
1837,mcshane.org
1838,tn.gov
1839,sendmyfriend.org
1840,blizzard.com
1841,mendcentral.org
1842,dimdima.com
1843,eckerd.org
1844,kidsfront.com
1845,wildfrench.co.uk
1846,elvenkids.com
1847,tarrantcountychessclub.org
1848,learnlayout.com
1849,friendship-bracelets.net
1850,wittemuseum.org
1851,bry-backmanor.org
1852,binweevils.com
1853,hereandabove.com
1854,promguide.com
1855,shakespeare.mit.edu
1856,healthyeating.org
1857,komar.orgdressupdream.com
1858,cartoonsoup.com
1859,sass-lang.com
1860,kingsleypines.com
1861,mededu.miami.edu
1862,yescoloring.com
1863,centre.atlantaballet.com
1864,paperkraft.blogspot.com
1865,dance-attitude.com
1866,aimeemann.com
1867,treehousetv.com
1868,goobo.com
1869,psychclassics.yorku.ca
1870,puppetresources.com
1871,seussville.com
1872,helpingteens.org
1873,a2bsafely.com
1874,darrenhayes.com
1875,cs.sfu.ca
1876,baseball-almanac.com
1877,jasondonenfeld.com
1878,sicklecellsociety.org
1879,roberthsarkissian.com
1880,literarygenius.info
1881,pomegranatewords.com
1882,teachthechildrenwell.com
1883,childrenscompany.com
1884,dance-twirlmn.com
1885,travel.nationalgeographic.com
1886,amathsdictionaryforkids.com
1887,kennychesney.com
1888,northpole.com
1889,petwebsite.co.uk
1890,tobiasahlin.com
1891,kids-right.org
1892,officialkwanzaawebsite.org
1893,www2.lhric.org
1894,inklesstales.com
1895,davidmyers.org
1896,spartacus-educational.com
1897,spanish.bz
1898,everyculture.com
1899,steveandbluey.com
1900,oggi-domani.com
1901,smothersbrothers.comamericanhistory.si.edu
1902,kindersite.org
1903,boys-brigade.org.uk
1904,seattlebsa.org
1905,clipclass.net
1906,synonym.com
1907,jprotege.com
1908,spaceplace.nasa.gov
1909,stp2012.info
1910,supercheats.com
1911,theonering.net
1912,freecoloring.org
1913,abc.net.au
1914,loveourchildrenusa.org
1915,allpsych.com
1916,adobe.com
1917,dol.wa.govfashion-icon.com
1918,goobix.com
1919,nilesonline.com
1920,taylorhooton.org
1921,nurie.main.jp
1922,algebra.com
1923,boysunderattack.com
1924,lil-fingers.comeverythingpreschool.com
1925,notablebiographies.com
1926,my-spanish-dictionary.com
1927,allmusic.com
1928,letterlane.com
1929,campwildwood.com
1930,krattbrothers.com
1931,leocad.org
1932,fashionmuseum.co.ukbbc.co.uk
1933,scouts.ca
1934,theelfandtoadstool.ca
1935,y8.com
1936,inishfreeny.com
1937,gamequarium.com
1938,watergate.info
1939,webmath.com
1940,teach-nology.com
1941,pointlessart.com
1942,skillsusa.org
1943,crayola.comcoloringpaintinggames.com
1944,greece.org
1945,eslkidstuff.com
1946,homeadvisor.com
1947,nobelprize.org
1948,learnchessrules.com
1949,vangoghmuseum.nl
1950,nchschoolofdance.co.uk
1951,coloring-pages-kids.com
1952,ancientindia.co.uk
1953,therunawaygame.com
1954,iseek.org
1955,sunniebunniezz.com
1956,webspace.webring.com
1957,birthdaycelebrations.net
1958,masseffect.bioware.com
1959,popcorn.org
1960,whitmanarchive.org
1961,alice.org
1962,americanidol.com
1963,circleten.org
1964,seasyp.gr
1965,draw3d.com
1966,demolay.org
1967,bulbagarden.net
1968,memory.loc.gov
1969,nickchan.net
1970,dltk-kids.com
1971,riversidesheriff.org
1972,triciajean.com
1973,popcap.com
1974,farmersalmanac.com
1975,jiskha.com
1976,poynter.org
1977,freshforkids.com.au
1978,gootar.com
1979,kiddyhouse.com
1980,whatsherface.com
1981,edupics.com
1982,abcteach.com
1983,gordondioxide.com
1984,bears.co.nz
1985,activated.libsyn.com
1986,ultimatebirthcontrol.com
1987,warhol.org
1988,printable-sudoku-puzzles.com
1989,concacaf.com
1990,energyaustralia.com.au
1991,mwcircle.org
1992,cosmonet.org
1993,classbrain.net
1994,danceforkidsbrentwood.com
1995,thetoymaker.com
1996,humormatters.com
1997,cocoonhouse.org
1998,search.lib.virginia.edu
1999,abstinence.net
2000,yo-yos.net
2001,says.com
2002,whatsherface.comrcmp-grc.gc.ca
2003,orangepippin.com
2004,vtaide.com
2005,iucngisd.org
2006,mkgraphic.com
2007,redkid.net
2008,awesomelibrary.org
2009,bccymca.org
2010,faa.gov
2011,collegenet.com
2012,coderdojo.com
2013,gameofthronescoloringbook.com
2014,richardcmoeur.com
2015,food-quiz.com
2016,gamewatcher.com
2017,boulter.com
2018,classroomclipart.com
2019,flaminglips.com
2020,puffandpooh.com
2021,ilike2learn.comohe.state.mn.us
2022,studentcenter.ja.org
2023,bratz.com
2024,mayoclinic.org
2025,expressyourself101.com
2026,usy.org
2027,nhtsa.gov
2028,teachingchildrenphilosophy.orgascdeaf.com
2029,att.com
2030,allaboutfrogs.org
2031,miltonglaser.com
2032,fwmuseum.org
2033,nationalzoo.si.edu
2034,sallybernstein.com
2035,mysterynet.com
2036,ircaonline.org
2037,dennyweb.com
2038,maritime.org
2039,sharkyspage.com
2040,sdc.uwo.ca
2041,thetripclip.comrecess.ufl.eduyugioh-card.com
2042,handwritingforkids.com
2043,abcbend.com
2044,wic.org
2045,montanamuseum.pastperfect-online.com
2046,blissdance.se
2047,loc.gov
2048,zoodles.com
2049,wfg.woodwind.org
2050,giraffian.comiseahorses.com
2051,jewfaq.org
2052,netlaputa.ne.jp
2053,ipdnet.com
2054,tvdsb.on.ca
2055,koreaherald.com
2056,roalddahl.com
2057,uscourts.gov
2058,enchantedlearning.comeverythingpreschool.com
2059,kidscorner.reframemedia.comadvocatesforyouth.org
2060,starfall.com
2061,notcoming.com
2062,innoworks.orgmagickeys.com
2063,hairboutique.com
2064,violinonline.com
2065,mainemedia.edu
2066,smeter.net
2067,blog.icpl.org
2068,hompi.sogang.ac.kr
2069,lcweb2.loc.gov
2070,video.idahoptv.org
2071,wordplays.com
2072,silver_surfer1.tripod.com
2073,math.com
2074,webexhibits.orgmyhero.com
2075,kidsread.net
2076,jcsda.com
2077,nflrz.nflrush.com
2078,fffbi.com
2079,childnet.com
2080,childrensbooksequels.co.uk
2081,pbhfoundation.org
2082,rekihaku.ac.jp
2083,myfirstpaycheck.com
2084,xpmath.com
2085,freedomknot.com
2086,sciencekids.co.nz
2087,ontariosciencecentre.ca
2088,turtlediary.com
2089,braillebug.afb.org
2090,riverwayranchcamp.com
2091,potter_boys.tripod.com
2092,conchologistsofamerica.org
2093,wannalearn.com
2094,christianchat.com
2095,bostonchildrensmuseum.org
2096,newschool.edu
2097,cookingwithkids.com
2098,guidinguk.freeservers.com
2099,cafonline.com
2100,pxtoem.com
2101,cmp.ucr.edu
2102,captainmnemo.se
2103,betterphoto.com
2104,strange-loops.com
2105,bonjour.com
2106,coloringpagekids.com
2107,infovisual.info
2108,epa.gov
2109,sunnyneo.com
2110,commtechlab.msu.edu
2111,akidsheart.com
2112,ussoccer.com
2113,pdictionary.com
2114,cool-coloring-pages.com
2115,touch-typing-tutor.com
2116,saintlouischessclub.org
2117,thewiggles.com.au
2118,espnfc.us
2119,bandnotes.info
2120,kids.cfa.org
2121,raymondloewyfoundation.com
2122,animaction.com
2123,historyonthenet.com
2124,blueridgecouncil.org
2125,wa3key.com
2126,adequate.com
2127,sheilaparkins.com
2128,toxmystery.nlm.nih.gov
2129,christseekers.yuku.com
2130,elmyraduff.tripod.com
2131,espncricinfo.com
2132,thatsnotcool.com
2133,idxc.org
2134,forums.govteen.com
2135,leo.stcloudstate.edu
2136,news.bbc.co.uk
2137,gosh.nhs.uk
2138,school.discoveryeducation.com
2139,coloringpagefans.com
2140,amandasdancecenter.com
2141,georgewashington.si.edu
2142,supercoloring.com
2143,njpies.org
2144,janbrett.com
2145,uni-regensburg.de
2146,perseus.tufts.edu
2147,french-linguistics.co.uk
2148,kittn.tripod.com
2149,teenhealthsource.com
2150,beaconstreetgirls.com
2151,fbtb.net
2152,christianitytoday.com
2153,discovertheforest.org
2154,tsroadmap.com
2155,movies.disney.commuseumca.org
2156,bom.gov.au
2157,toytheater.com
2158,teachmecomputers.tripod.com
2159,safekids.com
2160,cristianoronaldo.com
2161,humanservices.alberta.ca
2162,pamf.orglivestrong.com
2163,animated-teeth.com
2164,coloring2000.com
2165,ash.org.uk
2166,teenwitch.com
2167,thehindu.com
2168,scottyrhodes.us
2169,soiwasthinkingaboutadoption.com
2170,juliantrubin.com
2171,first_aid_4all.tripod.com
2172,scoliosissos.com
2173,ribert.com
2174,dixiechicks.com
2175,judoinfo.com
2176,codecombat.com
2177,jetfriends.com
2178,angelfire.com
2179,ninfinger.org
2180,youngfilmmakersclub.com
2181,emperorsnewsuit.com
2182,wrigley.com
2183,mathgoodies.com
2184,gameloft.com
2185,anneofgreengables.com
2186,edpsycinteractive.org
2187,coloring-page.com
2188,iie.org
2189,rachellescaps.00family.com
2190,madras.fife.sch.ukextension.illinois.edu
2191,perfectblend.net
2192,specialolympics.org
2193,typing-lessons.orgwidener.edu
2194,handfulplayers.org
2195,learnthenet.com
2196,mockok.com
2197,kidzworld.com
2198,lowimpact.org
2199,heavens-above.com
2200,societyofwomenengineers.swe.org
2201,imagination-cafe.com
2202,phrases.org.uk
2203,weatherwizkids.com
2204,spiderzrule.com
2205,azuswebworks.com
2206,backyardnature.net
2207,oytdance.com
2208,faculty.washington.edu
2209,stretchafamily.com.au
2210,goodnightstories.com
2211,schools-wikipedia.org
2212,petsintheclassroom.org
2213,travelbrochuregraphics.com
2214,onlinebooks.library.upenn.edu
2215,teach-ict.com
2216,sugarray.com
2217,fortogden.com
2218,radiodx.com
2219,kidsgen.combconnex.net
2220,usmemorialday.org
2221,moma.org
2222,morsecode.scphillips.com
2223,theatrehistory.com
2224,esl-lab.com
2225,ohio.edu
2226,yoyomaster.com
2227,algebrahelp.com
2228,guinnessworldrecords.com
2229,thesims3.com
2230,encyclopedia.com
2231,cyberbullying.info
2232,kids.mysterynet.comsimonstl.com
2233,freechess.org
2234,yellowribbon.org
2235,bawbawlatrobellen.com.au
2236,virtualteen.orgprettyforprom.com
2237,oneway.jesusanswers.com
2238,pmthouseofdance.com
2239,edmontonsymphony.com
2240,belvedere-cartoons.com
2241,pookapages.com
2242,50states.com
