1,hrmorning.com
2,jtfb.southcom.milcnpa.com
3,multinationalmonitor.org
4,reason.com
5,medianewsline.com
6,theblackandwhite.net
7,humanresourcesiq.com
8,en.wikipedia.org
9,smudailymustang.com
10,wickcommunications.com
11,globalcapital.com
12,50states.com
13,redozone.addr.com
14,agencevu.com
15,allyoucanread.com
16,blog.wan-ifra.org
17,economicvoice.com
18,podgerufo.blogspot.co.uk
19,foia.com
20,cpc.noaa.gov
21,danielpipes.org
22,edvanderelsken.nl
23,cafe52.com
24,archive.scotsman.com
25,leonneal.com
26,okpress.com
27,usus.org
28,npr.org
29,collegiatetimes.com
30,universityofcalifornia.edu
31,ibrattleboro.com
32,city.ac.uk
33,thinktwiceradio.com
34,harpers.org
35,watcherofweasels.org
36,bwca.cc
37,cool.conservation-us.org
38,fair.org
39,leisure.ruhobbybroadcaster.us
40,iowabroadcasters.com
41,allnewspapers.info
42,gapress.org
43,rhetorica.net
44,ntia.doc.govnab.org
45,darkhorsenews.com
46,fareedzakaria.com
47,oregonlive.com
48,press.org
49,illinoispress.org
50,slate.com
51,thecomicnews.com
52,herald-union.com
53,tomatonation.com
54,universalweather.com
55,tanosborn.com
56,everydaycitizen.com
57,whiteoutpress.com
58,goodnewsplanet.com
59,ehow.com
60,thebubble.org.uk
61,carma.com
62,adanja-polak.com
63,newwavephotos.com
64,pbs.org
65,ethicalperformance.com
66,truthandviews.com
67,chroniclingamerica.loc.gov
68,inthefray.org
69,journalregister.com
70,browndailyherald.com
71,magazine.jhsph.edu
72,mediasmarts.ca
73,thephoenix.comfiafnet.org
74,backfence.com
75,freshare.net
76,snoweye.com
77,egulphy.tripod.com
78,bredred.com
79,nocturnalmovements.net
80,consortiumnews.com
81,radioconnection.com
82,bloomberg.com
83,mcmahanphoto.com
84,tridget.com
85,norfolknavyflagship.com
86,mediawatch.commuseum.tv
87,trillmag.com
88,ocnus.net
89,morphemetales.wordpress.com
90,metro.lu
91,judyfisher.co.uk
92,prwatch.org
93,web.uvic.ca
94,diversityinc.com
95,alliedpress.co.nz
96,retirementrevised.com
97,medialiteracyproject.org
98,freelancesuccess.com
99,nyunews.com
100,aviano.af.mil
101,lightpatch.com
102,panos.co.uk
103,inkdrop.net
104,rebeccalweber.com
105,news.berkeley.edu
106,mediastudies.com
107,brechner.org
108,standardnewswire.com
109,snowalerts.eu
110,navscout.com
111,washingtonpost.com
112,hreonline.com
113,peoplenomics.com
114,stevedavey.com
115,cornellsun.com
116,fpc.com.ausfgate.com
117,www2.ku.edu
118,newspapers.comlistofnewspapers.com
119,trinitymirror.com
120,journalism-islam.de
121,www2.hawaii.edu
122,nynewspapers.com
123,sourcediverse.blogspot.com
124,unknowncountry.com
125,stats.org
126,usask.ca
127,people-press.org
128,thirdworldtraveler.com
129,marshallmcluhan.com
130,alfiegoodrich.com
131,utne.com
132,wsj.com
133,enpa.be
134,allmountainholidays.com
135,lee.net
136,winnipegfirst.ca
137,britishpathe.com
138,ire.org
139,transparencynow.com
140,yonhapnews.co.kr
141,humorcolumnist.com
142,nypost.com
143,imogenmatthews.co.uk
144,bostonradio.org
145,oweb.com
146,easymedialist.com
147,walkerviking.wordpress.com
148,newscyclesolutions.com
149,dailytelegraph.com.au
150,thehoya.com
151,aptn.com
152,fcc.gov
153,bigeye.com
154,thomaslfriedman.com
155,georgetownvoice.com
156,imediaethics.org
157,dreamindemon.comworld-newspapers.com
158,scottlondon.com
159,news.ucdavis.edu
160,syndication.theguardian.com
161,crispinhull.com.au
162,amivitale.com
163,assignmenteditor.com
164,uncp.edu
165,oecdobserver.org
166,ryanmauro.com
167,ericmargolis.com
168,uschamber.com
169,cuindependent.com
170,camera.orgsciwriter.us
171,ivymags.com
172,ybw.com
173,newscript.com
174,un.org
175,mickrock.com
176,broadcastnewsroom.com
177,vanityfair.com
178,opinion-exchange.com
179,risingsun.dannyarao.com
180,irishtimeswatch.blogspot.com
181,edition.cnn.com
182,schooltimes.w.interiowo.pl
183,newsroom.ucla.edu
184,news.cornell.edu
185,temple-news.com
186,afp.com
187,emigre.com
188,greenwichschools.org
189,mirrorpix.com
190,opcofamerica.org
191,oddnews.org
192,prnewswire.com
193,thebroadcaster.com
194,mediaweek.co.uk
195,njpa.org
196,sunnyskyz.com
197,awis.com
198,ifj.org
199,columbiaspectator.com
200,cnic.navy.mil
201,idsnews.com
202,wirenews.co.uk
203,mediatico.com
204,beforeitsnews.com
205,mi7.co
206,loriborgman.com
207,viewfromthewest.ca
208,stanforddaily.com
209,rferl.org
210,botswanamedia.bwcoastsider.com
211,ruralstrategies.org
212,alabamapress.org
213,usnpl.com
214,westbynorthwest.org
215,sartma.com
216,tech.mit.edu
217,hpac.harvard.edu
218,nationalpost.com
219,playthegame.org
220,fitsnews.com
221,westerngazette.ca
222,heraldtribune.com
223,tyndallreport.com
224,latimes.com
225,unicef.org
226,feeds.bbci.co.uk
227,bmark.it
228,theatlantic.com
229,stephanieriggs.com
230,versen.blogspot.com
231,cpimages.com
232,nathanlott.blogspot.com
233,totaltele.com
234,thetimesoftheworld.com
235,blog.newspapers.com
236,ibiblio.org
237,anneapplebaum.com
238,firstamendmentcenter.org
239,wxresearch.com
240,publications.tjhsst.edu
241,startribune.com
242,sabanews.net
243,megantaylor.org
244,cwa-union.org
245,e-journals.org
246,dnaindia.com
247,flpress.com
248,webwire.com
249,rocketnews.com
250,camerapress.com
251,easybyte.com
252,newzgroup.com
253,aviador.es
254,thevarsity.ca
255,fiskkit.com
256,latinfinance.com
257,cardiff.ac.uk
258,sipa.com
259,theteenappeal.wordpress.com
260,opinion-exchange.compost.browndailyherald.com
261,joeuser.com
262,usatoday30.usatoday.com
263,news.uconn.edu
264,bapla.org.uk
265,bizarreville.com
266,pigdog.org
267,media-underground.net
268,rcfp.org
269,douglasmcgray.com
270,trekmagazine.alumni.ubc.ca
271,huffingtonpost.com
272,honeylocust.com
273,filmsforaction.org
274,feeds.feedburner.com
275,menarebetterthanwomen.com
276,cunacouncils.orghttps:
277,thecontrarianmedia.com
278,flavinscorner.com
279,thedrum.com
280,digitalspy.co.uk
281,pointerview.com
282,newsquest.co.uk
283,americanradioworks.orgunivsource.com
284,ethicnet.uta.fi
285,goodnewsnetwork.org
286,mediapost.com
287,https:
288,fsne.org
289,geraldday.blogspot.com
290,limitedinc.blogspot.com
291,ananews.com
292,journalism4schools.com
293,irishnewsarchive.com
294,pleasantweather.com
295,hobbybroadcasting.com
296,communications.uci.edu
297,hhs.gov
298,makeahistory.com
299,tvnews.vanderbilt.edu
300,estlow.org
301,alternet.org
302,journalism.cmich.edu
303,expertisefinder.com
304,vtnews.vt.edu
305,bbc.co.uk
306,gilest.org
307,thenewidealist.com
308,damninteresting.com
309,caj.ca
310,denebolaonline.net
311,justice.gov
312,viiphoto.com
313,lpra.org
314,theglobeandmail.com
315,foreignpolicynews.org
316,federalreserve.gov
317,copyright.gov
318,uoguelph.ca
319,nnaweb.org
320,yournewswire.comweirdnewsfiles.com
321,jusiper.blogspot.com
322,famous.uk.com
323,brandonstaggs.com
324,newspix.com.au
325,gracenote.com
326,snocountry.com
327,blog.al.com
328,citizenside.com
329,now.uiowa.edu
330,dejavu2000.blogspot.com
331,wfp.org
332,thepoliticalbouillon.com
333,michaelmoore.com
334,hcs.harvard.edu
335,j-lab.org
336,greatnewsmag.com
337,seren.bangor.ac.uk
338,seaboard.ndbc.noaa.govsnowforecast.com
339,gatehousemedia.com
340,statenews.com
341,soundbitten.com
342,wnpa.com
343,stosselintheclassroom.org
344,merrill.umd.edu
345,ulrichsweb.com
346,silverchips.mbhs.edu
347,canarytrap.in
348,pbskids.orgwmfo.8m.net
349,callutheran.edu
350,burrellesluce.com
351,tuftsdaily.com
352,kennethelamb.com
353,mediahelpingmedia.org
354,hdtvmagazine.com
355,michellemalkin.com
356,gwhatchet.com
357,research.gwu.edu
358,militarynews.com
359,sustainablebusiness.com
360,nextdraft.com
361,badgerherald.com
362,markjeffries.com
363,sfgate.com
364,journalismjobs.com
365,pocketnewswire.icyboards.net
366,myprimeyears.com
367,stltoday.com
368,maddogproductions.com
369,jomc.unc.edu
370,factcheck.org
371,washingtonexaminer.com
372,alongview.blogspot.com
373,owl.english.purdue.edu
374,mattsuess.com
375,geoffreyjames.com
376,dartcenter.org
377,business-standard.com
378,peters-place.ca
379,udel.edu
380,einpresswire.comengforum.pravda.ru
381,afcp.org
382,neontommy.com
383,newslanc.com
384,tvtechnology.com
385,magportal.com
386,thetruthasiseeit.com
387,zapf.fb15.uni-dortmund.de
388,shef.ac.uk
389,akm.ru
390,naja.com
391,dcmilitary.com
392,inmotionmagazine.com
393,gmb-akash.com
394,variety.com
395,magazine.lakeheadu.ca
396,journal.bookfinder.com
397,smartbrief.com
398,apn.com.au
399,nuj.org.uk
400,nj.com
401,weathershack.com
402,getbig.com
403,ishootshows.com
404,fresnostatenews.com
405,rachelnewcombe.com
406,madkane.com
407,skiboards.com
408,dailytrojan.com
409,mna.org
410,overdog-group.com
411,corporateinformation.com
412,knowthisnews.com
413,continentaldivide.us
414,ezine-dir.com
415,rediff.com
416,amandaripley.com
417,awwnews.com
418,interfax.com
419,uwimprint.ca
420,communicationethics.net
421,bulletin.uwaterloo.ca
422,eff.org
423,naa.org
424,kavitachhibber.com
425,jamestown.org
426,kgbreport.com
427,archives.cbc.ca
428,tvweek.com
429,worldaffairsboard.com
430,antitrustinstitute.org
431,metafilter.com
432,radiotower.com
433,spc.noaa.gov
434,terrygault.co.uk
435,unitehere.org
436,mirror.co.uk
437,calthomas.com
438,acespilotshop.com
439,brucecameron.com
440,losangeles.cbslocal.com
441,foia.state.gov
442,natwhitten.com
443,navlost.eu
444,pressmart.com
445,justchillax.50megs.com
446,amfmjobs.com
447,news.sky.com
448,jimhightower.com
449,24-7pressrelease.com
450,broadcastermagazine.com
451,mydigitalpublication.com
452,floridafaf.org
453,halfmanhalfmovie.com
454,commercialalert.org
455,us-newspapers-online.com
456,adorraeli.com
457,stuttgartcitizen.com
458,thelowell.org
459,snd.org
460,spj.org
461,repfoto.com
462,magatopia.com
463,steelonsteel.com
464,dannyarao.com
465,gazettepreps.com
466,worldofstuart.excellentcontent.com
467,newspapersglobal.com
468,swopey.blogspot.com
469,intellicast.com
470,hindustantimes.com
471,thehrdirector.com
472,economist.comezineblaze.com
473,time.com
474,ukjournalism.org
475,selections.rockefeller.edu
476,newswire.ca
477,niemanlab.org
478,angelfire.com
479,collegian.psu.edu
480,thewordonline.org
481,schooljournalism.org
482,jimromenesko.com
483,stephen.macek.faculty.noctrl.edu
484,darynkagan.com
485,auroraphotos.com
486,barefootworkshops.org
487,ubm.com
488,voices.washingtonpost.com
489,malebits.com
490,mariececilethijs.com
491,menzelphoto.com
492,libguides.luc.edu
493,thewiremegazine.com
494,newsoftheweird.com
495,world-design-directory.com
496,aan.org
497,csun.edu
498,mahablog.com
499,iramathur.org
500,international.nytimes.com
501,dagblog.com
502,wxweb.meteostar.commarineweather.net
503,satishdey.blogspot.com
504,sumagazine.syr.edu
505,blogulator.blogspot.com
506,flickr.com
507,ndsmcobserver.com
508,adweek.com
509,midnighttrader.com
510,radio.about.com
511,news-prod.wcu.edu
512,ucsdnews.ucsd.edu
513,onthesnow.com
514,btcnews.com
515,lzs.lt
516,lexisnexis.com
517,miamiherald.com
518,pilotweatherbriefing.com
519,southernhumorists.com
520,thetownpaper.com
521,newindianexpress.com
522,todaysinterestingfacts.com
523,professorbainbridge.com
524,findarticles.com
525,scio.k12.or.us
526,europeanvibe.com
527,wakeupnews.comfuzzyco.comca.nberra.com
528,aljazeera.com
529,thephotographersgallery.org.uk
530,newsthinking.com
531,spiked-online.comcapturednation.com
532,skiweather.eu
533,theeventchronicle.com
534,warmuseum.ca
535,dailynebraskan.com
536,blackprwire.com
537,witandwisdom.org
538,tbone.biol.sc.edu
539,cnav.org.au
540,frankwbaker.com
541,newspapers-list.com
542,luisteodoro.com
543,citynews.news
544,freep.com
545,galwaydailynews.com
546,blackstar.com
547,keithboykin.com
548,rss.nytimes.comdothaneagle.com
549,ajc.com
550,weatheronline.co.uk
551,careerpage.orgjohnwfarrell.blogspot.com
552,townhall.com
553,thebppa.com
554,laserguidedloogie.com
555,dallasnews.com
556,feed43.com
557,worldpressonline.com
558,dallasmorningviewsblog.dallasnews.com
559,sources.com
560,mondediplo.com
561,kansascity.com
562,adbusters.org
563,news.yahoo.com
564,worldpressphoto.org
565,umt.edu
566,ethicsadvicelineforjournalists.org
567,chron.com
568,magnumphotos.com
569,digitalbroadcasting.com
570,briandeer.com
571,dailycal.org
572,michiganpress.org
573,timeslive.co.za
574,nytimes.com
575,henricartierbresson.org
576,hollywoodreporter.com
577,earlofarihutchinson.blogspot.com
578,accuracy.org
579,inlandpress.org
580,identitytheory.com
581,weatheronline.co.ukwxresearch.com
582,memri.org
583,broadcast-live.com
584,fark.comkqed.org
585,redandblack.com
586,shutterstock.com
587,newsvine.com
588,gopbriefingroom.com
589,mediamatters.org
590,jaygaskill.com
591,grumpyeditor.typepad.com
592,blazeweek.com
593,aaja.org
594,moldea.com
595,scripps.com
596,news.wisc.edu
597,hotindienews.com
598,newspaperdeathwatch.com
599,postchronicle.com
600,mcgilltribune.com
601,law.com
602,freezerbox.cominternationalresidence.ru
603,voluntaryxchange.typepad.com
604,dailyhowler.com
605,associatednewspapers.com
606,foreandaft.tripod.com
607,criticism.com
608,reuters.com
609,halcyon.com3dig.com
610,good.is
611,talk2cb.com
612,nytco.com
613,lidtime.com
614,saja.org
615,ncccusa.orgrittenhouse.blogspot.com
616,newssafety.com
617,money.cnn.com
618,elca.org
619,webvivant.com
620,iwindsurf.com
621,bobhostetler.com
622,wildernesspost.com
623,merinews.com
624,csmonitor.com
625,ejta.eu
626,ereferencedesk.com
627,heave-ho.org
628,jou.ufl.edu
629,prmac.com
630,powerreporting.com
631,findlaw.com
632,topix.com
633,newspapergiant.com
634,weatherwatchservice.com
635,aubi06.dsl.pipex.com
636,irna.ir
637,panewsmedia.org
638,motherjones.com
639,thepolitic.com
640,personalliberty.com
641,bluegrasspundit.com
642,kestenmedia.comtimescontent.com
643,the-efa.org
644,marketsandmorality.com
645,epra.org
646,washpostco.com
647,billcarlisle.tripod.com
648,rcinet.ca
649,brown.edu
650,allcommunitymedia.org
651,mcclatchy.com
652,oregonquarterly.com
653,chinadaily.com.cn
654,indiatimes.com
655,jea.org
656,rbr.com
657,mediabistro.com
658,medialiteracy01.tripod.com
659,overmark.saph.co.uk
660,harvardindependent.com
661,wombat.cusd.chico.k12.ca.us
662,journalistically.com
663,medialiteracy.net
664,forecastwatch.com
665,deanesmay.com
666,chicagotribune.com
667,usanewspapers.com
668,speakeasyohiou.com
669,refdesk.com
670,gordon.army.mil
671,newswise.com
672,smh.com.au
673,dolphin-news.com
674,altpress.orggreatnewsnetwork.org
675,moreover.com
676,buquad.com
677,beatworld.com
678,aejmc.org
679,groups.yahoo.com
680,editorandpublisher.comangelfire.com
681,sw.union.rpi.edu
682,studentpress.org
683,bonniewren.com
684,oreilly-sucks.com
685,virtuallrc.com
686,newshounds.us
687,nsns.org
688,hawaiiarmyweekly.com
689,rsf.org
690,mhutch.blogspot.com
691,levins.com
692,theblogismine.com
693,coolwx.com
694,statepress.com
695,mherrera.orgradar.weather.gov
696,paschoolpress.orgacademic2.american.edu
697,darkmarkets.t0.or.at
698,feeds.skynews.com
699,viewzone.com
700,journalistexpress.com
701,reporter.rit.edu
702,thebetterindia.com
703,groups.csail.mit.edu
704,ashley-kirk.com
705,snow-forecast.comclimate-guru.com
706,cavalierdaily.com
707,mcgillreport.org
708,imakecontent.net
709,eagle973.com
710,newslink.orgtsehanson.tripod.com
711,tmn.co.uk
712,stevemccurry.com
713,nctj.com
714,kingfeatures.com
715,aim.org
716,ajr.organgelfire.com
717,blogs.lse.ac.uk
718,sophorist.blogspot.com
719,magazine.utoronto.ca
720,min7th.com
721,globalissues.orgindependent.ie
722,worldpress.organgelfire.com
723,poynter.org
724,citywire.co.uk
725,tripathi.blogspot.com
726,leemiller.co.uk
727,patrol.mammothmountain.com
728,uww.edu
729,freelancejournalist.co.uk
730,jonathan-cook.net
731,headlinespot.com
732,tedcanovaonmedia.com
733,csus.edu
734,niemanwatchdog.org
735,media.info
736,sean.co.uk
737,johngaltfla.com
738,news-spider.com
739,ireport.cnn.com
740,multichannel.com
741,ageoficonoclasts.tripod.com
742,riddel.com
743,h-net.org
744,matthewteller.com
745,bom.gov.auwebring.orgbloggernews.net
746,bankrate.com
747,cpb.org
748,pnna.com
749,therehearsalstudio.blogspot.com
750,jeffgaulin.com
751,newsblues.com
752,businesswireindia.com
753,thestar.com
754,goodnewsshared.com
755,newsforum.com
756,tstorm.netaaaai.org
757,dailyprincetonian.com
758,flashpoints.netsfgate.com
759,mnc.net
760,weather-instruments.com
761,philly.com
762,geodesicsolutions.com
763,accessreports.com
764,truthdig.com
765,newamericamedia.org
766,broadcastingcable.com
767,seattletimes.com
768,bostonglobe.com
769,briefing.com
770,masternewmedia.org
771,worldwidelearn.com
772,pacifica.org
773,unityjournalists.org
774,minneapolisfed.org
775,radio-classifieds.com
776,dailytexanonline.com
777,botbox.com
778,financearmageddon.blogspot.co.uk
779,prweb.com
780,transdiffusion.org
781,inma.org
782,newscollege.ca
783,businesstoday.org
784,monbiot.com
785,ipl.org
786,news.utoronto.ca
787,weather.org
788,fightthebias.com
789,observer.com
790,munciefreepress.com
791,responsesource.com
792,nenpa.com
793,prensaescrita.com
794,iseeindia.comglobalcomment.com
795,news.cahnrs.wsu.edu
796,steynonline.com
797,dailyearth.com
798,dailyorange.com
799,prfire.co.uk
800,dinocrat.com
801,journalists.org
802,magazine.ucla.edu
803,eveningpostindustries.com
804,snpa.org
805,uwmpost.com
806,en.wikinews.org
807,bubblegun.com
808,chomsky.info
809,citizen.org
810,americanpressinstitute.org
811,denverpost.com
812,skicentral.com
813,jobs.theguardian.com
814,personneltoday.com
815,collegemagazine.com
816,iijnm.org
817,thehill.com
818,immortal.org
819,dailytarheel.com
820,parentstv.org
821,mediaworld.info
822,journalism.indiana.edu
823,thecrimson.com
824,abcradio.com
825,iowastatedaily.com
826,mathrubhumi.com
827,worldji.com
828,gipp.ru
829,media-alliance.org
830,english.ohmynews.com
831,franksmyth.com
832,pickyournewspaper.com
833,townnews365.com
834,bailiwick.lib.uiowa.edu
835,buzzmachine.com
836,journoz.com
837,myprgenie.com
838,bigmedia.org
839,newslibrary.com
840,johndee.com
841,mndaily.com
842,pjnet.org
843,flyingineurope.be
844,amateurpress.org
845,ap.org
846,pulitzercenter.org
847,ucsf.edu
848,splc.org
849,mediachannel.org
850,fortcampbellcourier.com
851,peterbyrne.info
852,newslab.org
853,newspapersperiodicos.com
854,ecuadortimes.net
855,amarc.org
856,scribd.com
857,hotnewspapers.comglobaltimes.cn
858,einnews.com
859,defence.gov.au
860,skegs.net
861,billoreilly.com
862,filcro.com
863,robertniles.com
864,cjr.org
865,popms.org
866,paulunderhill.com
867,briankilmeade.com
868,stripes.com
869,dailyemerald.com
870,thebiggreen.netnews.camden.rutgers.edu
871,franklincenterhq.org
872,dymaxionweb.com
873,astw.org.au
874,internationalpress.org
875,mediamonitors.net
876,doaneline.com
877,kenweingart.com
878,nationalpress.org
879,alumni.westernu.ca
880,davidwarrenonline.com
881,kristinelowe.blogs.com
882,newsombudsmen.org
883,weather.net
884,loudbassoon.com
885,weatherzone.com.au
886,newsdesk.umd.edu
887,tentacle.net
888,mab.org
889,shu.ac.uk
890,jpfreek.com
891,ifwtwa.org
892,michiganreview.com
893,polizeros.com
894,tcij.org
895,queensjournal.ca
896,en.newsconc.com
897,columnists.com
898,ojr.org
899,hilite.org
900,sourcewatch.org
901,hoojobs.com
902,passageweather.com
903,abc.net.au
904,communitypapersofflorida.com
905,newsgram.com
906,thesleuthjournal.com
907,news-service.stanford.edu
908,sweekly.blogspot.com
909,flyingfish.org.uk
910,newscaststudio.com
911,reporter.org
912,ohionews.org
913,sparkmediaproject.org
914,https:usairnet.com
915,dailynorthwestern.com
916,publicitas.com
917,nassauweekly.com
918,thecadreupei.com
919,spangdahlem.af.mil
920,upi.com
921,monitor.bbc.co.uk
922,cyberjournalist.org.in
923,cpj.org
924,snowdeal.org
925,newspapercountry.com
926,rusmasmedia.com
927,foto8.com
928,gannett.com
929,journalism.org
930,maps.avnwx.com
931,newseum.org
932,chicagomaroon.com
933,journalisted.com
934,sensationalisttimes.comnewsbreakers.orgusda.gov
935,bdnews24.com
936,daily.swarthmore.edu
937,mctcampus.com
938,samhouston.army.mil
939,inserttexthere.com
940,tomgriffin.org
941,newsresearch.blogspot.com
942,truthnews.com.au
943,manchesternewspapers.com
944,metcheck.com
945,failuremag.com
946,tcnj.edu
947,strangenewsvideo.com
948,newspaperindex.com
949,onwardstate.com
950,onlinenewspapers.com
951,foia.cia.gov
952,creators.com
953,babblestorm.co.uk
954,thebatt.com
955,projectcensored.org
956,universal-info.com
957,search-22.com
958,davecullen.com
959,timesofindia.indiatimes.comangelfire.com
960,debbiekruger.com
961,universalhub.com
962,colorado.edu
963,theage.com.au
964,lucianne.com
965,alligator.org
966,nahj.org
967,oceanweather.com
968,dldewey.com
969,conservativedailynews.com
970,forecast.weather.gov
971,criticalmention.com
972,pjmedia.com
973,web.mit.edu
974,jewishworldreview.com
975,wakemag.org
976,bobbrooke.com
977,frontpagemag.com
978,radioopensource.org
979,heraldsun.com.au
980,anticipatingempire.blogspot.com
981,pcc.org.uk
982,theguardian.com
983,icfj.org
984,cpc.ncep.noaa.gov
985,corpwatch.org
986,tuftsobserver.org
987,photoarts.com
988,bjr.org.uk
989,medialaw.org
990,uwyo.edu
991,weatherflow.com
992,thecharger.org
993,english.irib.ir
994,policegazette.us
995,wtop.com
996,today.duke.edu
997,dir.salon.com
998,mije.org
999,nyu.edu
1000,conwebwatch.tripod.com
1001,cioj.co.uk
1002,littlegreenfootballs.com
1003,worldflash.com
1004,nationalreview.comnewrepublic.com
1005,socalnews.com
1006,alumni.dal.ca
1007,news.bbc.co.uk
1008,seeingtheforest.com
1009,dawn.com
1010,iptc.org
1011,faireconomy.org
1012,dailyillini.com
1013,deccanchronicle.com
1014,jacconline.org
1015,theskunk.org
1016,bracketbracket.com
1017,vanderbiltorbis.com
1018,guernicamag.com
1019,turbulenceforecast.com
1020,upjohn.org
1021,freelancedirectory.org
1022,competitrack.comwhomakesthenews.org
1023,carbonated.tv
1024,rapidpressrelease.com
1025,swns.com
1026,cpu.org.uk
1027,rexfeatures.com
1028,grizzlyweb.com
1029,eyevine.comojr.org
1030,sites.google.com
1031,cnnfn.cnn.com
1032,thisistrue.com
1033,scpress.org
1034,leanleft.com
1035,uexpress.com
1036,fnewsmagazine.com
1037,numberwatch.co.uk
1038,opendemocracy.net
1039,palyvoice.com
1040,silha.umn.edu
1041,goodnewsagency.org
1042,hooplaha.com
1043,shsu.edu
1044,journalismcenter.org
1045,gregsopinion.com
1046,sbindependent.org
1047,aap.com.au
1048,mediaed.org
1049,nabj.org
1050,psidonline.isr.umich.edu
1051,broowaha.com
1052,theepochtimes.com
1053,financialexpress.com
1054,contactpressimages.com
1055,inkwell.mentorhigh.com
1056,worldpressinstitute.org
1057,economistgroup.com
1058,sej.org
1059,hometownnews.com
1060,stellajohnson.com
1061,dowjones.com
1062,canadachinanews.com
1063,garyyounge.com
1064,newsgab.com
1065,pff.org
1066,cmmintelligence.com
1067,cnbc.comresearchsea.com
1068,rit.edu
1069,mikelynaugh.com
1070,gregpalast.com
1071,mediageek.net
1072,ariherzog.com
1073,knightdigitalmediacenter.org
1074,thehindu.com
1075,roj.as
1076,mercurynews.com
1077,weatherscreen.com
1078,ambientweather.comrefdesk.com
1079,whodiedtoday.com
1080,gypsy.ninja
1081,news.ifas.ufl.edu
1082,media-visions.com
1083,azcentral.com
1084,medialit.org
1085,nab.org
1086,fas.org
1087,understandmedia.com
1088,meteo-marine.com
1089,news.harvard.edu
1090,meteostar.com
1091,suddenlysenior.com
1092,smalltownpapers.com
1093,gsyfutu.com
1094,cubreporters.org
1095,earshotmedia.com
1096,indiaprwire.com
1097,kushand.org
1098,waintal.comhealthjournalism.org
1099,english.kyodonews.jp
1100,forbes.com
1101,bostonherald.com
1102,antislavery.org
1103,rss.cnn.comradioproject.org
1104,airtalents.com
1105,bib.uab.es
1106,backissuenewspapers.co.uk
1107,indianexpress.com
1108,asne.orgnationalgeographic.com
1109,mediasurvey.com
1110,mixeye.com
1111,news.findlaw.com
1112,dailybruin.com
1113,multilingualbooks.com
1114,cnews.canoe.com
1115,bigblendmagazine.com
1116,uanews.orgthedp.com
1117,thestoppedclock.blogspot.com
1118,zednelson.com
1119,wickedlocal.comibiblio.org
1120,lulop.com
1121,markovits.com
1122,cbc.ca
1123,release-news.com
1124,sportingo.com
1125,funtrivia.comjgiesen.de
1126,oregonstate.edu
1127,advance.net
1128,dukechronicle.com
1129,allafrica.comnewsmeback.com
1130,yaledailynews.com
1131,nader.org
1132,quillandscroll.org
1133,kensingtonreview.com
1134,uwirepr.com
1135,magazine-directory.com
1136,dailycollegian.com
1137,publishers.org
1138,icforum.org
1139,gluckman.com
1140,picture-newsletter.com
1141,wamis.orghail.org
1142,fbi.gov
1143,usatoday.com
1144,screenshotsnews.net
1145,fcba.org
1146,fortblissbugle.com
1147,sailflow.com
1148,news.usc.edu
1149,freerepublic.com
1150,cronkite.asu.edu
1151,capitalism.org
1152,stuartbuck.blogspot.com
1153,spillingcoffee.com
1154,digitalmediawire.com
1155,graphicnews.com
1156,thelantern.com
1157,asja.org
1158,universe.byu.edufortune.com
1159,news.yahoo.comnbcnews.com
1160,mopress.com
1161,al.com
1162,artsjournal.com
1163,ejc.nl
1164,washingtontimes.com
1165,elmendorf.af.mil
1166,publishaletter.com
1167,ems.psu.edu
1168,economictimes.indiatimes.com
1169,plenglish.com
1170,tveyes.com
1171,foxbusiness.com
1172,wrh.noaa.govholfuy.com
1173,rageboy.com
1174,uh.edu
1175,thestaffordvoice.com
1176,livemint.com
1177,newsmediauk.org
1178,iab.ch
1179,blithespirit.wordpress.com
1180,theaustralian.com.au
1181,cepr.net
1182,ebu.ch
1183,labourstart.org
1184,wan-ifra.org
1185,deadmedia.org
1186,thefoxgazette.com
1187,avalanche.state.co.us
1188,dailynexus.com
1189,thiswaytothe.net
1190,shawnolson.net
1191,customweather.com
1192,j-source.ca
1193,flash90.com
1194,wonkie.com
1195,angel.dk
1196,news.sfsu.edu
1197,inasmuchfoundation.org
1198,visiontimes.com
1199,economist.com
1200,netweather.tv
1201,xroads.virginia.edu
1202,casw.org
1203,laif.de
1204,financialbuzz.com
1205,cptech.org
1206,tattlerextra.org
1207,michigandaily.com
1208,reduxpictures.com
1209,epa.eu
1210,current.orgmediaposts.prpn.com
1211,pressreleases.responsesource.com
1212,aerotechnews.com
1213,wnyc.org
1214,blastvalve.com
1215,cision.com
1216,nla.gov.au
1217,hypergene.net
1218,arabiadeserta.com
1219,necjogha.org
1220,northwestern.edu
1221,rbs2.com
1222,journaliststoolbox.org
1223,alternativeradio.org
1224,mediaman.com.au
1225,upenn.edu
1226,cacklinggrackle.blogspot.com
