1,mootgame.com
2,musee-orsay.fr
3,freemind.sourceforge.net
4,unisa.ac.za
5,tankmuseum.org
6,endnote.comdnb.de
7,dressforsuccess.com
8,ncea.ca
9,fordlibrarymuseum.gov
10,assurasoftware.com
11,profootballhof.com
12,tesl-ej.org
13,montessori.org.uk
14,whl-verso.auto-graphics.com
15,museoegizio.it
16,ghanaweb.com
17,archives.govt.nz
18,dailychristianquote.com
19,earlham.edu
20,londonlibrary.co.uk
21,iprr.org
22,i-qte.comluaquotes.com
23,qotd.org
24,hanslangseth.com
25,local.ch
26,parent-child.org
27,tieguide.com
28,legion.org
29,masterpiecemanager.comnlbm.com
30,sex-lexis.com
31,americanart.si.edu
32,ala.org
33,informationr.net
34,otterbein.edu
35,els.net
36,lenz-online.de
37,wittemuseum.org
38,trentu.ca
39,library.ouhsc.edu
40,xn--pnvkarte-m4a.de
41,californiakindergartenassociation.org
42,fullrecall.com
43,globalschoolnet.org
44,progressivepractices.com
45,auschwitz.org
46,maps.nls.uk
47,mathpower.com
48,hsl.virginia.edu
49,history.army.mil
50,takeourword.com
51,feith.com
52,scholar.lib.vt.edu
53,intratext.com
54,eval.org
55,dca.lib.tufts.edu
56,ltmuseum.co.uk
57,nces.ed.gov
58,troutlet.com
59,boatingmag.comwww-sop.inria.fr
60,deafness.about.comluckymojo.com
61,sino.uni-heidelberg.de
62,kmasia.com
63,digital.library.upenn.edu
64,internationaleducationmedia.com
65,christianschools.com
66,deeperchristianquotes.com
67,cat.libraries.psu.edu
68,iuj.ac.jp
69,montessori.org
70,educationcanada.com
71,collectorsystems.com
72,magic.lib.uconn.edu
73,copi.org
74,museumoftolerance.com
75,crc.losrios.edu
76,treeage.com
77,carneysandoe.com
78,usask.ca
79,cisv.org
80,cres1.lancs.ac.ukbcin.ca
81,kr.org
82,imaginationstationtoledo.org
83,sos.oregon.gov
84,tandf.co.uk
85,saintsquotes.netmath.furman.edu
86,msa.maryland.gov
87,encyclopedia-of-religion.org
88,bontis.com
89,cdiac.ornl.gov
90,nlt.go.th
91,bibalex.org
92,teachnet.com
93,msarchivists.org
94,research.lawyers.com
95,nsf.gov
96,allacronyms.com
97,philamuseum.org
98,ohiohistorycentral.org
99,why-jesus.com
100,open.edu
101,marxists.org
102,cosmopolis.ch
103,starling.rinet.ru
104,ifets.ieee.org
105,daisymuseum.com
106,biz.freshaddress.com
107,pacificwarmuseum.org
108,triviaguy.com
109,whitney.org
110,sdmrm.org
111,guyana.org
112,decoymuseum.com
113,havidol.com
114,veritasprep.com
115,calacademy.org
116,cddc.vt.edu
117,computerlanguage.com
118,oreilly.com
119,heartsandminds.org
120,csuohio.edu
121,analogx.com
122,ilholocaustmuseum.org
123,saatchigallery.com
124,acgi.comsmh.com.au
125,tbs-satellite.com
126,classmates.com
127,iparadigms.com
128,ipsl.org
129,fonefinder.net
130,ucmp.berkeley.edu
131,rootsweb.ancestry.comrogerjnorton.com
132,oyc.yale.edu
133,naturalhub.com
134,joe.org
135,aect.org
136,westvalley.edu
137,cincymuseum.org
138,wgu.edu
139,bitboost.com
140,ahg.com
141,rothschildarchive.orgarchivo.cartagena.es
142,canteach.ca
143,jfsowa.com
144,italian.about.com
145,futureedge.co.uk
146,poemuseum.org
147,ukphoneinfo.com
148,aifia.org
149,gandolf.com
150,pespmc1.vub.ac.be
151,sportimonium.be
152,zotero.org
153,sawyerpartnership.com
154,hop.com
155,mathforum.org
156,killroys.com
157,tailknottr.com
158,christianquotes.org
159,ldpride.net
160,michaelolaf.net
161,georgebrown.ca
162,tableau.com
163,creatingthe21stcentury.org
164,portlandcm.org
165,itcilo.org
166,age-of-the-sage.org
167,emerson.org.uk
168,mappy.com
169,tarpits.org
170,cmhouston.org
171,lib.berkeley.edu
172,nlb.gov.sg
173,sce.carleton.ca
174,choo.fis.utoronto.ca
175,marinersmuseum.org
176,museoreinasofia.es
177,seattlecentral.edu
178,academicplagiarism.com
179,moa.ubc.caukguide.org
180,flatbridge.com
181,bncrm.librari.beniculturali.it
182,countrycode.org
183,zargan.com
184,civilrightsmuseum.org
185,ritmanlibrary.nl
186,esn.org
187,plagiarism.com
188,famsi.org
189,awm.lee.army.mil
190,timeticker.com
191,gnoss.com
192,illumine.co.uk
193,asap.unimelb.edu.au
194,pitt.edu
195,visveg.vegvesen.no
196,qatcom.com
197,library.wolfram.com
198,iaslash.org
199,cs.brandeis.edu
200,canadiantheatre.com
201,historyofwar.org
202,schoolspecialty.com
203,imsmontessori.org
204,gashe.ac.uk
205,humanclock.com
206,commoncrawl.org
207,nhm.ac.uk
208,rrm.co.uk
209,virginia.edu
210,etonacademy.org
211,datavisualization.ch
212,aiim.org
213,needlesports.com
214,askowen.info
215,abt.org
216,travlang.com
217,nma.gov.au
218,kelley.iu.edu
219,ed-u.com
220,worthingtonmemory.org
221,perceptivesoftware.com
222,shubertarchive.org
223,eprints.rclis.org
224,ptotoday.com
225,leeds.ac.uk
226,sites.google.com
227,visual-mind.com
228,aaregistry.com
229,bruce.edmonds.name
230,keepright.ipax.at
231,handshaw.com
232,qsi.org
233,ishof.org
234,paranormal-encyclopedia.com
235,yellowpages.com.lb
236,rafmuseum.org.uk
237,yourdictionary.com
238,nlr.ru
239,prelinger.com
240,preschooleducation.com
241,visualintelligence.co.nz
242,askrose.orghttps:
243,quotablesayings.com
244,ph.ucla.edu
245,eskimo.comen.proverbia.net
246,dictionary.reference.com
247,fraziermuseum.org
248,apa.nyu.edu
249,londoninternational.ac.uk
250,thewright.org
251,web.uflib.ufl.edu
252,nhliving.com
253,tieatieeasily.com
254,nwlink.com
255,wordsmith.org
256,weait.com
257,unet.com.mk
258,museumstudies.si.edu
259,innovateonline.info
260,cooperhewitt.org
261,cambridge.org
262,amsterdammuseum.nl
263,naturalis.nl
264,nagb.org
265,firstmonday.org
266,sprachcaffe.com
267,kdla.ky.gov
268,mondeca.com
269,crossboweducation.com
270,homebuildingmanual.com
271,atre.com
272,goldenwestcollege.edu
273,scottishfootballmuseum.org.uk
274,mindmeister.com
275,archiveshub.ac.uk
276,eyeplorer.com
277,pareonline.netmontessori-icme.com
278,acsi.org
279,timenow.in.ua
280,nightbringer.se
281,anl.az
282,museumofsex.com
283,gsmrm.org
284,thoughtweb.com
285,perkins.org
286,bartleby.com
287,answerland.org
288,hnoc.org
289,exploratorium.edu
290,mdah.state.ms.us
291,plimoth.org
292,bibliomania.comfunnysportsquotes.blogspot.com
293,openrailwaymap.org
294,isb.bj.edu.cn
295,easternstate.orgazcaf.org
296,lib.ku.edu
297,museumsoftware.com
298,chanrobles.com
299,perspicuity.net
300,isotopicmaps.org
301,hdplfriends.org
302,computerhistory.org
303,scu.edu.au
304,centerofthewest.org
305,lucarinfo.com
306,muddlepuddle.co.uk
307,ikhaya.nl
308,friendsofmedfordlibrary.org
309,niceties.comtime.gov
310,nysoclib.org
311,pleasetouchmuseum.org
312,kountzelibrary.org
313,matchware.com
314,americantimezones.com
315,ipl.org
316,dsal.uchicago.edu
317,peacefulrivers.homestead.com
318,onelittleangel.com
319,xavier.edu
320,ceeol.com
321,maphistory.infouwm.edu
322,digitalarchives.state.pa.us
323,babelstone.co.uk
324,teachingexpertise.com
325,symbols.com
326,library.unt.educhethams.org.uk
327,theteachersguide.com
328,intelinet.org
329,igkt-midlands.org.uk
330,airphotos.nrcan.gc.ca
331,stateofthemap.us
332,blackboard.com
333,freepages.genealogy.rootsweb.ancestry.com
334,yellowbook.com
335,timeplan.com
336,petersen.org
337,topschooljobs.org
338,moodle.org
339,parrotsmeow.com
340,public-libraries.netvcu.edu
341,quine.org
342,archives.tas.gov.au
343,plos.org
344,angels-around-us.blogspot.com
345,cedefop.europa.eu
346,jjg.net
347,opencyclemap.org
348,rothschildarchive.org
349,markfarrah.com
350,tdan.com
351,vistrails.org
352,yournavigation.org
353,classesusa.com
354,december.com
355,thetech.org
356,nps.gov
357,trainingvillage.gr
358,americantoymarbles.com
359,christianquotes.info
360,icom.museum
361,csmonitor.com
362,bbcstudies.com
363,gregschwindaman.tripod.compoliticalquotes.blogspot.com
364,ago.net
365,californiasciencecenter.org
366,nottingham.ac.uk
367,laurentius.lub.lu.se
368,fusionknots.com
369,hmh.org
370,www-01.ibm.com
371,imagesonline.bl.uk
372,aimsedu.org
373,heprayed.com
374,nmajh.org
375,twu.edu
376,friendscardifflibrary.org
377,cmany.org
378,asian-efl-journal.com
379,inspirationpeak.com
380,toyandminiaturemuseum.org
381,exlibrisgroup.com
382,fdca.org.uk
383,folioone.com
384,igkt.netpsi-world.com
385,txpta.org
386,nrm.se
387,isminc.com
388,gsapps.com
389,strategichrgroup.com
390,childrensmuseumatlanta.org
391,hoophall.com
392,connerprairie.org
393,chawton.org
394,lessonplanet.com
395,uflib.ufl.edu
396,astc.org
397,bayareadiscoverymuseum.org
398,teachcalifornia.org
399,mba.com
400,123teachme.com
401,toyota.co.jp
402,archives.mcgill.ca
403,peoplesnetwork.gov.uk
404,infousa.com
405,microsoft.com
406,vlib.iue.it
407,compact.org
408,corvettemuseum.org
409,hole-in-the-wall.comnishimachi.ac.jp
410,kidspacemuseum.org
411,kminstitute.org
412,puckett.org
413,toxics.usgs.gov
414,sportsmuseums.co.uk
415,archivists.org.au
416,nabe.org
417,openwaldorf.com
418,staffs.ac.uk
419,karomi.com
420,pwhf.org
421,fullcirc.com
422,trumanlibrary.org
423,basistech.comknowledgebusiness.com
424,homepage.eircom.net
425,education-research.org
426,lexfn.com
427,licm.org
428,getty.edu
429,superpages.com
430,gardendigest.com
431,itsmagic.tripod.com
432,penn.museum
433,wakingword.com
434,humanum.arts.cuhk.edu.hk
435,scienceworld.wolfram.com
436,sydney.edu.au
437,davidrumsey.com
438,library.yale.edu
439,sos.mo.gov
440,sailor.lib.md.us
441,cartoons.ac.uklibrary.wellcome.ac.uk
442,aitriz.org
443,emailfinder.com
444,gpo.gov
445,maplib.clarku.edu
446,vtk.org
447,kinderart.com
448,marcuswolschon.github.io
449,koshland-science-museum.org
450,french.about.com
451,nationalmuseum.sg
452,allmotivationalquotes.com
453,learnplus.com
454,reuther.wayne.edu
455,epaa.asu.edu
456,mfeldstein.com
457,llgc.org.uk
458,topmarks.co.uk
459,msichicago.org
460,unizar.es
461,aera.net
462,thealamo.org
463,nla.am
464,atutor.ca
465,onlineclock.net
466,sitesforteachers.com
467,ica.library.oregonstate.edu
468,k12.com
469,hsl.lib.unc.edu
470,chineseknotting.org
471,walkerart.org
472,cnn.com
473,ncbex.org
474,thinkexist.com
475,web.cba.neu.eduinfogrid.org
476,aucklandmuseum.com
477,tfpl.com
478,prorev.com
479,bailando.sims.berkeley.edu
480,ecommercetimes.com
481,friendstnlibraries.orglibrary.doi.gov
482,www4.uwm.edu
483,usflag.org
484,africaphonebooks.com
485,floridapta.org
486,archives.org.uk
487,infobel.com
488,protege.stanford.edu
489,ejkm.com
490,famsf.org
491,lib.cam.ac.uk
492,thejournal.com
493,zdaily.com
494,nhm.orgnyk.com
495,d.umn.edu
496,nyu.edu
497,commugen.com
498,umd.edu
499,mylife.com
500,museothyssen.org
501,usc.edu
502,ubc.ca
503,ushistory.org
504,allanstime.com
505,arizona.edu
506,wincantonrm.co.uk
507,omniupdate.com
508,localcallingguide.com
509,pioneeringprojects.org
510,testcraft.com
511,skimuseum.net
512,wellingtonsquare.com
513,rieb.kobe-u.ac.jp
514,museumofnewmexico.org
515,learnerassociates.net
516,ltutech.com
517,duke.edu
518,europages.com
519,phrontistery.info
520,oryon.nl
521,tcmrm.org
522,knowledgebase-script.com
523,lplfriends.blogspot.com
524,washington.edu
525,tsd.state.tx.us
526,studyguidezone.com
527,wanttoteach.com
528,h-net.org
529,jiscmail.ac.uk
530,worldwar1.com
531,babsonknowledge.org
532,mmsoc.org
533,sigintelligence.com
534,nttmuseum.org
535,sveiby.com
536,apple.com
537,people.ds.cam.ac.uk
538,typingclub.com
539,cecl.nl.edu
540,sherlock-holmes.co.uk
541,fdrlibrary.marist.edu
542,www4.auto-graphics.com
543,oxforddictionaries.com
544,postalheritage.org.ukmuseumca.org
545,wordspy.comspeech.cs.cmu.edu
546,kmpro.org
547,wordfinding.com
548,mocanyc.org
549,musee-armee.fr
550,yctv.tv
551,educationfutures.com
552,isde.com
553,semantic-web-book.org
554,bluesoftware.tripod.com
555,shirky.com
556,bioquest.org
557,santarosa.edu
558,rmg.co.uk
559,friendschpl.org
560,ontologyonline.org
561,atlantaspeechschool.org
562,dvfs.org
563,tenement.org
564,wordquests.info
565,edjoin.org
566,turnitin.com
567,smsu.eduwhat-is-what.com
568,library.nymc.edu
569,britishexecutions.co.uk
570,coachqte.com
571,georgiaarchives.org
572,imls.gov
573,library.cornell.edu
574,whitepages.co.nz
575,managing-information.org.uk
576,theguardian.com
577,wordorigins.org
578,tentmaker.org
579,inspirational-quotations.com
580,countrycallingcodes.com
581,investordictionary.com
582,inquira.com
583,westegg.com
584,accessola.com
585,utoledo.edu
586,issh.ac.jp
587,himmelfarb.gwu.edu
588,streetviewfun.com
589,languagecourse.net
590,cio.gov
591,hnsa.org
592,greatest-inspirational-quotes.com
593,worldtime.io
594,ortonacademy.org
595,lib.unimelb.edu.au
596,lib.monash.edu.au
597,yedit.com
598,mgnsw.org.au
599,howstuffworks.com
600,tsbvi.edu
601,curry.virginia.edu
602,lkl.ac.uk
603,inclusiveschools.org
604,smb.museum
605,problemistics.org
606,wiktionary.org
607,nam.ac.uk
608,alsirat.com
609,edliberation.orgtop-law-schools.com
610,ebling.library.wisc.edu
611,semantic-web-journal.net
612,explorelearning.com
613,mychildsmuseum.org
614,dict.leo.org
615,sopheon.com
616,southflorida.bizjournals.com
617,kididdles.com
618,library.wcc.hawaii.edu
619,linedict.com
620,amhistory.si.edu
621,edweek.org
622,cs.uvm.edu
623,zapatopi.net
624,mercantilelibrary.org
625,ewenger.com
626,events.linkeddata.org
627,mindmapinspiration.co.uk
628,wordcentral.comlifeprint.com
629,bnf.fr
630,mikeg.typepad.com
631,sacmuseum.org
632,bestofosm.org
633,gracequotes.com
634,hbswk.hbs.edu
635,msu.edu
636,educationquotes.blogspot.com
637,odysseus.culture.gr
638,world.std.com
639,nale.gov.et
640,ed2go.com
641,lib.unc.edu
642,tangorin.com
643,hartnell.cc.ca.us
644,thehenryford.org
645,members.tripod.com
646,freewarehof.org
647,walsworthyearbooks.comdyslexia.org
648,seattleartmuseum.org
649,csb-cde.ca.gov
650,sayellow.com
651,maritiemmuseum.nl
652,americanjourneys.org
653,battleshipcove.org
654,funeducation.com
655,digital.lib.ecu.edu
656,nrcpara.org
657,pedagonet.com
658,groupvisual.io
659,museumsandheritage.com
660,rapidintellect.com
661,europeanvirtualmuseum.it
662,pwencycl.kgbudge.comusflag.org
663,legistorm.com
664,edutechwiki.unige.ch
665,mally.eco.rug.nl
666,ecrp.uiuc.edu
667,fetc.org
668,militarymuseum.org
669,asu.edu
670,archives.gnb.ca
671,touchgraph.com
672,mathcentral.uregina.ca
673,kcl.ac.uk
674,turnbullfriends.org.nz
675,krawattenknoten.info
676,afspacemuseum.org
677,mappio.com
678,fg-a.com
679,webexhibits.orgthetallestman.com
680,baberuthmuseum.org
681,smarttech.com
682,awm.gov.au
683,epe.lac-bac.gc.ca
684,mosocco.com
685,njhire.com
686,schoolmessenger.com
687,upenn.edu
688,triz-journal.com
689,onosm.orgdirections.seeaarch.com
690,libertyellisfoundation.org
691,cccu.org
692,justanswer.com
693,tgs.com
694,mymeetingtime.com
695,phillyseaport.org
696,hyperhistory.com
697,jnul.huji.ac.il
698,sis.pitt.edu
699,jewishencyclopedia.com
700,wab.edu
701,learning-org.com
702,intelligentbusiness.biz
703,nlg.gr
704,pockethorology.org
705,museum.ru
706,auctionslanguage.com
707,ohiolink.edu
708,merriam-webster.com
709,cwb.org
710,ovaprima.org
711,readnaturally.com
712,landsbokasafn.is
713,vangoghmuseum.nl
714,highscholarships.com
715,movingimage.us
716,friendsofthelibrarymacon.com
717,whitepages.com
718,nml.usc.edu
719,research.microsoft.com
720,wvnet.edu
721,library.utoronto.ca
722,psu.edu
723,journals.uchicago.edu
724,catalog.mbln.org
725,comp-soln.com
726,reunionannouncements.com
727,purdue.edu
728,uscg.mil
729,pta.org
730,txla.org
731,dyslexia.com
732,pantheon.org
733,stackoverflow.comask-dr-s.comexpertanswers.co.uk
734,talis.com
735,stumbleupon.com
736,mycoted.com
737,geographic.org
738,trichys.com
739,sdmaritime.org
740,ssc.uwo.ca
741,lib.uoguelph.ca
742,elcamino.cc.ca.us
743,ocm.org
744,spanishdict.comnumberingplans.com
745,childcarecanada.org
746,ied.edu.hk
747,olypen.com
748,archives.delaware.gov
749,engines4ed.org
750,biltmore.com
751,sims.berkeley.edu
752,filmland.com
753,tcrecord.org
754,nccer.org
755,thecjm.org
756,das.org.sg
757,sigkdd.org
758,friendssfpl.org
759,utoronto.ca
760,unionsquaresoftware.co.uk
761,nmcpr.state.nm.us
762,iperceptions.com
763,moreq2.eu
764,hrp.org.uk
765,science.howstuffworks.com
766,kansasheritage.org
767,gcv.org
768,encinitaslibfriends.org
769,library.iisc.ernet.in
770,pierce.ctc.edu
771,filipinaslibrary.org.ph
772,websaru.com
773,targit.com
774,educationjobs.com
775,ibhof.com
776,gallery.sjsu.edu
777,pdx.edu
778,plantlives.com
779,archimuse.com
780,semanticfocus.com
781,hcl.harvard.edutools.geofabrik.de
782,abcnews.go.com
783,spanish.about.com
784,capella.edu
785,knowledgehound.com
786,mch.govt.nz
787,semesteratsea.org
788,gcflearnfree.org
789,perotmuseum.org
790,pulizrecords.com
791,spokensanskrit.de
792,fcit.usf.edu
793,flowingmedia.com
794,dolls.dawsoncollege.qc.ca
795,cypresscollege.edu
796,oscars.org
797,chinesetools.eu
798,seoulchildrensmuseum.org
799,sedulia.blogs.com
800,onelook.com
801,excelsior.eduaeceo.ca
802,hamlinrobinson.org
803,americanliterature.com
804,etymonline.com
805,fle.fr
806,armachicago.org
807,patana.ac.th
808,bethlemheritage.org.uk
809,chaffey.edu
810,marbleskidsmuseum.org
811,flashcardmachine.com
812,nlai.ir
813,volocars.com
814,vivalib.orglibraries411.com
815,smithsonianofi.com
816,bucks11plus.co.uk
817,ed.gov
818,ficks.com
819,teachgeorgia.orgmath.usf.edu
820,uts.edu.au
821,library.hbs.edu
822,archives.alabama.gov
823,toinspire.com
824,kohlchildrensmuseum.org
825,elisiegelcollection.net
826,kysciencecenter.org
827,chitralekha.org
828,fmsasg.com
829,wbtsystems.com
830,thestoryoftexas.com
831,dundee.ac.uk
832,cse.buffalo.edu
833,guggenheim.orgthinkeryaustin.org
834,dawcl.com
835,archives.gov.on.ca
836,argus-acia.com
837,travelinlibrarian.info
838,cool-maps.blogspot.com
839,h41379.www4.hpe.com
840,bsatroop780.org
841,biggerplate.com
842,streetcar.org
843,https:
844,publicgardens.org
845,dlib.indiana.edu
846,sos.nh.gov
847,worldchristiandatabase.org
848,munchausen.org
849,nationaalarchief.nl
850,mc3consulting.com
851,craftmemorial.lib.wv.us
852,salemwitchmuseum.com
853,whitepages.com.au
854,amtbweb.org
855,arc.losrios.eduwdl.org
856,specialednews.com
857,cityoflufkin.com
858,cadburyworld.co.uk
859,goldenpages.be
860,princeton.edu
861,ahsl.arizona.edu
862,mellon.org
863,decisionpath.com
864,burkemuseum.org
865,rbhayes.org
866,qoia.wordpress.com
867,hpl.lib.tx.us
868,nfaipune.nic.in
869,oxfordlearnersdictionaries.com
870,thelatinlibrary.com
871,antiquemapdealers.comgeography.about.com
872,plagiarismcheckerx.com
873,lincolnlibraryandmuseum.com
874,britishschool.be
875,world-war-2.wikia.com
876,pritzkermilitary.org
877,testshop.com
878,folmc.org
879,nationalww2museum.org
880,murderpedia.org
881,jmw.at
882,milloz.comdavidrumsey.com
883,vanguardsw.com
884,hirshhorn.si.edu
885,oaklawnlibrary.org
886,epa.gov
887,maplibrary.csun.edu
888,hipkiss.org
889,studiesabroad.com
890,smartdefine.org
891,northstargallery.com
892,bmwusfactory.com
893,rachelmmurray.com
894,care2.comwingood.comflags.nationmaster.com
895,udel.edu
896,kidsquestmuseum.org
897,miraikan.jst.go.jp
898,soest.hawaii.eduliinwww.ira.uka.dediarysearch.co.uk
899,antique-horology.org
900,prigsbee.com
901,foml.org
902,wspa.net
903,anmm.gov.au
904,fitzmuseum.cam.ac.uk
905,library.vanderbilt.edu
906,museumofflight.org
907,access.gpo.gov
908,jiscinfonet.ac.uk
909,cyclepedia.com
910,webkb.org
911,asbj.com
912,historylink101.com
913,hsl.med.nyu.edu
914,jhu.edu
915,definitions.net
916,studygroup.com
917,dubidot.com
918,englishdiscourse.org
919,gulfcoast.edu
920,espn.comquotationring.netwisdom101.homestead.com
921,lumosity.com
922,tshof.org
923,studytips.org
924,bostonteapartyship.com
925,osmfoundation.org
926,archives.nysed.gov
927,richardphelps.net
928,encyclopk.com
929,wisconsinmaritime.org
930,oneliners-and-proverbs.com
931,caamuseum.org
932,cornell.edu
933,hillwatch.com
934,sims.monash.edu.au
935,lawrencehallofscience.org
936,gmac.com
937,towerdata.com
938,paperary.org
939,stanpope.net
940,literacytrust.org.uk
941,melissacook.com
942,umassonline.net
943,pixlogic.com
944,flvs.net
945,euratlas.com
946,rjgeib.com
947,vhec.org
948,sln.org
949,readingpublicmuseum.org
950,aiuniv.edu
951,nava.orgnewcriterion.comsacdelta.com
952,collectiveaccess.org
953,library.illinois.edu
954,thefriends.org
955,alison.com
956,lib.virginia.edu
957,ra.osmsurround.org
958,ridbc.org.au
959,awesomestories.com
960,feedtheminds.org
961,rockhall.com
962,commemorativeairforce.org
963,follettsoftware.com
964,people.ucalgary.ca
965,wisdomquotes.com
966,greatmuslimquotes.com
967,wcer.wisc.edu
968,productivity501.com
969,efios.com
970,mapcraft.nanodesu.ru
971,claytonlibraryfriends.org
972,tennapel.net
973,okfriends.net
974,discoverldi.com
975,lwmtechnology.com
976,kingcounty.gov
977,kshs.org
978,got2know.net
979,yorkshireairmuseum.org
980,nal.usda.gov
981,libweb.uoregon.edu
982,opencyc.org
983,lib.uchicago.edu
984,in3.dem.ist.utl.pt
985,davidknightwatchmaker.com
986,wordinfo.info
987,utahpta.org
988,wetmyhook.com
989,firstladies.org
990,lib.neu.edu
991,indiana.edu
992,horniman.ac.uk
993,inventoryops.com
994,dur.ac.uk
995,library.usgs.gov
996,cdr.org
997,whonamedit.com
998,nfsa.gov.au
999,findaseminar.com
1000,blackarchives.org
1001,novosolutions.com
1002,roadmaps.org
1003,desktop-quotes.com
1004,techlearning.com
1005,cs.brown.educs.tut.fi
1006,ourcivilisation.com
1007,ukquotations.co.uk
1008,wordsworth.org.uk
1009,mclibrary.duke.edu
1010,nlm.nih.gov
1011,lib.utexas.edu
1012,rand.org
1013,butte.edu
1014,conceptsearching.com
1015,www-personal.umich.edu
1016,mikes-steam-engines.co.uk
1017,flagfoundationofindia.inflaginstitute.org
1018,amity.edu
1019,britishmuseum.org
1020,archives.lib.iastate.edu
1021,designworlds.com
1022,cgi.snafu.de
1023,ultradevguru.com
1024,sacnas.org
1025,surfaquarium.com
1026,skyrme.com
1027,openmtbmap.org
1028,alaskateacher.org
1029,testaccountability.org
1030,info-arch.org
1031,dict.tu-chemnitz.de
1032,sendwisecards.com
1033,ectacenter.org
1034,christian-quotes.ochristian.com
1035,coshrc.org
1036,rogersreference.comprime-rhyme.com
1037,arcaini.com
1038,knowledgecompanyinc.com
1039,hetscheepvaartmuseum.nl
1040,typingagent.com
1041,icp.org
1042,techdirections.com
1043,bar.admin.ch
1044,rubistar.4teachers.org
1045,quiettimeswithgod.com
1046,creativityatwork.com
1047,simplerwork.com
1048,surreyknots.org.uk
1049,amlib.ch
1050,thegreatcourses.com
1051,magichouse.org
1052,taskblaster.tripod.com
1053,postalmuseum.si.edu
1054,libraryjournal.com
1055,rainbowresource.com
1056,physlink.com
1057,cegep-heritage.qc.ca
1058,ajet.org.au
1059,higheredjobs.com
1060,lib.unb.ca
1061,groups.yahoo.com
1062,lse.ac.uk
1063,rikai.com
1064,botanical.com
1065,jewishmuseum.cz
1066,symbios-witticism-page.com
1067,national.archives.gov.za
1068,caucus.com
1069,chateauversailles.fr
1070,navalaviationmuseum.org
1071,140online.com
1072,catalog.lib.cmich.edu
1073,wordskit.com
1074,preschoolrainbow.org
1075,dnwfriends.nzl.org
1076,librarylink.org.ph
1077,yourbabysname.com
1078,streetlookup.com
1079,sc.edu
1080,guides.library.cornell.edu
1081,sozluk.net
1082,georgiapta.org
1083,sdnhm.org
1084,modern-montessori.com
1085,herold.at
1086,comapping.com
1087,digitalfilmarchive.net
1088,library.bentley.edu
1089,sluggermuseum.com
1090,topicscape.com
1091,terc.edu
1092,citatum.org
1093,cord.org
1094,icu.ac.jp
1095,https:atlasgeo.net
1096,itergateway.orgcolfa.utsa.edu
1097,hadley.edu
1098,irieonline.com
1099,prefixsuffix.com
1100,grangerhomestead.org
1101,tutor.com
1102,stepintohistory.com
1103,library.hsc.usf.edu
1104,quotegarden.com
1105,history.idaho.gov
1106,worldtimeserver.co
1107,cie.asu.edu
1108,quotes-inspirational.com
1109,stanford.edu
1110,yellowpages.ca
1111,zenify.org
1112,libraryfriends.info
1113,chris-osm.blogspot.com
1114,anbg.gov.au
1115,empoweredquotes.com
1116,ncsu.edu
1117,aace.org
1118,milibrary.org
1119,missouristate.edu
1120,eudict.com
1121,paperspast.natlib.govt.nz
1122,academictips.orgpetroldirect.com
1123,brightplanet.com
1124,donquijote.org
1125,ischool.uw.edu
1126,museumjobs.com
1127,projectassistants.com
1128,mnhs.org
1129,flc.losrios.edu
1130,saskarchives.comnmai.si.edu
1131,musee-marine.fr
1132,bampfa.berkeley.edu
1133,iswc2003.semanticweb.org
1134,wehewehe.org
1135,my-time-machines.net
1136,questionpoint.org
1137,businessballs.com
1138,umich.edu
1139,geology.com
1140,transitioncoalition.org
1141,mosaic-consulting.com
1142,museum.state.il.us
1143,icrm.org
1144,anacostia.si.edu
1145,macte.org
1146,universalclass.com
1147,dorlands.com
1148,cfbhall.com
1149,zimmermuseum.org
1150,nl.go.kr
1151,cartoons.ac.ukwelch.jhmi.edu
1152,nu.edu
1153,denverartmuseum.org
1154,waldorfanswers.org
1155,whalingmuseum.org
1156,numberway.com
1157,library.si.edu
1158,yourlocal.ie
1159,animationarchive.org
1160,archivescanada.caarchivists.org
1161,aaftankmuseum.com
1162,topicmap.com
1163,cs.unc.edu
1164,nawcc-index.net
1165,benkapulko.com
1166,librarytechnology.org
1167,beinspiredeveryday.com
1168,nanl.gov.bd
1169,museumofplay.org
1170,quincycollegelibrary.org
1171,nngroup.comtoolbox.com
1172,gibyellow.gi
1173,westga.edu
1174,peacefulschoolsinternational.org
1175,claroline.net
1176,library.uvic.ca
1177,denali-partners.com
1178,ijedict.dec.uwi.edu
1179,ecolint.ch
1180,alcor.com.au
1181,leeds-faculty.colorado.edu
1182,studymode.com
1183,grcm.org
1184,priorywoods.middlesbrough.sch.uk
1185,brainbankinc.com
1186,iate.europa.euzthes.z3950.orgminkukel.com
1187,endeca.com
1188,marin.edu
1189,ceef.ca
1190,tlcdelivers.com
1191,binghamton.edu
1192,mindshifts.com.au
1193,plagiarismtoday.com
1194,digitalwa.statelib.wa.gov
1195,madametussauds.com
1196,lanther.co.uk
1197,ropesandpoles.blogspot.com
1198,getmotivation.com
1199,memidex.com
1200,sharing.com
1201,hummingbirded.com
1202,mongrelmedia.com
1203,gatech.edu
1204,bard.edu
1205,degreestosucceed.com
1206,daml.org
1207,ontotext.com
1208,teachers.net
1209,library.luhs.orgimcos.org
1210,tritrans.net
1211,kebnekajse.tripod.com
1212,ajhs.org
1213,deeshan.com
1214,soga.org
1215,preschoolcoloringbook.com
1216,linguee.com
1217,barstow.edu
1218,texthelp.com
1219,fwmuseum.org
1220,nationalmuseumofmexicanart.org
1221,watchmakingblog.com
1222,dlib.org
1223,eschoolnews.com
1224,eloquent-systems.com
1225,princetoncenter.com
1226,rebcole.tripod.com
1227,users.erols.com
1228,oup.comscholastic.com
1229,cibit.com
1230,autoworld.be
1231,dlist.sir.arizona.edu
1232,areacodelocations.info
1233,kmbook.com
1234,gkm-ekp.sourceforge.net
1235,playcentre.org.nz
1236,miamichildrensmuseum.org
1237,academicintegrity.org
1238,denverzinelibrary.org
1239,everytimezone.com
1240,www2.lib.virginia.edu
1241,davis.wpi.edu
1242,worldtimebuddy.com
1243,cci-icc.gc.ca
1244,cruxcreative.com
1245,mnemosyne-proj.org
1246,jung.sourceforge.net
1247,360training.com
1248,tsorg.combillives.typepad.com
1249,philaathenaeum.org
1250,pdma.org
1251,bdadyslexia.org.uk
1252,infed.org
1253,csbsju.edu
1254,chabotcollege.edu
1255,computer.org
1256,ecompex.com
1257,amnh.org
1258,pinpointlogic.com
1259,hoeckmann.de
1260,gateway.library.uiuc.edu
1261,cite-sciences.fr
1262,sirs.com
1263,skansen.se
1264,armahouston.org
1265,fopal.org
1266,handyfacts.com
1267,books.ai
1268,spotfire.tibco.com
1269,northlandz.com
1270,nist.ac.th
1271,k12jobs.com
1272,schnada.de
1273,writeexpress.com
1274,aaa.si.edu
1275,reforma.org
1276,whatifnot.blogspot.com
1277,ontoware.org
1278,dalet.com
1279,bidawiz.comcramshark.com
1280,ggplot2.org
1281,tvrail.com
1282,nypl.org
1283,ontology.buffalo.edu
1284,valuequotes.net
1285,fas.org
1286,appraisers.org
1287,nactei.org
1288,lhsa.lib.ed.ac.uk
1289,apps.sourceforge.netasia.si.edu
1290,ethnomath.org
1291,emerson.edu
1292,softpanorama.org
1293,omsi.edu
1294,sportsfish.com.au
1295,lib.uwo.ca
1296,isbndb.com
1297,iberry.com
1298,uregina.ca
1299,montessori-namta.org
1300,folger.edu
1301,ascd.org
1302,gdoss.com
1303,smm.org
1304,afi.com
1305,library.sbts.edu
1306,flmnh.ufl.edu
1307,totieatie.com
1308,nature.ca
1309,oberlin.edu
1310,mapsmarker.com
1311,montessori.org.nz
1312,worldstatesmen.org
1313,en.wiktionary.org
1314,rmiembassyus.org
1315,iskouk.org
1316,epochconverter.com
1317,learner.org
1318,loc.gov
1319,yanta.net
1320,maritime.org
1321,maoridictionary.co.nz
1322,educ.uvic.ca
1323,kyvl.org
1324,quaibranly.fr
1325,siracd.comcorsinet.com
1326,vikingeskibsmuseet.dk
1327,kmspace.blogspot.com
1328,ufl.edu
1329,gpsmid.sourceforge.net
1330,globemaster.de
1331,iiconservation.org
1332,awesomefishingknots.com
1333,wordexplorations.info
1334,exploration.org
1335,theregister.co.uk
1336,collectionscanada.gc.ca
1337,allkindsofminds.org
1338,acwm.org
1339,tpwd.texas.gov
1340,art-almanac.com.au
1341,swi-prolog.org
1342,logic.stanford.edu
1343,axismaps.com
1344,dhmo.org
1345,tutor2u.net
1346,odl.state.ok.us
1347,collaborate.com
1348,fieldmuseum.org
1349,hrc.utexas.edu
1350,liverpoolmuseums.org.ukweb-japan.org
1351,trade-school.org
1352,kenhamady.com
1353,sc.lib.byu.edu
1354,library.stanford.edu
1355,zis.ch
1356,opencortex.orgsemanticweb.com
1357,edperson.co.nz
1358,msfame.com
1359,ilrt.bris.ac.uk
1360,shdictionary.tripod.com
1361,nkp.cz
1362,copyscape.com
1363,netlingo.com
1364,chgs.umn.edu
1365,bbg.org
1366,aok.lib.umbc.edu
1367,arma.org
1368,abbeyclock.com
1369,archiveontario.com
1370,markamoment.com
1371,osmtools.de
1372,campustechnology.com
1373,arabamericanmuseum.org
1374,lib.ucdavis.edu
1375,web.library.yale.edu
1376,movinghistory.ac.uk
1377,nsarchive.gwu.edu
1378,nzdl.org
1379,cool.conservation-us.org
1380,switch2osm.org
1381,lib.uwaterloo.ca
1382,acronymsearch.com
1383,library.upenn.edu
1384,papers.ssrn.com
1385,clockmaker.co.uk
1386,acronymfinder.com
1387,cushing.library.tamu.edu
1388,kb.dk
1389,nctcog.org
1390,dmmdt.org
1391,louvre.fr
1392,scienceeducationreview.com
1393,aleph.mcgill.ca
1394,ublib.buffalo.edu
1395,library.case.edu
1396,addresses.com
1397,spiritual-quotes-to-live-by.com
1398,bestinspiration.com
1399,greggriffiths.org
1400,christianquote.com
1401,nnl.gov.np
1402,ceastudyabroad.com
1403,silentone.com
1404,hslic.unm.edu
1405,library.umass.edu
1406,aiu.edu
1407,contentology-blog.blogspot.com
1408,straitsknowledge.com
1409,theseunitedstates.com
1410,hersheyarchives.org
1411,filmakers.com
1412,fmg-www.cs.ucla.edu
1413,comminfo.rutgers.edu
1414,baclace.net
1415,aim25.ac.uk
1416,noweco.com
1417,ecollege.com
1418,newmuseum.org
1419,cuny.edu
1420,lincolntech.com
1421,erc.msstate.edu
1422,amle.org
1423,fish4fun.com
1424,jmberlin.de
1425,alchymie.typepad.com
1426,akgroup.com
1427,eteach.com
1428,molaa.org
1429,highscope.org
1430,ciee.org
1431,fi.edu
1432,library.mcgill.ca
1433,mylubbock.us
1434,libguides.humboldt.edu
1435,medicalarchives.jhmi.edu
1436,bennetyee.org
1437,ashmolean.org
1438,iknow.us.com
1439,education.yahoo.com
1440,sapphyr.net
1441,oldhouses.com
1442,teriin.org
1443,texasknot.tripod.com
1444,googlemapsmania.blogspot.com
1445,quotesoflove.org
1446,foundingfathers.info
1447,russian-tanks.com
1448,ech.case.edu
1449,studygs.net
1450,hepg.org
1451,languagehat.com
1452,library.puc.edu
1453,jucs.org
1454,liveperson.com
1455,wordcentral.com
1456,actfl.org
1457,cs.man.ac.uk
1458,archive.org
1459,pib.nic.in
1460,whitepages.ca
1461,iwm.org.uk
1462,tcm.phy.cam.ac.uk
1463,yellowpages.ae
1464,dictionary.cambridge.org
1465,retirement-quotes.com
1466,reasoninglab.com
1467,horizon.unc.edu
1468,dreamthisday.com
1469,nb.no
1470,teachwithmovies.org
1471,illinois.edu
1472,statref.com
1473,literactive.com
1474,tureng.com
1475,dfki.uni-kl.de
1476,speccoll.library.kent.edu
1477,countrylicious.com
1478,entovation.com
1479,parentsasteachers.org
1480,elsua.net
1481,nawcc.org
1482,megan915.tripod.com
1483,jac.cegep.opalsinfo.net
1484,thejewishmuseum.org
1485,indepthinfo.com
1486,novamind.com
1487,signbank.org
1488,marvin3m.com
1489,cradleofaviation.org
1490,orologeria.com
1491,linguamatics.com
1492,kairos.technorhetoric.net
1493,oomap.co.uk
1494,edgeltd.com
1495,listal.com
1496,jewishmuseum.org.uk
1497,columbia.edu
1498,warplane.com
1499,clearforest.com
1500,dictionary.law.com
1501,wipo.int
1502,samvak.tripod.com
1503,gfh.org.il
1504,utexas.edu
1505,members.tele2.nl
1506,bestiary.ca
1507,jarango.com
1508,insidehighered.com
1509,iscar.org
1510,theideabox.comnces.ed.gov
1511,openseamap.org
1512,planesoffame.org
1513,free-map.org.uk
1514,thinkmap.com
1515,timezonedistance.comamericanhistory.si.edu
1516,kmrg.itb.ac.id
1517,liverpoolmuseums.org.uk
1518,worldclock.com
1519,cc.gatech.edu
1520,sunshinecottage.org
1521,curious.astro.cornell.edu
1522,dys-add.com
1523,a-blast.org
1524,momat.go.jp
1525,quadrivialquandary.com
1526,quizstar.4teachers.org
1527,gallerysystems.com
1528,ceai.org
1529,miniaturemuseum.org
1530,newearthtime.netamericanhistory.si.edu
1531,lexialearning.com
1532,castlewales.com
1533,eureka.org.uk
1534,si.edu
1535,investorwords.com
1536,manuscripts.kb.nl
1537,zbmed.de
1538,processing.org
1539,zbw.eu
1540,mindmapsunleashed.com
1541,opendx.org
1542,jacksonbegg.com
1543,clintonfoundation.orgsol-plus.net
1544,richardwhiteclocks.co.uk
1545,prismintl.orgpatft.uspto.gov
1546,teachers-teachers.com
1547,edmentum.com
1548,worldcongress.mcmaster.ca
1549,armase.org
1550,macedonian-heritage.gr
1551,smiley963.tripod.com
1552,boondoggleman.com
1553,cerritos.edu
1554,infovis-wiki.net
1555,nationalarchives.gov.ukchu.cam.ac.uk
1556,mobymax.com
1557,louisville.edu
1558,gunwiki.net
1559,bigeyedowl.co.uk
1560,oregonmilitarymuseum.org
1561,coherencegroup.com
1562,how-to-study.com
1563,irmt.org
1564,muzeumlotnictwa.pl
1565,paci.com.au
1566,pacscl.org
1567,tomw.net.au
1568,pdcourses.net
1569,independent.co.uk
1570,desertmuseum.org
1571,fluuid.com
1572,garlikov.comuniversitiesnews.com
1573,edp-uk.com
1574,evergreenmuseum.org
1575,garshol.priv.no
1576,bostonathenaeum.org
1577,pagesjaunes-dz.comfindmemail.com
1578,fastcompany.comminddecider.com
1579,learningforward.org
1580,flags.net
1581,cis.edu.hk
1582,kaplan.com
1583,umich.edusyvum.com
1584,historicalkits.co.uk
1585,majortests.com
1586,ansp.org
1587,ndl.go.jp
1588,wwwis.win.tue.nl
1589,carriagemuseumlibrary.org
1590,rubryx.narod.ru
1591,scsdb.org
1592,lib.vt.edu
1593,cmssoft.co.uk
1594,schoolspring.com
1595,prod.library.utoronto.ca:8090
1596,avs.com
1597,aam-us.org
1598,nationalarchives.gov.uk
1599,dxm.org
1600,thedogisland.com
1601,athabascau.ca
1602,airequation.org
1603,heritage-flag.com
1604,123child.com
1605,freemailguide.com
1606,www5d.biglobe.ne.jp
1607,nationallibrary.bg
1608,lsiconsultants.com
1609,unc.edu
1610,socialstudies.org
1611,hiller.org
1612,ki-network.org
1613,ifla.org
1614,worldskills.org
1615,ontolog.cim3.net
1616,cdncouncilarchives.ca
1617,earthwindfire.tripod.com
1618,mit.edu
1619,tsdeaf.org
1620,topquadrant.com
1621,antimoon.com
1622,europeana.eu
1623,ayes.org
1624,josm.openstreetmap.de
1625,bossdisplay.com
1626,iisg.nl
1627,ontariosciencecentre.ca
1628,ashworthcollege.edu
1629,switchboard.com
1630,dmns.org
1631,socialarchitect.typepad.com
1632,ivy.com
1633,mechanicschools.com
1634,archives.nd.edu
1635,medlib.bu.edu
1636,infotoday.com
1637,quotations.about.com
1638,ucla.edu
1639,capta.org
1640,teachinflorida.com
1641,boatsafe.com
1642,naa.gov.au
1643,econpapers.repec.org
1644,thegreathunger.org
1645,maryrose.org
1646,ideum.com
1647,quoteopia.com
1648,ils.unc.edu
1649,natlib.govt.nz
1650,public.bscw.de
1651,yoarra.nl
1652,chicagohistory.org
1653,casmuseum.techno-science.ca
1654,periscopic.com
1655,artgallery.nsw.gov.au
1656,brooklynkids.org
1657,dkms.com
1658,virtualsalt.com
1659,perpetualpreschool.com
1660,learnspanishtoday.com
1661,spacetimeinsight.com
1662,bedfordfriends.com
1663,metmuseum.org
1664,svivot.com
1665,theportico.org.uk
1666,maplovers.tribe.net
1667,working-minds.com
1668,marxtoymuseum.com
1669,steptwo.com.au
1670,rmk-museum.org.tr
1671,lefbooks.org
1672,balfour.com
1673,leidenuniv.nl
1674,asij.ac.jp
1675,km.aifb.kit.edu
1676,quotationcollection.com
1677,britishgolfmuseum.co.uk
1678,apeuropeanlahs.org
1679,bera.org
1680,lakeshorelearning.com
1681,bc.edu
1682,sil.si.edu
1683,appliedsemantics.com
1684,mysticseaport.org
1685,abilenetx.com
1686,openstreetmap.info
1687,nhm-wien.ac.at
1688,chickscope.beckman.uiuc.edu
1689,lnb.lv
1690,aaicu.org
1691,supermemo.com
1692,informationdesign.org
1693,nms.ac.uk
1694,piction.com
1695,dict.longdo.com
1696,recordsolutions.ca
1697,mos.org
1698,pi-eta.com
1699,inspirationstation.info
1700,ualberta.ca
1701,onlineslangdictionary.com
1702,albany.edu
1703,berkeley.edu
1704,guides.mysapl.org
1705,pdkintl.org
1706,encyclopediaofukraine.com
1707,litandphil.org.uk
1708,timeanddate.com
1709,misericords.co.uk
1710,cipher-sys.com
1711,durangotrain.com
1712,cla.csulb.edu
1713,emilydickinsonmuseum.org
1714,uneeducationpourdemain.org
1715,discoverygateway.org
1716,socialhistory.org
1717,software.wise-guys.nl
1718,sirsidynix.com
1719,knowab.co.uk
1720,flightmuseum.com
1721,quizhub.com
1722,igktpab.org
1723,brighton.ac.uk
1724,act.org
1725,cerebyte.com
1726,ecebc.ca
1727,sos.tn.gov
1728,academic-conferences.org
1729,bishopsgate.org.uk
1730,neh.gov
1731,myaccountingcourse.com
1732,vifprogram.com
1733,mresource.com
1734,jmaw.orgcoolquotes.com
1735,asimn.org
1736,auburn.edu
1737,jobs.ac.uk
1738,theicm.org
1739,childrensmuseums.org
1740,adt.caul.edu.au
1741,yellowpagecity.com
1742,childrenslibrary.org
1743,wyoarchives.state.wy.us
1744,animaljr.com
1745,kmworld.com
1746,defense.gov
1747,ash.nl
1748,tacit.com
1749,waldorflibrary.org
1750,artcom.com
1751,mesa.rrzn.uni-hannover.dealumni.net
1752,bham.ac.uk
1753,yadvashem.org
1754,groups.google.com
1755,hsls.pitt.edu
1756,hermitagemuseum.org
1757,muarchives.missouri.edu
1758,experts-exchange.com
1759,liinwww.ira.uka.de
1760,mfa.org
1761,teacherease.com
1762,cotting.org
1763,oac.cdlib.org
1764,rsdeaf.org
1765,411.info
1766,flagsaustralia.com.au
1767,tiehow.comigktnab.org
1768,paper2digitaldisk.ca
1769,neworleansonline.com
1770,montessoriconnections.com
1771,library.ualberta.ca
1772,mathworld.wolfram.com
1773,amianet.org
1774,avi.alkalay.net
1775,wordthink.com
1776,tamu.edu
1777,citizensformarylandlibraries.org
1778,marktsinfoblog.blogspot.com
1779,ateliera.dk
1780,publiclibraries.com
1781,eiteljorg.org
1782,ieee-icsc.org
1783,nationalmuseums.org.uk
1784,icsaddis.edu.et
1785,theblackarchives.orglibrary.uml.edu
1786,megaputer.com
1787,mannlib.cornell.edu
1788,wienerlibrary.co.uk
1789,almanac.combaseball-almanac.comopen-video.org
1790,timetemperature.com
1791,webopedia.com
1792,patricia_f.tripod.com
1793,nlp.gov.pk
1794,irm.org
1795,physics.nist.gov
1796,idelaboratoriet.com
1797,acoustiguide.com
1798,lucy.ukc.ac.uk
1799,edletter.org
1800,usslexington.com
1801,sunsite.berkeley.edu
1802,indianamuseum.org
1803,managementfirst.com
1804,education.nationalgeographic.com
1805,hsc.csu.edu.au
1806,ushmm.org
1807,xmind.net
1808,ontopia.net
1809,we-q.net
1810,sln.suny.edu
1811,goodreads.com
1812,adaptive.com
1813,upperroom.org
1814,reference.bahai.org
1815,svs.gsfc.nasa.gov
1816,dspace.org
1817,uchicago.edu
1818,gov.mb.ca
1819,muller-godschalk.com
1820,angellearning.com
1821,accessible.com
1822,museumsusa.org
1823,derbymuseum.org
1824,acbsp.org
1825,wiki.openstreetmap.org
1826,eboard.com
1827,theperspectivesofnietzsche.com
1828,nirma.org
1829,louisrosenfeld.com
1830,achp.gov
1831,shabdkosh.com
1832,chris-kimble.com
1833,mcm.orgnmai.si.edu
1834,special.lib.umn.edu
1835,schooloutfitters.com
1836,teachingtime.co.uk
1837,apexlearning.com
1838,blog.jackvinson.com
1839,citeulike.org
1840,learning.media.mit.edu
1841,platypuswiki.sourceforge.net
1842,cikm.org
1843,gla.ac.uk
1844,ldoceonline.com
1845,hhof.com
1846,ntl.bts.gov
1847,inspirational-quotes-hq.com
1848,geoguessr.com
1849,intrepidmuseum.org
1850,freefamousquotes.net
1851,beingmeta.com
1852,fly.hiwaay.net
1853,cinema.ucla.edu
1854,libguides.uky.edu
1855,km.aifb.uni-karlsruhe.de
1856,cah.utexas.edu
1857,vam.ac.uk
1858,gov.pe.ca
1859,sunsite.informatik.rwth-aachen.de
1860,ssis-suzhou.net
1861,uclue.com
1862,pool.ntp.org
1863,theaa.com
1864,webarchive.org.uk
1865,lapshin.org
1866,tcd.ie
1867,slsa.sa.gov.au
1868,ajmuseum.tusculum.edu
1869,npcglib.org
1870,noyemi.com
1871,ncrve.berkeley.edutanknutdave.com
1872,pa-educator.net
1873,bo.astro.it
1874,ggobi.org
1875,coudal.com
1876,landmark.edu
1877,netstate.com
1878,wsulibs.wsu.edu
1879,historical.mytopo.com
1880,cs.waikato.ac.nz
1881,webapp1.dlib.indiana.edu
1882,realizationsystems.com
1883,americancouncils.org
1884,jstart.org
1885,esldesk.com
1886,learningplanet.com
1887,foia.cia.gov
1888,jmp.com
1889,acronyms.ch
1890,nmwa.org
1891,latestngreatest.net
1892,iahp.org
1893,mjhnyc.org
1894,cs.cofc.edu
1895,quotesu.com
1896,users.globalnet.co.uk
1897,lbjlibrary.org
1898,raggedyann-museum.org
1899,artsmidwest.org
1900,tieonline.com
1901,acswasc.org
1902,ciera.org
1903,darwinmuseum.ru
1904,pathlights.com
1905,perceptualedge.com
1906,us-analytics.com
1907,rusmuseum.ru
1908,australianmuseum.net.au
1909,sylviamilne.co.ukfriendsoflafayettelibrary.org
1910,library.kent.edu
1911,bodleian.ox.ac.uk
1912,parc.com
1913,ptahhotep.com
1914,nas.gov.sg
1915,ikms.org
1916,localprojects.net
1917,sti2.org
1918,glenbow.org
1919,nucat.library.northwestern.edu
1920,kmi.open.ac.uk
1921,abbreviations.com
1922,iupui.edu
1923,countyrecords.com
1924,thirteen.org
1925,smis.ac.jp
1926,texasalmanac.com
1927,nlrk.kz
1928,libs.uga.edu
1929,mn.intel.free.fr
1930,uwcsea.edu.sgarts.monash.edu.au
1931,islandnet.com
1932,patriotspoint.org
1933,providenceathenaeum.org
1934,examsoft.com
1935,knowledgepoint.com.au
1936,mind42.com
1937,thebunnymuseum.com
1938,udacity.com
1939,bush41.org
1940,fola.org.au
1941,openstreetmap.org
1942,ldonline.org
1943,open.ac.uk
1944,tyndale.cam.ac.uk
1945,lib.uiowa.edu
1946,washingtonhistory.org
1947,dexknows.com
1948,infinn.com
1949,mobiusspokane.org
1950,susanbanthonyhouse.org
1951,members.tripod.comascensiongateway.com
1952,delta-intkey.com
1953,commons.wvc.edu
1954,worldrecordchase.comfai.org
1955,kb.nl
1956,thedoseum.org
1957,railmuseums.com
1958,fno.org
1959,cis.drexel.edu
1960,quotelady.com
1961,aerofiles.com
1962,sit.edu
1963,howtocallabroad.com
1964,thevantagepoint.com
1965,smartech.gatech.edu
1966,friendsofmainelibraries.org
1967,americanjewisharchives.org
1968,ics.forth.gr
1969,carsandracingstuff.com
1970,ivc.edu
1971,tie-necktie-video.com
1972,commence.com
1973,nrm.org.uk
1974,gplc.org
1975,deltakappagamma.org
1976,sylviamilne.co.ukjimmycarterlibrary.gov
1977,bl.uk
1978,eric.ed.gov
1979,sayingsforchurchsigns.com
1980,worldclassarena.org
1981,fokl.net
1982,opencagedata.com
1983,casa.ucl.ac.uk
1984,users.belgacom.net
1985,bankofcanada.ca
1986,edu-cyberpg.com
1987,pacificsciencecenter.org
1988,childrensmuseumofphoenix.org
1989,dhammawiki.com
1990,fusion2004.foi.se
1991,truman.edusldirectory.comspeccoll.library.arizona.edu
1992,gradeconnect.com
1993,pcf.city.hiroshima.jp
1994,wtng.info
1995,allreaders.com
1996,childrensmuseum.org
1997,midatlanticarts.org
1998,start.epcc.edu
1999,montessoritraining.net
2000,great-ideas.org
2001,ecu.edu
2002,library.ubc.ca
2003,fairuse.stanford.edu
2004,cave.org.vt.edupark.org
2005,drms.org
2006,kesoftware.com
2007,researcharchive.calacademy.org
2008,ellia.orgnoodletools.com
2009,canto.com
2010,quotery.com
2011,christian-wisdom.com
2012,huntington.org
2013,georgewbushlibrary.gov
2014,sa.dk
2015,bpubs.com
2016,firstbook.org
2017,nlj.gov.jm
2018,nli.ie
2019,jfklibrary.org
2020,dupagechildrens.org
2021,canada411.ca
2022,marketingterms.com
2023,spacelivemine.wordpress.com
2024,timenow.msk.ru
2025,caltech.edu
2026,genochoice.com
2027,query.nytimes.com
2028,worldinfozone.com
2029,mgtaylor.com
2030,enterprise-architecture.info
2031,sakaiproject.org
2032,linkeddatatools.com
2033,imperial.edu
2034,centrifugesystems.com
2035,mrdashboard.com
2036,vintagewatchresources.com
2037,deutschakademie.de
2038,mapsofindia.com
2039,uwaterloo.ca
2040,trussel.com
2041,imdb.com
2042,wordmap.com
2043,crooklib.org
2044,rhymezone.com
2045,royalbcmuseum.bc.ca
2046,historicalseaport.org
2047,northeastohiomuseums.org
2048,tie-a-tie.net
2049,cos.edu
2050,thebrain.comisi.edu
2051,guruquotes.wordpress.com
2052,nixor.co.uk
2053,oua.ox.ac.uk
2054,eaglehill.school
2055,en.wikipedia.org
2056,osv.org
2057,lynda.com
2058,learning-styles-online.com
2059,yellowpages-uae.com
2060,phoenix.edu
2061,users.tinyonline.co.uk
2062,edgate.com
2063,digital-library.csun.edu
2064,library.ucr.edu
2065,walrus.wr.usgs.gov
2066,rsl.ru
2067,barbri.com
2068,bletchleypark.org.uk
2069,indianmontessoricentre.org
2070,umdl.umich.edu
2071,ed.ac.uk
2072,yellowpages.com.eg
2073,imus.co.uk
2074,library.uams.edu
2075,hcl.harvard.edu
2076,mindmappingsoftwareblog.com
2077,tla.surly.org
2078,museumoncommunism.org
2079,ratemyprofessors.com
2080,cprr.org
2081,nedcc.org
2082,clir.org
2083,sacred-magick.com
2084,slate.com
2085,lnb.lt
2086,worldtimezone.com
2087,iser.com
2088,ets.org
2089,acteonline.org
2090,ofai.at
2091,majstro.com
2092,wisdom.mondocolorado.orgchiasmus.comalteriseculo.com
2093,visokio.com
2094,macmillandictionary.com
2095,jh-01.com
2096,center.edu
2097,empolis.com
2098,archives.syr.edu
2099,freud.org.uk
2100,royalacademy.org.uk
2101,siumed.edu
2102,mappa-mercia.org
2103,surveyhistory.org
2104,dyslexiaaction.org.uk
2105,acm.org.sg
2106,iesabroad.org
2107,triz40.com
2108,texasbassfishing.com
2109,tuj.ac.jp
2110,montessori-ami.org
2111,catalogue.banq.qc.ca
2112,chicagochildrensmuseum.org
2113,washingtonpost.com
2114,sankey-diagrams.com
2115,boonshoftmuseum.org
2116,csu.edu.au
2117,allflags.org
2118,eidosmedia.com
2119,marshlibrary.ie
2120,koreanfolk.co.kr
2121,filmarchive.org.nz
2122,msl.library.tamu.edu
2123,library.fullcoll.edu
2124,acronym-guide.com
2125,famousquotes.me.uk
2126,newportmansions.org
2127,dougengelbart.org
2128,lib.umich.edu
2129,special.lib.uci.edu
2130,ucsb.edu
2131,americanlibraryinparis.org
2132,pennfoster.edu
2133,indianpueblo.org
2134,saschina.org
2135,techterms.com
2136,dtreg.com
2137,realestatewiki.com
2138,gjenvick.com
2139,bn.org.pl
2140,americanhistory.si.edu
2141,citationmachine.net
2142,gmap-pedometer.com
2143,worldwidewords.org
2144,aslib.com
2145,teleread.com
2146,umap.openstreetmap.fr
2147,slovnik.cz
2148,lotusmagic.tripod.com
2149,naeyc.org
2150,ucdavis.edu
2151,library.wisc.edu
2152,tc.eserver.org
2153,josepbosch.net
2154,digital.library.pitt.edu
2155,e-wix.com
2156,texasmilitaryforcesmuseum.org
2157,libraries.rutgers.edu
2158,sfheart.com
2159,africa.si.edu
2160,aacc.edu
2161,librarycompany.org
2162,w3.org
2163,tmn.com
2164,idea-online.org
2165,eqms.co.uk
2166,chronicle.com
2167,ideas508.com
2168,mathematicsdictionary.com
2169,cultura.adcatalog.loc.gov
2170,wcpl.lib.wv.us
2171,conservation-us.org
2172,villagelearningplace.org
2173,zzeem.com
2174,dublincore.org
2175,italylogue.com
2176,fraseracademy.ca
2177,nactem.ac.uk
2178,ceetron.com
2179,bu.edu
2180,kikm.org
2181,nationalarchives.nic.in
2182,libweb.slcc.edu
2183,notable-quotes.com
2184,gnaritas.com
2185,theatlantic.com
2186,sciencemuseum.org.uk
2187,rediscov.com
2188,visalietuva.lt
2189,rm.com
2190,wincite.com
2191,dyslexic.com
2192,rutgers.edu
2193,ibiblio.org
2194,janm.org
2195,ox.ac.uk
2196,mindapp.com
2197,www-map.lib.umn.edu
2198,patoss-dyslexia.orgcareertrainingdirectory.com
2199,mindjet.com
2200,hshsl.umaryland.edu
2201,freedomcenter.org
2202,arkansaspta.org
2203,lib.umn.edu
2204,jm-hohenems.at
2205,google.com
2206,sitescape.com
2207,jobsineducation.com
2208,amistadresearchcenter.org
2209,spoorwegmuseum.nl
2210,knowledge-communication.org
2211,npg.org.uk
2212,justice.gov
2213,natmus.dk
2214,royalarmouries.org
2215,ets.berkeley.edu
2216,wellcomelibrary.org
2217,oohara.mt.tama.hosei.ac.jp
2218,isb.be
2219,autonomy.com
2220,park.lib.wv.us
2221,kmci.orgki2004.uni-ulm.de
2222,sfm.org
2223,inspiration.com
2224,enature.com
2225,activitypad.com
2226,ccel.org
2227,web.gseis.ucla.edu
2228,km4dev.org
2229,hearstcastle.org
2230,lexicool.com
2231,sfmoma.org
2232,thechildrensmuseum.org
2233,alexandria.ucsb.edu
2234,retaininternational.com
2235,equilibrium.com
2236,systematicsinc.com
2237,post16educator.org.uk
2238,cmu.edu
2239,independentsector.org
2240,nationalarchives.ie
2241,codecan.org
2242,livinglifefully.com
2243,fowler.ucla.edu
2244,sciencebuddies.org
2245,aacu.org
2246,tate.org.uk
2247,vitalrecordsprotection.org
2248,mapforum.com
2249,alphabet-soup.net
2250,ucl.ac.ukboxesandarrows.com
2251,allwrightsite.networldofinspiration.com
2252,klariti.com
2253,archives.gov
2254,nb.rs
2255,citeseer.ist.psu.edu
2256,bowlingmuseum.com
2257,usac.unr.edu
2258,lpcube.comeprints.biblio.unitn.it
2259,deanza.fhda.edu
2260,cdmfun.org
2261,mothergoose.com
2262,anthropology.si.edu
2263,rhymit.com
2264,blog.mathemagenic.comsiskiyous.edu
2265,c-mor.org
2266,asis.org
2267,mcgill.ca
2268,cofchrist.org
2269,datawatch.com
2270,infosphere.se
2271,waldenu.edu
2272,bishopmuseum.org
2273,jae.adventist.org
2274,csuchico.edu
2275,museum.wa.gov.au
2276,sjohistoriska.se
2277,discoveryeducation.combusinesscasestudies.co.uk
2278,volleyhall.org
2279,diverseeducation.comnyspta.org
2280,contemporaryfootage.com
2281,writersalmanac.orgmembers.tripod.com
2282,hiddenlab.orglogisticsworld.com
2283,library.missouristate.edu
2284,thealmanack.com
2285,religioustolerance.org
2286,nebraskahistory.org
2287,trade-schools.net
2288,nybass.comscoutingresources.org.uk
2289,freepint.com
2290,lacma.org
2291,careertech.org
2292,thephonebook.bt.com
2293,flagpedia.net
2294,collegeboard.org
2295,inspirational-quotes-and-quotations.com
2296,mcdermottconsulting.com
2297,chris-kimble.comdonau-uni.ac.at
2298,fullerbaptist.org.uk
2299,sern.ucalgary.ca
2300,nihlibrary.nih.gov
2301,lib.utexas.edusatellite-sightseer.com
2302,cabre.co.uk
2303,archiefnet.nl
2304,biocyclopedia.com
2305,infodesign.com.au
2306,vasc.org
2307,deutsches-museum.de
2308,paulreverehouse.org
2309,kb.se
2310,4tests.com
2311,imaginatik.com
2312,businessintelligence.com
2313,archives.upenn.edu
2314,education-jobs.co.uk
2315,lsac.org
2316,motivateus.com
2317,mnemonicdictionary.com
2318,free-ed.net
2319,penelitianhukum.com
2320,liquidknowledgegroup.com
2321,parshift.comtlainc.com
2322,teachingstrategies.com
2323,themargins.net
2324,thebrain.comrecommind.com
2325,waml.org
2326,cougartown.com
2327,oclc.org
2328,w2.eff.org
2329,nls.uk
2330,lerdell.com
2331,cs.virginia.edu
2332,refworks.com
2333,theicrc.org
2334,encyclopediavirginia.org
2335,autrevie.com
2336,acousticdigest.tripod.com
2337,ridgian.co.uk
2338,historymuseum.ca
2339,brooklynmuseum.org
2340,lib.mnsu.edu
2341,readwriteact.org
2342,spymuseum.org
2343,bh.org.il
2344,china.org.cn
2345,wisc.edu
2346,southernteachers.com
2347,sjtu.edu.cn
2348,xanalys.com
2349,worldwide.edu
2350,teachthechildrenwell.com
2351,upscale.utoronto.ca
2352,sparkscience.ca
2353,naht.org.uk
2354,nationalfootballmuseum.com
2355,word-detective.com
2356,cluster-text.com
2357,wordnik.com
2358,wordexplorations.comchinese-tools.com
2359,tas.edu.tw
2360,webexhibits.org
2361,researchhistory.org
2362,warmuseum.ca
2363,heasarc.gsfc.nasa.gov
2364,2transformbusiness.com
2365,solonline.org
2366,worldwidelearn.com
2367,barnonedrinks.cominnvista.com
2368,directedcreativity.com
2369,iflibrary.org.uk
2370,douglasfairbanks.wordpress.com
2371,joyjobs.com
2372,senteacher.org
2373,carmel.lib.in.us
2374,learningstyles.net
2375,ndltd.org
2376,theodora.com
2377,merlot.org
2378,gameo.org
2379,jmemorize.org
2380,adobe.com
2381,ccnmtl.columbia.edu
2382,freeplane.org
2383,overpass-api.de
2384,nytimes.com
2385,linenhall.com
2386,nbuv.gov.ua
2387,dyslexia.ie
2388,mtsu.edu
2389,dspace.mit.edu
2390,mohistory.org
2391,ncld.org
2392,sldc.net
2393,controlledvocabulary.com
2394,yellowpages.com
2395,encyclopedia.chicagohistory.org
2396,dune.wikia.com
2397,inspirational-quotes.info
2398,smu.edu
2399,192.com
2400,noblenet.org
2401,historicdockyard.co.uk
2402,ctb.com
2403,skillsusa.org
2404,anderson.ucla.edu
2405,fsdb.k12.fl.us
2406,zip-area.com
2407,iwm.org.ukaaslh.org
2408,filehold.com
2409,dret.net
2410,usa-flag-site.org
2411,vdict.com
2412,routino.org
2413,googlegeodevelopers.blogspot.com
2414,susdl.fcla.edu
2415,uearchitect.com
2416,knowledgematters.com
2417,tes.co.uk
2418,ourclassonline.com
2419,educationdive.com
2420,airzoo.org
2421,tieknot.com
2422,wvculture.org
2423,dtic.mil
2424,rbsc.princeton.edu
2425,vis.computer.org
2426,andromeda.rutgers.edu
2427,romeschools.org
2428,anthologyfilmarchives.org
2429,betaclub.org
2430,peakware.com
2431,memory.loc.gov
2432,dltk-kids.com
2433,americanantiquarian.org
2434,factorfinder.com
2435,farmersalmanac.com
2436,airandspace.si.edu
2437,jiskha.com
2438,enterpriseknowledge.com.au
2439,credibility.stanford.edu
2440,libraries.psu.edu
2441,annecarlsen.org
2442,lingo2word.com
2443,ae.osmsurround.org
2444,semanticarts.com
2445,abcteach.com
2446,urkund.com
2447,ischool.utoronto.ca
2448,tmapi.org
2449,faithofthefatherssaintquote.blogspot.com
2450,encyclopediaofmath.org
2451,cisvusa.org
2452,goabroad.com
2453,rom.on.ca
2454,teacherlibrarian.com
2455,phrases.org.uk
2456,angelsattic.com
2457,virtualsources.com
2458,allareacodes.com
2459,wilderdom.com
2460,jeff-net.com
2461,inclusion.com
2462,atozkidsstuff.com
2463,johnson.library.cornell.edu
2464,formanschool.org
2465,infomap.com
2466,foldoc.org
2467,bushcenter.org
2468,gallerymanager.com
2469,woodrowwilson.org
2470,ucl.ac.uk
2471,tennisfame.com
2472,public.iastate.edu
2473,museummarket.com
2474,verbivore.com
2475,techdictionary.com
2476,semantic-web.at
2477,avko.org
2478,awesomelibrary.org
2479,public.asu.edu
2480,vpnavy.com
2481,yis.ac.jp
2482,osmose.openstreetmap.fr
2483,vaniercollege.qc.ca
2484,home.earthlink.net
2485,infoloom.com
2486,dutch-museums.klup.info
2487,nmsd.k12.nm.us
2488,ccsf.edu
2489,ncpedia.org
2490,threes.com
2491,clues.concordia.ca
2492,savvytime.com
2493,swarthmore.edu
2494,memory.uva.nl
2495,homeworknow.com
2496,minisisinc.com
2497,claraview.com
2498,cilip.org.uk
2499,gephi.org
2500,history.org
2501,lib.auburn.edu
2502,grpm.org
2503,studyabroad.com
2504,cam.ac.uk
2505,dartmouth.edu
2506,museumland.netmonticello.org
2507,mcdermottassociates.co.uk
2508,memorialdelashoah.org
2509,us.yoshioris.com
2510,aaai.org
2511,preservationnation.org
2512,wmich.edu
2513,ocw.mit.edu
2514,info-arch.jp
2515,sandiegoairandspace.org
2516,crossref.org
2517,haplr-index.com
2518,khake.com
2519,aworkingmind.com
2520,pimaair.org
2521,hometownlocator.com
2522,library.northwestern.edu
2523,citytowninfo.com
2524,useful-information.info
2525,ernestbramah.com
2526,kdd.ics.uci.edu
2527,time.is
2528,denham.typepad.com
2529,bsk.edu.kw
2530,ironya.com
2531,wordreference.com
2532,cs.utexas.eduperceptivesoftware.com
2533,concord.org
2534,museumsassociation.org
2535,teachertidbytes.com
2536,girlscoutsofpaloalto.orgties.com
2537,sedl.org
2538,ischool.utexas.edu
2539,bluesanatomy.blogspot.com
2540,trackstar.4teachers.org
2541,maam.org
2542,nlib.ee
2543,lts.brandeis.edu
2544,lsc.org
2545,nlb.by
2546,ngv.vic.gov.au
2547,videofishingknots.com
2548,lib74123.usask.ca
2549,nuk.uni-lj.si
2550,warbirdsresourcegroup.org
2551,proquestk12.com
2552,bigmapblog.com
2553,sdhoc.com
2554,thrall.org
2555,sysdocgroup.com
2556,library.rice.edu
2557,landmarkschool.org
2558,afghan-web.com
2559,library.nau.edu
2560,uk.map24.com
2561,mapkibera.org
2562,sorach.com
2563,thedockyard.co.uk
2564,ontologyportal.org
2565,aucegypt.edu
2566,educationworld.com
2567,nb.admin.ch
2568,nationalmuseum.af.mil
2569,stuartbruce.net
2570,deakin.edu.au
2571,sourceforge.net
2572,100yearsofcoconuts.co.uk
2573,ecwise.com
2574,rekihaku.ac.jp
2575,iacet.org
2576,circusworldbaraboo.org
2577,brint.org
2578,zip-codes.com
2579,investopedia.com
2580,ddaymuseum.co.uk
2581,polin.pl
2582,spiritual-quotes.org
2583,library.ca.gov
2584,uwdc.library.wisc.edu
2585,faujsa.fau.edu
2586,wannalearn.com
2587,bibsonomy.org
2588,infoark.co.uk
2589,bostonchildrensmuseum.org
2590,fvza.org
2591,translatum.gr
2592,educationnews.org
2593,lane.stanford.edu
2594,annefrank.org
2595,oum.ox.ac.uk
2596,docsouth.unc.edu
2597,lahc.cc.ca.us
2598,knowledge-concepts.com
2599,museumnews.net
2600,beinecke.library.yale.edu
2601,marshall.usc.edu
2602,speechtx.com
2603,darton.edu
2604,joglab.com
2605,americandialect.org
2606,theelearningcoach.com
2607,infovisual.info
2608,cainelearning.com
2609,commtechlab.msu.edu
2610,lacitycollege.edu
2611,galter.northwestern.edu
2612,geoffreysknots.co.uk
2613,maposmatic.org
2614,seriti.net
2615,thethinkingbusiness.com
2616,cambridgelsat.com
2617,urbandictionary.com
2618,cdlib.org
2619,transgenderarchives.uvic.ca
2620,mso.anu.edu.au
2621,borail.org
2622,culture24.org.uk
2623,prime2.org
2624,fohl.hobokeni.com
2625,wentworth.nsw.gov.au
2626,mlk-kpp01.stanford.edu
2627,howeverythingworks.org
2628,eurocris.org
2629,owll.massey.ac.nz
2630,web.mit.edu
2631,cmap.ihmc.us
2632,museumstuff.com
2633,blogs.setonhill.edu
2634,madsci.org
2635,osm-wms.de
2636,library.gov.bt
2637,pareonline.netcerra.org
2638,whatis.techtarget.com
2639,copyright.com
2640,yourjewishfairygodmother.com
2641,jesonline.org
2642,nwhm.org
2643,literacycenter.net
2644,skepdic.com
2645,ideationtriz.com
2646,psupress.org
2647,princetonreview.com
2648,teamspace.com
2649,news.bbc.co.uk
2650,glossary.oilfield.slb.com
2651,interglot.com
2652,harvard.edu
2653,school.discoveryeducation.com
2654,izaak.unh.edu
2655,cisti-icist.nrc-cnrc.gc.ca
2656,katinkahesselink.net
2657,isr.bucknell.edu
2658,proteacher.com
2659,wcftr.commarts.wisc.edu
2660,rism.ac.th
2661,happypublishing.com
2662,mnasa.org
2663,biblio.hiu.cas.cz
2664,perseus.tufts.edu
2665,french-linguistics.co.uk
2666,nuggethunter.de
2667,literacyworldwide.org
2668,objectivehappiness.com
2669,arcmusic.org
2670,nh.gov
2671,archives.ie
2672,glossary.computing.society.informs.org
2673,aisj-jhb.com
2674,library.ucsf.edu
2675,competia.com
2676,teacherplace.net
2677,stats.oecd.org
2678,translate.ge
2679,zei2257.com
2680,gosm.sourceforge.net
2681,sos.ca.gov
2682,cleanpix.com
2683,censusfinder.com
2684,clubofamsterdam.com
2685,sciencedirect.com
2686,bashof.org
2687,delamare.unr.edu
2688,proni.gov.uk
2689,iccrom.org
2690,readingonline.org
2691,bentley.umich.edu
2692,dict.cc
2693,doctorbrain.tripod.com
2694,questia.com
2695,reacheverychild.com
2696,smartanalyst.com
2697,computerclubhouse.org
2698,online.stanford.edu
2699,nyhistory.org
2700,amshq.org
2701,bryantmuseum.com
2702,akhet.co.uk
2703,medilexicon.com
2704,mindcooker.com
2705,memory.loc.govgeorgiaencyclopedia.org
2706,plagiarismchecker.com
2707,cfo.com
2708,educationamerica.net
2709,angelfire.com
2710,mappinghistory.uoregon.edu
2711,taxonomywarehouse.com
2712,graphic.org
2713,allabouttheflag.tripod.com
2714,inspirationsyndication.com
2715,ibo.org
2716,everythingpreschool.com
2717,teachingheart.net
2718,seslisozluk.net
2719,business.library.emory.edu
2720,auslchicago.org
2721,notmykid.org
2722,bus.umich.edu
2723,paracordcentral.orgthejump.net
2724,www2.ul.ie
2725,nomm.com
2726,yale.edu
2727,decisionsystems.com
2728,scilib.ucsd.edu
2729,learnosm.org
2730,klm-mra.be
2731,ecuip.lib.uchicago.edu
2732,faviki.com
2733,news.bbc.co.ukstardate.org
2734,wright.edu
2735,4teachers.org
2736,gabbitas.com
2737,portdiscovery.org
2738,thereligionnetwork.com
2739,pages.drexel.edu
2740,kathimitchell.com
2741,taxonomist.tripod.com
2742,weill.cornell.edu
2743,electronics.howstuffworks.com
2744,sarconsiderations.com
2745,dialog.com
2746,ucsd.edu
2747,cmom.org
2748,onb.ac.at
2749,fonar.com
2750,earlychildhoodeducator.com
2751,nga.gov
2752,ijea.org
2753,fishingcairns.com.au
2754,uci.edu
2755,nla.gov.au
2756,baseballhall.org
2757,turkeyinmaps.com
2758,collier-friends.org
2759,lib.washington.edu
2760,artic.edu
2761,thetimenow.com
2762,ps321.org
2763,graduates.comcolorado.edu
2764,moma.org
2765,uaeinteract.com
2766,happychild.org.uk
2767,civilwarmed.org
2768,web-site-scripts.com
2769,theranch.org
2770,m759.freeservers.com
2771,topbibleverses.com
2772,sonofthesouth.net
2773,graysofkilsyth.com
2774,fallbrooklibraryfriends.org
2775,cmnh.org
2776,niehs.nih.govntis.gov
2777,ncl.edu.tw
2778,nationalgallery.org.uk
2779,fishbase.org
2780,commercialsilk.com
2781,schoolbuddies.com
2782,ucblibraries.colorado.edu
2783,silvercloudinc.com
2784,newberry.org
2785,mind-mapping.org
2786,irishmuseums.org
2787,supporthclib.org
2788,quotes-motivational.com
2789,bartshealth.nhs.uk
2790,bmi.org.uk
2791,southampton.ac.ukquomon.com
2792,strafford.com
2793,50states.com
