1,google.com
2,youtube.com
3,facebook.com
4,baidu.com
5,yahoo.com
6,wikipedia.org
7,google.co.in
8,amazon.com
9,tmall.com
10,qq.com
11,google.co.jp
12,sohu.com
13,taobao.com
14,live.com
15,vk.com
16,twitter.com
17,instagram.com
18,linkedin.com
19,360.cn
20,yahoo.co.jp
21,sina.com.cn
22,google.de
23,reddit.com
24,jd.com
25,google.co.uk
26,ebay.com
27,google.fr
28,msn.com
29,bing.com
30,google.ru
31,weibo.com
32,netflix.com
33,wordpress.com
34,microsoft.com
35,tumblr.com
36,hao123.com
37,amazon.co.jp
38,google.com.br
39,yandex.ru
40,imdb.com
41,stackoverflow.com
42,google.it
43,apple.com
44,office.com
45,google.es
46,pinterest.com
47,onclkds.com
48,google.com.hk
49,t.co
50,aliexpress.com
51,service.tmall.com
52,adobe.com
53,ok.ru
54,github.com
55,google.com.tw
56,paypal.com
57,blogspot.com
58,google.ca
59,google.com.mx
60,pornhub.com
61,dropbox.com
62,whatsapp.com
63,popads.net
64,imgur.com
65,ask.com
66,amazon.co.uk
67,diply.com
68,bbc.co.uk
69,bbc.com
70,naver.com
71,mail.ru
72,detail.tmall.com
73,booking.com
74,nytimes.com
75,soundcloud.com
76,thepiratebay.org
77,onlinesbi.com
78,stackexchange.com
79,google.com.tr
80,soso.com
81,wikihow.com
82,cnet.com
83,livejasmin.com
84,theguardian.com
85,tianya.cn
86,google.com.au
87,spotify.com
88,espn.com
89,microsoftonline.com
90,indeed.com
91,google.co.id
92,alipay.com
93,washingtonpost.com
94,txxx.com
95,google.com.sg
96,twitch.tv
97,login.tmall.com
98,csdn.net
99,chase.com
100,nih.gov
101,walmart.com
102,wikia.com
103,w3schools.com
104,google.co.kr
105,pixnet.net
106,bongacams.com
107,xhamster.com
108,fc2.com
109,amazon.de
110,google.pl
111,googleusercontent.com
112,adf.ly
113,coccoc.com
114,amazon.in
115,gmw.cn
116,askcom.me
117,google.com.eg
118,google.co.th
119,google.com.sa
120,bestbuy.com
121,pages.tmall.com
122,salesforce.com
123,cnn.com
124,godaddy.com
125,google.com.pk
126,clicksgear.com
127,google.com.ar
128,alibaba.com
129,craigslist.org
130,blogger.com
131,ebay.de
132,bet365.com
133,dailymotion.com
134,blastingnews.com
135,savefrom.net
136,google.nl
137,rakuten.co.jp
138,xvideos.com
139,uptodown.com
140,china.com
141,porn555.com
142,so.com
143,vimeo.com
144,list.tmall.com
145,ettoday.net
146,ebay.co.uk
147,daum.net
148,youth.cn
149,google.co.ve
150,amazonaws.com
151,tribunnews.com
152,google.co.za
153,thewhizmarketing.com
154,xinhuanet.com
155,quora.com
156,flipkart.com
157,mediafire.com
158,detik.com
159,vice.com
160,avito.ru
161,rule.tmall.com
162,google.gr
163,steampowered.com
164,cctv.com
165,popcash.net
166,nicovideo.jp
167,dailymail.co.uk
168,adexchangeprediction.com
169,kinogo.club
170,deviantart.com
171,globo.com
172,cnzz.com
173,google.com.co
174,google.com.vn
175,google.com.ph
176,slideshare.net
177,chaturbate.com
178,google.be
179,theladbible.com
180,hclips.com
181,uol.com.br
182,chinadaily.com.cn
183,force.com
184,upornia.com
185,google.se
186,123movies.is
187,google.com.ua
188,google.ro
189,daikynguyenvn.com
190,varzesh3.com
191,reimageplus.com
192,livedoor.jp
193,roblox.com
194,9gag.com
195,zhihu.com
196,weather.com
197,doubleclick.net
198,google.az
199,redtube.com
200,doublepimp.com
201,buzzfeed.com
202,gfycat.com
203,amazon.fr
204,iwanttodeliver.com
205,softonic.com
206,ntd.tv
207,google.at
208,etsy.com
209,indiatimes.com
210,mercadolivre.com.br
211,outbrain.com
212,youm7.com
213,huffingtonpost.com
214,weebly.com
215,google.com.ng
216,myway.com
217,github.io
218,amazon.it
219,prestoris.com
220,fbcdn.net
221,ameblo.jp
222,google.com.pe
223,forbes.com
224,openload.co
225,google.ch
226,pinimg.com
227,google.cz
228,tistory.com
229,kinopoisk.ru
230,breitbart.com
231,china.com.cn
232,bp.blogspot.com
233,getmyads.com
234,bankofamerica.com
235,skype.com
236,39.net
237,rambler.ru
238,trello.com
239,slack.com
240,go2cloud.org
241,livejournal.com
242,foxnews.com
243,reddituploads.com
244,codeonclick.com
245,youporn.com
246,putlockers.ch
247,abs-cbn.com
248,peixun.tmall.com
249,rutracker.org
250,tokopedia.com
251,sabah.com.tr
252,google.co.ao
253,google.cl
254,twimg.com
255,google.dz
256,google.ae
257,spotscenered.info
258,wellsfargo.com
259,mozilla.org
260,thewhizproducts.com
261,wordpress.org
262,blogspot.in
263,wordreference.com
264,dingit.tv
265,allegro.pl
266,naver.jp
267,google.pt
268,huaban.com
269,terraclicks.com
270,aol.com
271,ikea.com
272,sogou.com
273,files.wordpress.com
274,google.no
275,liputan6.com
276,douyu.com
277,goo.ne.jp
278,youku.com
279,onclickpredictiv.com
280,steamcommunity.com
281,rarbg.to
282,rolloid.net
283,onedio.com
284,irctc.co.in
285,tripadvisor.com
286,mama.cn
287,google.hu
288,archive.org
289,zillow.com
290,giphy.com
291,thesaurus.com
292,babytree.com
293,yelp.com
294,web.de
295,sourceforge.net
296,mailchimp.com
297,amazon.es
298,huanqiu.com
299,yts.ag
300,chaoshi.tmall.com
301,leboncoin.fr
302,wikimedia.org
303,youtube-mp3.org
304,pulseonclick.com
305,rt.com
306,kompas.com
307,shutterstock.com
308,google.co.il
309,ebay-kleinanzeigen.de
310,hotstar.com
311,google.ie
312,wittyfeed.com
313,google.cn
314,xnxx.com
315,taringa.net
316,scribd.com
317,gmx.net
318,gearbest.com
319,goodreads.com
320,businessinsider.com
321,bukalapak.com
322,kaskus.co.id
323,ltn.com.tw
324,conservativetribune.com
325,k618.cn
326,mysagagame.com
327,zippyshare.com
328,kakaku.com
329,hatenablog.com
330,google.dk
331,ifeng.com
332,intuit.com
333,extratorrent.cc
334,sharepoint.com
335,espncricinfo.com
336,snapdeal.com
337,poptm.com
338,feedly.com
339,cloudfront.net
340,accuweather.com
341,freepik.com
342,subscene.com
343,4dsply.com
344,exoclick.com
345,taboola.com
346,dmm.co.jp
347,hp.com
348,themeforest.net
349,ouo.io
350,pandora.com
351,digikala.com
352,sberbank.ru
353,media.tumblr.com
354,wetransfer.com
355,evernote.com
356,orange.fr
357,google.fi
358,seasonvar.ru
359,oracle.com
360,go.com
361,kissanime.ru
362,adnetworkperformance.com
363,dictionary.com
364,caijing.com.cn
365,ensonhaber.com
366,enet.com.cn
367,ruten.com.tw
368,google.sk
369,onet.pl
370,wix.com
371,battle.net
372,asos.com
373,nametests.com
374,mixplugin.com
375,instructure.com
376,flickr.com
377,yesky.com
378,hatena.ne.jp
379,messenger.com
380,webtretho.com
381,newtabtv.com
382,bilibili.com
383,redirectvoluum.com
384,weblio.jp
385,icloud.com
386,fiverr.com
387,gamepedia.com
388,paytm.com
389,spankbang.com
390,speedtest.net
391,2ch.net
392,repubblica.it
393,zendesk.com
394,medium.com
395,qiita.com
396,hola.com
397,ndtv.com
398,samsung.com
399,gsmarena.com
400,hdfcbank.com
401,telegram.org
402,ebay.it
403,gismeteo.ru
404,amazon.ca
405,bitauto.com
406,telegraph.co.uk
407,free.fr
408,videodownloadconverter.com
409,lifebuzz.com
410,xfinity.com
411,4shared.com
412,err.tmall.com
413,blogspot.jp
414,ablogica.com
415,wp.pl
416,sciencedirect.com
417,spiegel.de
418,udemy.com
419,beeg.com
420,icicibank.com
421,haber7.com
422,kooora.com
423,hilltopads.net
424,naij.com
425,my-hit.org
426,mercadolibre.com.ar
427,americanexpress.com
428,mit.edu
429,teepr.com
430,usps.com
431,wixsite.com
432,researchgate.net
433,avg.com
434,nownews.com
435,seznam.cz
436,4chan.org
437,behance.net
438,ebay.com.au
439,dumedia.ru
440,weevah2.top
441,ku6.com
442,ups.com
443,elbalad.news
444,blog.jp
445,ci123.com
446,kapanlagi.com
447,onlinevideoconverter.com
448,jabong.com
449,capitalone.com
450,aparat.com
451,upwork.com
452,google.kz
453,discordapp.com
454,leagueoflegends.com
455,shopify.com
456,azlyrics.com
457,googlevideo.com
458,albawabhnews.com
459,biobiochile.cl
460,elpais.com
461,t-online.de
462,tube8.com
463,bloomberg.com
464,target.com
465,baike.com
466,blogfa.com
467,mediaoffermania.com
468,ab4hr.com
469,sh.st
470,vporn.com
471,homedepot.com
472,tradeadexchange.com
473,google.com.kw
474,taleo.net
475,perfecttoolmedia.com
476,thefreedictionary.com
477,airbnb.com
478,dell.com
479,directrev.com
480,eastday.com
481,gamefaqs.com
482,canva.com
483,independent.co.uk
484,blackboard.com
485,atlassian.net
486,ign.com
487,usatoday.com
488,marca.com
489,plusnetwork.com
490,163.com
491,hespress.com
492,blogspot.mx
493,patch.com
494,tutorialspoint.com
495,reference.com
496,shink.in
497,rediff.com
498,line.me
499,thekitchn.com
500,webmd.com
501,pikabu.ru
502,fmovies.se
503,cnblogs.com
504,vk.me
505,wsj.com
506,prezi.com
507,mercadolibre.com.mx
508,groupon.com
509,filehippo.com
510,neobux.com
511,google.bg
512,cricbuzz.com
513,box.com
514,ask.fm
515,rumble.com
516,billdesk.com
517,umblr.com
518,reuters.com
519,namu.wiki
520,lazada.co.id
521,duckduckgo.com
522,hurriyet.com.tr
523,zoho.com
524,yallakora.com
525,libero.it
526,olx.com.br
527,amazon.cn
528,goal.com
529,siteadvisor.com
530,sahibinden.com
531,friv.com
532,videoyoum7.com
533,oeeee.com
534,hotmovs.com
535,momoshop.com.tw
536,merdeka.com
537,list-manage.com
538,mega.nz
539,infusionsoft.com
540,hulu.com
541,rednet.cn
542,reverso.net
543,pixabay.com
544,ck101.com
545,ytimg.com
546,flirt4free.com
547,torrentz2.eu
548,fedex.com
549,gyazo.com
550,google.co.nz
551,citi.com
552,y8.com
553,addthis.com
554,pwwysydh.com
555,1688.com
556,hubspot.com
557,asana.com
558,thesportbible.com
559,java.com
560,providr.com
561,jpmorganchase.com
562,google.lk
563,westernjournalism.com
564,milliyet.com.tr
565,chatwork.com
566,chip.de
567,urbandictionary.com
568,pantip.com
569,myanimelist.net
570,blkget.com
571,google.rs
572,trackingclick.net
573,livescore.com
574,doorblog.jp
575,uploaded.net
576,clickadu.com
577,tabelog.com
578,nfl.com
579,lemonde.fr
580,bild.de
581,ouedkniss.com
582,nanoadexchange.com
583,playstation.com
584,ibm.com
585,drom.ru
586,gazetaexpress.com
587,streamcloud.eu
588,04dn8g4f.space
589,ultimate-guitar.com
590,sakura.ne.jp
591,yalla-shoot.com
592,xda-developers.com
593,shaparak.ir
594,secureserver.net
595,discover.wordpress.com
596,porn.com
597,wattpad.com
598,givemesport.com
599,elmundo.es
600,okezone.com
601,uidai.gov.in
602,att.com
603,rottentomatoes.com
604,forums.wordpress.com
605,innfrad.com
606,ria.ru
607,xe.com
608,viid.me
609,cdiscount.com
610,japanpost.jp
611,emol.com
612,gizmodo.com
613,asus.com
614,lenta.ru
615,livedoor.com
616,nba.com
617,disqus.com
618,sabq.org
619,ebay.in
620,pairade.com
621,instructables.com
622,banggood.com
623,lapatilla.com
624,nike.com
625,kickstarter.com
626,commentcamarche.net
627,bitly.com
628,douban.com
629,getpocket.com
630,google.com.do
631,adbooth.com
632,corriere.it
633,mi.com
634,mobile.de
635,clotraiam.website
636,4pda.ru
637,hdrezka.me
638,srvr.work
639,wiktionary.org
640,drive2.ru
641,dcinside.com
642,bola.net
643,torrentkim5.net
644,alwafd.org
645,expedia.com
646,mercadolibre.com.ve
647,meetup.com
648,wiley.com
649,gotporn.com
650,hootsuite.com
651,naukri.com
652,google.by
653,quizlet.com
654,extra.to
655,www.gov.uk
656,hdzog.com
657,about.com
658,genius.com
659,olx.pl
660,linkshrink.net
661,npr.org
662,cambridge.org
663,surveymonkey.com
664,techcrunch.com
665,subito.it
666,khanacademy.org
667,gamer.com.tw
668,urdupoint.com
669,goo.gl
670,vip.wordpress.com
671,howtogeek.com
672,buzzfil.net
673,manoramaonline.com
674,bhaskar.com
675,google.com.ly
676,wunderground.com
677,thevideo.me
678,watsons.tmall.com
679,drudgereport.com
680,nikkei.com
681,coursera.org
682,drtuber.com
683,lk21.tv
684,mashable.com
685,17ok.com
686,witchcraftcash.com
687,comcast.net
688,engadget.com
689,blog.me
690,jimdo.com
691,setn.com
692,impress.co.jp
693,aliyun.com
694,mirror.co.uk
695,google.hr
696,macys.com
697,eyny.com
698,lefigaro.fr
699,adp.com
700,adidas.tmall.com
701,olx.ua
702,amisites.com
703,prothom-alo.com
704,alxsite.com
705,convert2mp3.net
706,rapidgator.net
707,grammarly.com
708,dostor.org
709,kijiji.ca
710,ccm.net
711,glassdoor.com
712,tfetimes.com
713,fanfiction.net
714,time.com
715,seesaa.net
716,nikkeibp.co.jp
717,nudevista.com
718,bookmyshow.com
719,lenovo.com
720,newegg.com
721,yandex.ua
722,ebay.fr
723,youdao.com
724,souq.com
725,wish.com
726,inquirer.net
727,cpmofferconvert.com
728,zing.vn
729,buzzhand.com
730,yenisafak.com
731,dmm.com
732,shopclues.com
733,norton.com
734,investing.com
735,verizonwireless.com
736,office365.com
737,javedch.com
738,springer.com
739,youjizz.com
740,hm.com
741,adplxmd.com
742,popmyads.com
743,google.tn
744,ero-advertising.com
745,duolingo.com
746,viva.co.id
747,lifehacker.com
748,absoluteclickscom.com
749,timeanddate.com
750,hotels.com
751,as.com
752,animeflv.net
753,1337x.to
754,mmmoffice.com
755,uzone.id
756,allocine.fr
757,superuser.com
758,sosodesktop.com
759,op.gg
760,thepennyhoarder.com
761,php.net
762,adscpm.net
763,elevenia.co.id
764,elfagr.org
765,bitbucket.org
766,onclickads.net
767,support.wordpress.com
768,ca.gov
769,theverge.com
770,allrecipes.com
771,myntra.com
772,academia.edu
773,discogs.com
774,indianexpress.com
775,squarespace.com
776,fvpimageviewer.com
777,clothing-dropship.com
778,dafont.com
779,jw.org
780,redd.it
781,clixsense.com
782,europa.eu
783,kinokrad.co
784,blog.wordpress.com
785,epwk.com
786,discuss.com.hk
787,almasryalyoum.com
788,humblebundle.com
789,okcupid.com
790,chouftv.ma
791,adme.ru
792,tebyan.net
793,filmfanatic.com
794,merriam-webster.com
795,disq.us
796,vnexpress.net
797,aastocks.com
798,52pk.com
799,beytoote.com
800,rbc.ru
801,irs.gov
802,nordstrom.com
803,intel.com
804,uber.com
805,xl415.com
806,thewaycloud.com
807,liveadexchanger.com
808,nhk.or.jp
809,fidelity.com
810,prnt.sc
811,cnbc.com
812,pof.com
813,divar.ir
814,bodybuilding.com
815,sex.com
816,searchalgo.com
817,nbcnews.com
818,airtel.in
819,fanpage.gr
820,torrentproject.se
821,brilio.net
822,latimes.com
823,mangafox.me
824,yaplakal.com
825,olx.in
826,bintang.com
827,iqiyi.com
828,repelis.tv
829,myfreecams.com
830,makeuseof.com
831,twoo.com
832,104.com.tw
833,investopedia.com
834,optmz.online
835,wargaming.net
836,cisco.com
837,tnaflix.com
838,fbsbx.com
839,zytpirwai.net
840,google.com.ec
841,gmarket.co.kr
842,biblegateway.com
843,turbobit.net
844,slickdeals.net
845,andhrajyothy.com
846,sputniknews.com
847,inven.co.kr
848,51sole.com
849,appledaily.com.tw
850,sunfrog.com
851,cam4.com
852,clipconverter.cc
853,interia.pl
854,queryrouter.com
855,bandcamp.com
856,eksisozluk.com
857,buyma.com
858,realtor.com
859,informer.com
860,android.com
861,torrent9.biz
862,askubuntu.com
863,bhphotovideo.com
864,dict.cc
865,livedoor.biz
866,gogoanime.io
867,boredpanda.com
868,google.iq
869,gutefrage.net
870,jrj.com.cn
871,cbsnews.com
872,zhanqi.tv
873,meb.gov.tr
874,pbs.org
875,eventbrite.com
876,gigazine.net
877,mysearch.com
878,dream.co.id
879,photobucket.com
880,brightside.me
881,jeuxvideo.com
882,wowhead.com
883,itmedia.co.jp
884,voyeurhit.com
885,cookpad.com
886,issuu.com
887,ptt.cc
888,telegram.me
889,narod.ru
890,worldoftanks.ru
891,1tv.ru
892,kdnet.net
893,camdolls.com
894,blogimg.jp
895,chinaz.com
896,torrentwiz1.com
897,mediab.uy
898,deviantart.net
899,idnes.cz
900,sporx.com
901,elmogaz.com
902,intoday.in
903,ibtimes.co.uk
904,ted.com
905,g2a.com
906,chron.com
907,fishki.net
908,trulia.com
909,curapelanatureza.com.br
910,southwest.com
911,windows.com
912,ancestry.com
913,qoolquiz.com
914,suara.com
915,kayak.com
916,xing.com
917,leadzupc.com
918,gmanetwork.com
919,okta.com
920,unity3d.com
921,google.com.mm
922,autodesk.com
923,google.lt
924,cdstm.cn
925,binaryoptionscops.info
926,custhelp.com
927,abcnews.go.com
928,banvenez.com
929,pixiv.net
930,wonderlandads.com
931,ruliweb.com
932,xtube.com
933,tvbs.com.tw
934,3sk.tv
935,microsoftstore.com
936,patreon.com
937,altervista.org
938,bankmellat.ir
939,caixa.gov.br
940,world.tmall.com
941,webex.com
942,zara.com
943,ctitv.com.tw
944,americanas.com.br
945,politico.com
946,lazada.com.ph
947,internetdownloadmanager.com
948,cbc.ca
949,codecanyon.net
950,stanford.edu
951,crunchyroll.com
952,chinaso.com
953,nyaa.se
954,gamespot.com
955,tempo.co
956,mynavi.jp
957,asahi.com
958,udn.com
959,fatosdesconhecidos.com.br
960,onwatchseries.to
961,mangvieclam.com
962,junbi-tracker.com
963,hepsiburada.com
964,internethaber.com
965,sarkariresult.com
966,theodysseyonline.com
967,offerreality.com
968,freecharge.in
969,vetogate.com
970,labanquepostale.fr
971,iwank.tv
972,gazeta.pl
973,brazzers.com
974,reallifecam.com
975,google.com.et
976,sapo.pt
977,pole-emploi.fr
978,kissasian.com
979,lun.com
980,voc.com.cn
981,vjav.com
982,e-hentai.org
983,agoda.com
984,uptobox.com
985,liveleak.com
986,123rf.com
987,we-are-gamers.com
988,makemytrip.com
989,kinozal.tv
990,farsnews.com
991,vip.tmall.com
992,mobile01.com
993,answers.com
994,imagebam.com
995,ea.com
996,utorrent.com
997,hostgator.com
998,blogspot.de
999,welt.de
1000,harvard.edu
